{"run_id": "02:39:11-01/15/2025", "exp_name": "CMAES_popsize10", "model_name": "CNN_hidden_size_100_num_filters_32", "landscape_name": "TF_Binding", "rounds": 10, "sequences_batch_size": 1000, "model_queries_per_batch": 10000}
sequence,model_score,true_score,round,model_cost,measurement_cost
GCTCGAGC,,0.5502102832639261,0,0,1
GCTCGAGC,0.5502102832639261,0.5502102832639261,1,128,123
GCTCGAAC,0.43512246012687683,0.21334474085680122,1,128,123
GCTCGGGC,0.4059397280216217,0.21069558405145758,1,128,123
GCTCCAGC,0.40410760045051575,0.2950253576877087,1,128,123
GCTCTAGC,0.3970397710800171,0.3601100894734672,1,128,123
GCTCCAGA,0.38035646080970764,0.44579021152022436,1,128,123
GCTCGGCC,0.37672385573387146,0.19329567476188514,1,128,123
GCTCGCGC,0.3719601035118103,0.12242815321815857,1,128,123
GCCCGAGC,0.37168869376182556,0.21069558405145758,1,128,123
GATCGGGC,0.36040759086608887,0.7908196924091866,1,128,123
GCGCGAGC,0.3581341803073883,0.12242815321815857,1,128,123
GCTCGGCA,0.34741681814193726,0.45706716694841876,1,128,123
GCTGGTGC,0.34131819009780884,0.24921659176184388,1,128,123
GCGCGACC,0.33940011262893677,0.2700387580917825,1,128,123
GCGCGAGT,0.3376210629940033,0.3982393930647755,1,128,123
GCGCGAGG,0.33357980847358704,0.38677689358017564,1,128,123
GGTCGCCC,0.3301021456718445,0.4245144930524059,1,128,123
CCTGGGTC,0.32964298129081726,0.33369067744196595,1,128,123
GCGCAAGC,0.3291831910610199,0.16129963303508846,1,128,123
TGGAGGAG,0.3260718286037445,0.6310765678472766,1,128,123
GGGCGAGC,0.325350821018219,0.38070547973446583,1,128,123
GCTGGGTA,0.31596851348876953,0.6360244093514205,1,128,123
GCCCGGGC,0.31256920099258423,0.3792005112769555,1,128,123
GCTGGGCC,0.30804920196533203,0.199954644786212,1,128,123
GGGCGACC,0.30164849758148193,0.4245144930524059,1,128,123
GGCCGACA,0.3008113205432892,0.30194202779037643,1,128,123
GCGGAACC,0.29234498739242554,0.3240320785057519,1,128,123
GCGCGGGC,0.2917133867740631,0.21894198655836394,1,128,123
CGGCGACC,0.2914127707481384,0.3861996454046922,1,128,123
CGTGGGTC,0.2834145426750183,0.4179173710468808,1,128,123
GGGAGGCA,0.2819600999355316,0.39500268008081474,1,128,123
GCGGATCC,0.28107503056526184,0.7080258112398466,1,128,123
GCGCGGCC,0.2787350118160248,0.1859666845338721,1,128,123
GCGCGCGC,0.27862924337387085,0.33058796849874245,1,128,123
AGGCGTCC,0.27742478251457214,0.10465715581577538,1,128,123
GCGCGGGA,0.27611473202705383,0.31563105595184104,1,128,123
GGGCGTCC,0.2759615182876587,0.1705252958396899,1,128,123
TGGAGGCG,0.2758809030056,0.4107120768564714,1,128,123
GGGAGGCG,0.2731092572212219,0.4030429225250485,1,128,123
CGGGAGCC,0.2718783915042877,0.2138807570197501,1,128,123
GGGAGGTC,0.2701175808906555,0.2551230775574156,1,128,123
CGGGAGGC,0.265343576669693,0.25130911639797143,1,128,123
GGGCAACG,0.2649397850036621,0.24423782624829918,1,128,123
GCGCGGCG,0.26419714093208313,0.23295056281697107,1,128,123
AGGAGACC,0.2636169493198395,0.4755081845544881,1,128,123
CGGGAGCG,0.2620626986026764,0.3309487486084196,1,128,123
GAGGAGCC,0.2614315152168274,0.30239557992825633,1,128,123
CGGTGGAC,0.26017990708351135,0.27665649610357484,1,128,123
TGGAGGTC,0.2568991184234619,0.4009297818826537,1,128,123
GCGGGTCC,0.25673073530197144,0.3642745227394549,1,128,123
AAGGAGGG,0.2554493248462677,0.5497051911103781,1,128,123
CGTGGGAC,0.25450190901756287,0.17159732816558776,1,128,123
GCGCTGCC,0.2525292634963989,0.1177689358017565,1,128,123
GAGCAGGC,0.2507358193397522,0.24819609945161422,1,128,123
GTGGGTCC,0.2506817877292633,0.35973900136065645,1,128,123
GGGTGGGC,0.24952349066734314,0.2749247515771245,1,128,123
CGGTGGTC,0.24843350052833557,0.4729208757679462,1,128,123
GCGGGGGC,0.24836236238479614,0.3512555147816765,1,128,123
TGGAGGGC,0.24764320254325867,0.3630787943759535,1,128,123
TGGAGGCC,0.24700787663459778,0.16627839854863316,1,128,123
GGGCGGGC,0.24581851065158844,0.24613449882488764,1,128,123
GGGCGGCC,0.24409031867980957,0.20022265286768645,1,128,123
CGGGGATC,0.24383750557899475,0.8035810002886241,1,128,123
GCGGGGCG,0.24373368918895721,0.2728116109347297,1,128,123
CCGGGGGC,0.24341772496700287,0.22279717973034263,1,128,123
GGGGAGCC,0.2432394176721573,0.28569661485177095,1,128,123
GGGAGGCC,0.24031104147434235,0.3116933987547932,1,128,123
CTGGCGCC,0.23772135376930237,0.25315424895889166,1,128,123
CTGGGGCC,0.23542878031730652,0.37845833505133386,1,128,123
GAGCGGCC,0.2348099797964096,0.11438791077392489,1,128,123
TCGGGGTC,0.23365406692028046,0.3783552550199975,1,128,123
GGGCAGAG,0.23310112953186035,0.3884777140972251,1,128,123
GGGGGGAG,0.2329166680574417,0.4582422793056529,1,128,123
CCGGGGTC,0.2327115386724472,0.33233002102832643,1,128,123
CGGGAGTG,0.2326871007680893,0.5362738630272543,1,128,123
CGGGATTC,0.23189541697502136,0.5155341607223848,1,128,123
CGGCGGCC,0.23065364360809326,0.24931967179318024,1,128,123
CGGGGGCA,0.22625525295734406,0.21233455654970515,1,128,123
GCGGGGCC,0.2262224704027176,0.21968416278398548,1,128,123
CGGGGTCC,0.22567294538021088,0.2599162990145549,1,128,123
CCGGGGAC,0.22565487027168274,0.37561332618645116,1,128,123
CCGGAGTC,0.22535017132759094,0.2810683214447697,1,128,123
CGGGGTTC,0.22250747680664062,0.5534573042510205,1,128,123
TCGGAGTC,0.22207435965538025,0.5000515400156682,1,128,123
CGGGGGAG,0.22082217037677765,0.4792293736857296,1,128,123
TGGGGGTA,0.22012284398078918,0.8359584381313653,1,128,123
GGGGGTCC,0.21970300376415253,0.4160206984702923,1,128,123
GGGGGGCA,0.2190849930047989,0.43456479610769805,1,128,123
CGGGGTTG,0.21746884286403656,0.4219890322846658,1,128,123
TTGGGGCC,0.21633101999759674,0.1859048365150703,1,128,123
CGGGCGTC,0.21607792377471924,0.22006555889992988,1,128,123
TTGGGGGG,0.2159741371870041,0.4823423906320868,1,128,123
CTGGGGTG,0.21578317880630493,0.504494289366264,1,128,123
GGGGGGCG,0.21226957440376282,0.2719972786871727,1,128,123
TGGGGGAC,0.21220824122428894,0.38561208922607515,1,128,123
TGGGAGTC,0.21087387204170227,0.4745186162536593,1,128,123
CGGGGGGC,0.2081073522567749,0.32449593864676535,1,128,123
TAGCGGCC,0.20774021744728088,0.3697377644002804,1,128,123
CGGGAGTC,0.2073224037885666,0.49525831855852886,1,128,123
TTGGGGGC,0.2068144977092743,0.2754813837463406,1,128,123
TGGGGGTG,0.20507368445396423,0.5411392405063292,1,128,123
CGGGGGCG,0.204860657453537,0.35358512348987753,1,128,123
TCGGGGCC,0.20485353469848633,0.34233909207108404,1,128,123
TGAGGGGC,0.20409798622131348,0.34567888508638106,1,128,123
GGGGGGGC,0.2004021853208542,0.43119407908300006,1,128,123
GGGCAGTC,0.20025454461574554,0.17618438956005444,1,128,123
GGGGGGTC,0.19928820431232452,0.5142250443244134,1,128,123
CGGGGGCC,0.1975494772195816,0.26433843235888344,1,128,123
CGGGGGTG,0.19660404324531555,0.5568074052694513,1,128,123
AGGGGGCC,0.1964874267578125,0.1436832556797097,1,128,123
TGGGGGTT,0.1937274932861328,0.4824660866696904,1,128,123
GGGGGGCC,0.1909255087375641,0.2801406011627427,1,128,123
AAGGGGCC,0.19077859818935394,0.26541046468478124,1,128,123
GAGGGGCC,0.19039344787597656,0.21142745227394552,1,128,123
TAGGGGCC,0.18989475071430206,0.3494206902238898,1,128,123
CTGGGGTC,0.18844306468963623,0.5078546983878284,1,128,123
TGGGGGCC,0.18805773556232452,0.15296045849997936,1,128,123
TGGGGGGC,0.18755924701690674,0.3472353935595596,1,128,123
CGGGGGAC,0.18610674142837524,0.35522409598812515,1,128,123
TGGGGGTC,0.1833752691745758,0.5827938811693398,1,128,123
TTGGGGTC,0.1806207150220871,0.5724549540263061,1,128,123
CGGGGGTC,0.17880797386169434,0.36377973858904056,1,128,123
TGGGGGTA,0.8359584381313653,0.8359584381313653,2,258,245
CGGGAGTG,0.5362738630272543,0.5362738630272543,2,258,245
TGGGATTA,0.4851236641407013,0.704727250237084,2,258,245
GGGGGATG,0.4715684950351715,0.6082752649156805,2,258,245
TGGGAGTG,0.4676077365875244,0.4076402919226487,2,258,245
TTGGGGTA,0.4649057388305664,0.6376530738465345,2,258,245
TGAGGATA,0.4534170627593994,0.8734383375252546,2,258,245
TGGTGGTG,0.45079749822616577,0.4325238114872387,2,258,245
CGGGAGTA,0.44269734621047974,0.6156867191687626,2,258,245
GGGGGGTG,0.4371817111968994,0.4731785758462871,2,258,245
GGGGTGTA,0.428499311208725,0.8018183317527728,2,258,245
TGGGGACA,0.4277054965496063,0.37385065765059994,2,258,245
AGAGGATT,0.41908949613571167,0.5925967921494248,2,258,245
TGGTGTCA,0.3856562376022339,0.9348121881829052,2,258,245
TGGCGGAG,0.37855619192123413,0.3941883478332578,2,258,245
TGGCGGTA,0.37317776679992676,0.4606337360326557,2,258,245
TGGGGGCG,0.3649599254131317,0.2969529542736981,2,258,245
TGGGTGCG,0.36061912775039673,0.30256050797839446,2,258,245
TGGCGATG,0.3585251569747925,0.43670886075949367,2,258,245
TGGCGGTG,0.34675711393356323,0.4189894033727786,2,258,245
GGGTGACG,0.344322144985199,0.24558817465880511,2,258,245
GGCTCGGT,0.33994290232658386,0.39354925163897253,2,258,245
TAGGTGCG,0.33532339334487915,0.46998309487486084,2,258,245
TAGGGTCG,0.33391135931015015,0.4826310147198285,2,258,245
GTGGGGCG,0.3287336230278015,0.3630272543602853,2,258,245
TGGCGTTG,0.32732605934143066,0.4373479569537789,2,258,245
GGGCGAGG,0.32561320066452026,0.3959200923597081,2,258,245
TGGCTATA,0.32349926233291626,0.7221683915391911,2,258,245
TGGCGTTT,0.3227046728134155,0.22314765183688617,2,258,245
GGGCTTCG,0.32256990671157837,0.3024471199439245,2,258,245
GGGCATCA,0.3201135993003845,0.5480146785964624,2,258,245
TGGCCGTG,0.3188604712486267,0.231239434296788,2,258,245
GGGCGGTT,0.31140846014022827,0.3365666103162495,2,258,245
GGGCGGTG,0.3075600862503052,0.636374881457964,2,258,245
TGGCGCTG,0.30663633346557617,0.21264379664371416,2,258,245
GGGCTGTG,0.3045610189437866,0.20492310229662314,2,258,245
TGGCTGCG,0.29676613211631775,0.19073928998474415,2,258,245
GGGCGACG,0.2893492579460144,0.3148476477136849,2,258,245
TGGCGTCA,0.2880367636680603,0.34691584546241705,2,258,245
GGGCTACG,0.2871318459510803,0.38885911021316955,2,258,245
GGGCGGGG,0.28558242321014404,0.5153692326722467,2,258,245
TGGCGGCA,0.2844298481941223,0.20250072156021937,2,258,245
TGGCGACG,0.28280654549598694,0.15464066301076154,2,258,245
GGGCCGTG,0.2818272113800049,0.37027378056322935,2,258,245
GGGCCATG,0.2783317565917969,0.2965715581577537,2,258,245
TGGCCGGG,0.2770736515522003,0.47410629612831406,2,258,245
GAGCTGCG,0.27625513076782227,0.4422648744485218,2,258,245
GGGCTGCG,0.27536267042160034,0.31668247227147156,2,258,245
TGGCGTCG,0.2742253243923187,0.2014183812311879,2,258,245
GAGGCACG,0.2730514705181122,0.32035212138704483,2,258,245
GGGGGGCG,0.2719972786871727,0.2719972786871727,2,258,245
GCCATGCT,0.27086305618286133,0.2500206160062673,2,258,245
GAGCTACG,0.2707236111164093,0.5433966931925946,2,258,245
TGGCGGCG,0.2666369378566742,0.2559786418175071,2,258,245
GCTCCTCG,0.26438429951667786,0.24409351420442835,2,258,245
GAGTCGCG,0.26369649171829224,0.3267018513173628,2,258,245
GCCTCGCG,0.26298022270202637,0.10647136436729476,2,258,245
GGGCCTTG,0.26223716139793396,0.18299797963138578,2,258,245
GCGCCGTG,0.25967416167259216,0.3558631921824104,2,258,245
GACGCGCT,0.2569510042667389,0.30329237620088234,2,258,245
GACCAGCT,0.2567717134952545,0.22552880056075536,2,258,245
GGGCGTCG,0.2556540071964264,0.30743619346060286,2,258,245
GCCTCGCT,0.255134254693985,0.3857976332824805,2,258,245
TTGCCATG,0.2522154748439789,0.24094957324867028,2,258,245
GCCGGGCT,0.2509247064590454,0.20269657361975837,2,258,245
GCCGCGGT,0.24776305258274078,0.22196223147651833,2,258,245
GGTCCGCG,0.2470097690820694,0.3023234239063209,2,258,245
GGGCCGGG,0.24630767107009888,0.3148991877293531,2,258,245
GGGCGGCA,0.24497494101524353,0.3385766709273079,2,258,245
GTGCCGTG,0.2434416264295578,0.3673256916670103,2,258,245
GCCACGCT,0.2415209859609604,0.154516966973158,2,258,245
GGCCCGTT,0.23830391466617584,0.2285696614851771,2,258,245
GATCCGCG,0.23597924411296844,0.8108275264915681,2,258,245
GCTCCGCG,0.23559629917144775,0.2338885911021317,2,258,245
GCCGCGCA,0.2343006432056427,0.18907970148022923,2,258,245
GCCACGCG,0.23403199017047882,0.2934688492145301,2,258,245
GGGCGGCG,0.23397904634475708,0.3016843277120356,2,258,245
GGGCCACG,0.23363332450389862,0.1109038057147569,2,258,245
GGCGCGCG,0.2333506941795349,0.28626355502412076,2,258,245
GGACCGCG,0.23249411582946777,0.23478538737475774,2,258,245
GTGCCGCG,0.23181232810020447,0.21153053230528182,2,258,245
TGGCCGCG,0.23117874562740326,0.2577103863439575,2,258,245
GTGCCACG,0.22847804427146912,0.3327320331505381,2,258,245
GGGCCGCA,0.22663429379463196,0.3362882942316414,2,258,245
GAGCGGCG,0.22659467160701752,0.2884282356821837,2,258,245
GACCCTCG,0.22519579529762268,0.32122830165340366,2,258,245
GCCCCGTT,0.22492405772209167,0.39652826454459245,2,258,245
GCCCCGGG,0.22415462136268616,0.39215767121593204,2,258,245
GCCCCTTT,0.2227567583322525,0.29997319919185256,2,258,245
GAGCCTCG,0.22168825566768646,0.43614192058714385,2,258,245
GCCCCTCG,0.22123146057128906,0.29331422916752564,2,258,245
GAGCCTTG,0.21818363666534424,0.2809137013977652,2,258,245
GAGCCACG,0.21768951416015625,0.3553581000288624,2,258,245
GCCCGGCT,0.21745064854621887,0.21974601080278727,2,258,245
GCCCCGAT,0.2174062728881836,0.610790417680287,2,258,245
GCCCGGCG,0.2164657562971115,0.24016616501051413,2,258,245
GCCGCGCT,0.21636439859867096,0.2630911639797138,2,258,245
GCCCCTCT,0.21633395552635193,0.3694285243062714,2,258,245
GAACCGCG,0.2152276635169983,0.4619840844431617,2,258,245
GGGCCGCT,0.2150360643863678,0.3413804477796561,2,258,245
GAACCGCT,0.21264506876468658,0.21584958561827405,2,258,245
GCCCTGCT,0.21253027021884918,0.27335793510081224,2,258,245
GAGCCGGG,0.2124139815568924,0.32754710757432076,2,258,245
GGGCCGCG,0.21208563446998596,0.2508040242444234,2,258,245
GCACCGCT,0.2115306705236435,0.2501855440564054,2,258,245
GGCCCTCG,0.21047431230545044,0.4109800849379458,2,258,245
GCCGCGCG,0.20990091562271118,0.28662433513379787,2,258,245
GCAGCGCT,0.20805993676185608,0.2730899270193378,2,258,245
GACCCGGG,0.20742926001548767,0.5074629942687503,2,258,245
GGCCCGCG,0.205447256565094,0.20519111037809756,2,258,245
GGCCCGCT,0.2048647403717041,0.23691914402341976,2,258,245
GCACCGCA,0.2048402726650238,0.43858491732981486,2,258,245
GAGCCGCG,0.20261959731578827,0.4958355667340123,2,258,245
GCGCCTCG,0.2005675733089447,0.28783037150043295,2,258,245
GACCCGCT,0.19849349558353424,0.26243145177916133,2,258,245
GCCCTGCG,0.19706448912620544,0.45231517750381395,2,258,245
GCGCCGCG,0.19124823808670044,0.4076402919226487,2,258,245
GACCCGCG,0.1904459446668625,0.27352286315095037,2,258,245
GACCCGCA,0.18784841895103455,0.48613573578526365,2,258,245
GCCCCGCG,0.18319720029830933,0.19669731579598398,2,258,245
GCCCCGCA,0.1760932207107544,0.1896569496557127,2,258,245
GCCCCGCT,0.17112720012664795,0.3446480847730178,2,258,245
TGGTGTCA,0.9348121881829052,0.9348121881829052,3,369,360
TGGGGAAC,0.5375037789344788,0.25107203232589786,3,369,360
TGGTTTCA,0.528564453125,0.7141693811074918,3,369,360
TGGAGTCA,0.5154310464859009,0.5248732115614564,3,369,360
TGGTATCA,0.511755645275116,0.9544077021399414,3,369,360
TGGATCCA,0.5072226524353027,0.8440089885787324,3,369,360
TGGTTCGA,0.5052865147590637,0.2990557869129592,3,369,360
TAGTTGGA,0.4976225793361664,0.5834845173792932,3,369,360
TGGGGGAG,0.497439980506897,0.3592957572259102,3,369,360
TTGATCGA,0.48941412568092346,0.39609532841297984,3,369,360
CGGTATCA,0.48304495215415955,0.9879293283305158,3,369,360
CGGTGTCA,0.47410276532173157,0.9133818496680823,3,369,360
TGGGGGGA,0.4688088595867157,0.5653424318640993,3,369,360
TTGATCCA,0.4641171991825104,0.8986104811775862,3,369,360
TGGTTCCA,0.4634705185890198,0.30486950068032825,3,369,360
TGGGGTCA,0.456561803817749,0.6291386632581536,3,369,360
TTGTGTGA,0.4533224105834961,0.5913289077639879,3,369,360
TGGTGCGA,0.4444897472858429,0.3821279841669072,3,369,360
TAGTGTCA,0.43896999955177307,0.7477219313074671,3,369,360
TGGTGCTT,0.43646445870399475,0.46072650806085846,3,369,360
TGTTGACG,0.4287942349910736,0.3384323588834371,3,369,360
TGGGGGGG,0.42877474427223206,0.6048736238815816,3,369,360
TGCTATCA,0.4268275201320648,0.8901063785923391,3,369,360
TTGGGGAC,0.42464110255241394,0.3740052776976044,3,369,360
TGGTACCA,0.4129449725151062,0.19609945161423326,3,369,360
TCGTTGCA,0.4111681878566742,0.3252278068692533,3,369,360
TGGTGGCA,0.41113194823265076,0.2390425926689482,3,369,360
TAGGGGAC,0.390084445476532,0.44075990599101145,3,369,360
TGGGGGAC,0.38561208922607515,0.38561208922607515,3,369,360
TTGGGGCA,0.38123437762260437,0.4800746299426875,3,369,360
CTGGGGCC,0.37845833505133386,0.37845833505133386,3,369,360
TTGCTCCT,0.377475768327713,0.34890529006720816,3,369,360
TGTGGACC,0.3739188611507416,0.4125365934111244,3,369,360
TGGTGCCA,0.3731669783592224,0.2836247062219107,3,369,360
CGGTGCCA,0.37251734733581543,0.2944481095122253,3,369,360
TGGCTCCA,0.37159645557403564,0.25464890941326845,3,369,360
TAGGGACC,0.37009376287460327,0.5171112852018307,3,369,360
TGGGGGCA,0.36510536074638367,0.2577206943470911,3,369,360
GGTGGGCA,0.36492812633514404,0.34561703706757924,3,369,360
TGGGGACC,0.36273708939552307,0.20935554364408526,3,369,360
TGGAGCCA,0.36198511719703674,0.25464890941326845,3,369,360
TTGCGGGA,0.36185944080352783,0.4016101100894735,3,369,360
CTTCTCCA,0.35920390486717224,0.48589865171319013,3,369,360
TAGGGGCA,0.3582727313041687,0.5783202078093431,3,369,360
TTGGGCCA,0.35456737875938416,0.24585618274027957,3,369,360
TAGGGGCC,0.3494206902238898,0.3494206902238898,3,369,360
TGGGGGGC,0.3472353935595596,0.3472353935595596,3,369,360
TGGCTCCC,0.3470706343650818,0.21937492268997652,3,369,360
TTGGGGCT,0.3457454442977905,0.29764359048365147,3,369,360
TGTGGGAC,0.34457927942276,0.410103904671587,3,369,360
TCGTGGCA,0.3441748023033142,0.31354883931884714,3,369,360
TGCGGGAC,0.3436862528324127,0.3590689811569703,3,369,360
TGGTGGCT,0.34286871552467346,0.37411866573207436,3,369,360
TCGGGGCC,0.34233909207108404,0.34233909207108404,3,369,360
CTGGGCCA,0.3399847149848938,0.3601616294891354,3,369,360
TTGCTGCC,0.32553189992904663,0.1784727662557209,3,369,360
TGGTGCCT,0.3242899775505066,0.4546963262276832,3,369,360
CTTCGGCT,0.3226862847805023,0.5193687378880963,3,369,360
TTGTGCGA,0.31968894600868225,0.4708386591349524,3,369,360
TCGTGCCA,0.314520925283432,0.26200882365068234,3,369,360
TGGTGCCC,0.31386539340019226,0.2765431080691048,3,369,360
TTTCGGCA,0.3119986355304718,0.32196016987589166,3,369,360
GGGAGCCG,0.30947983264923096,0.31153877870778873,3,369,360
TGTCGCCC,0.30901777744293213,0.277130664247722,3,369,360
CTGCGCCT,0.3068486750125885,0.2225085556426009,3,369,360
CTTCGCCA,0.3059163987636566,0.21484970931431163,3,369,360
TGGGGGCT,0.3054156005382538,0.1817404032490826,3,369,360
TTTTGGCA,0.3035363554954529,0.34574073310518283,3,369,360
TTTCGCCC,0.3018856346607208,0.4136292417432895,3,369,360
TGGTGGCC,0.30043554306030273,0.2409598812518039,3,369,360
TGGGGGCG,0.2969529542736981,0.2969529542736981,3,369,360
TGTCGGCC,0.2952737808227539,0.30194202779037643,3,369,360
CTGCGCCC,0.29300007224082947,0.19039912588133426,3,369,360
TGAGGGCC,0.2916429936885834,0.25045355213787984,3,369,360
TAGTGCCA,0.29127487540245056,0.34535933698923843,3,369,360
TTGGGCCC,0.2870950400829315,0.31590937203644914,3,369,360
TTTCGGCC,0.2858200967311859,0.36756277573908386,3,369,360
TGTGGGCC,0.28355392813682556,0.22846658145384077,3,369,360
TCGGGGCG,0.28263479471206665,0.4206799158866944,3,369,360
CTTGGGCC,0.28248801827430725,0.26567847276625567,3,369,360
TTCGGGCC,0.2805241048336029,0.16606193048282689,3,369,360
TGGCGGCT,0.28025755286216736,0.316332000164928,3,369,360
TTGCGGCA,0.28016185760498047,0.4440996990063085,3,369,360
GGGGGGCC,0.2801406011627427,0.2801406011627427,3,369,360
TTTTGCCA,0.27779677510261536,0.3498227023461015,3,369,360
TGTAGCCT,0.2774800658226013,0.3054158248464108,3,369,360
TTGCGCCC,0.277120977640152,0.1643817259720447,3,369,360
TTGCGCCA,0.27564316987991333,0.21821011833587597,3,369,360
TTTGGGCC,0.27536630630493164,0.2629777759452439,3,369,360
GTGGGGCC,0.2734968960285187,0.12406712571640624,3,369,360
CGGCGCGT,0.27208223938941956,0.34715292953449056,3,369,360
TTTGGCCC,0.27072829008102417,0.29281944501711127,3,369,360
TGGCGCGG,0.26517242193222046,0.22031295097513706,3,369,360
TGGCGGGC,0.2649191617965698,0.3366181503319177,3,369,360
TCTCGCCT,0.26489555835723877,0.2097678637694306,3,369,360
CGGGGGCC,0.26433843235888344,0.26433843235888344,3,369,360
TGGCGCCA,0.25648683309555054,0.13857048612542777,3,369,360
TGGCGGCG,0.2559786418175071,0.2559786418175071,3,369,360
TTGTGCCA,0.2539799213409424,0.1535583226817301,3,369,360
TTGTGCCT,0.2518433928489685,0.5151630726095741,3,369,360
CGGCGGCC,0.24931967179318024,0.24931967179318024,3,369,360
TCGCGGCA,0.24699153006076813,0.35636828433595846,3,369,360
TTGTGCCC,0.24629588425159454,0.4245660330680741,3,369,360
TAGCGCCC,0.24595822393894196,0.3369686224384612,3,369,360
TCGCGCCA,0.2449789047241211,0.3049931967179318,3,369,360
TGCGGGCC,0.24357613921165466,0.3103842823568218,3,369,360
CTGCGGCC,0.24139274656772614,0.3282377437842741,3,369,360
TGGCGCCC,0.24103903770446777,0.18712118088483895,3,369,360
TGCCGGCC,0.23553620278835297,0.44340906279635506,3,369,360
TGGGGCCC,0.22891345620155334,0.1916257782542366,3,369,360
TGGCGGCC,0.21998266875743866,0.17349400074217625,3,369,360
TTGCGGCC,0.2198675125837326,0.45446955015874324,3,369,360
TGGCGGCA,0.20250072156021937,0.20250072156021937,3,369,360
TTGGGGCC,0.1859048365150703,0.1859048365150703,3,369,360
TGGGGGCC,0.15296045849997936,0.15296045849997936,3,369,360
CGGTATCA,0.9879293283305158,0.9879293283305158,4,480,469
CGGTATGA,0.8749731779098511,0.6342514328124356,4,480,469
CGGTTTCA,0.8114053010940552,0.6026058631921825,4,480,469
TTGTATCA,0.7745991945266724,0.9273491939141549,4,480,469
CGGTCTGA,0.7141599655151367,0.48550694759411206,4,480,469
CGGGATCA,0.7071256041526794,0.882973240423865,4,480,469
CCGTATCG,0.670475423336029,0.9279985981115738,4,480,469
CGATAACA,0.5818319916725159,0.748845503649033,4,480,469
CGGTACGA,0.4758782982826233,0.4746010802787284,4,480,469
CGGTTCCA,0.4546014070510864,0.28485135859481303,4,480,469
CGTAGTCA,0.4474699795246124,0.4088669442955511,4,480,469
CGCATCCA,0.4421694576740265,0.4486558363913743,4,480,469
TGGAACCA,0.438831090927124,0.30486950068032825,4,480,469
CGGTACCA,0.4167553782463074,0.28534614274522735,4,480,469
CGTTTCCA,0.411077082157135,0.41589700243268873,4,480,469
CGGTCCCA,0.40496936440467834,0.2897888920958232,4,480,469
TGCTCCGA,0.39354443550109863,0.29803529460272954,4,480,469
CTGTACCA,0.39001649618148804,0.5286562487114996,4,480,469
CGTTTCGG,0.3820045590400696,0.38061270770626315,4,480,469
CGCTCCGA,0.3772684633731842,0.4219168762627304,4,480,469
CGTCTCCA,0.36060258746147156,0.4506143569867645,4,480,469
AGGCCCGA,0.35664868354797363,0.3724281532181586,4,480,469
CGACATCT,0.35127103328704834,0.3009524594895477,4,480,469
CGCGGTCG,0.34400662779808044,0.14233290726920378,4,480,469
CCGTCCCA,0.3436458110809326,0.29789098255885865,4,480,469
TGCAACCA,0.34236329793930054,0.2672762132519688,4,480,469
CGGGACCA,0.33604833483695984,0.07407331051828638,4,480,469
CCCCGTCA,0.3226417303085327,0.2739970312950975,4,480,469
CTCCGCCT,0.3224019706249237,0.4244732610398714,4,480,469
CCCGGTCT,0.3218456208705902,0.5347173545540758,4,480,469
CTCTACCA,0.3213268518447876,0.37570609821465384,4,480,469
CGTTGCCA,0.3160434663295746,0.40437265492928715,4,480,469
CGCCGTCA,0.31272631883621216,0.2445986063579763,4,480,469
GCCCGTCT,0.31100305914878845,0.4528099616542284,4,480,469
CGTTGCCT,0.30985429883003235,0.34360697645652083,4,480,469
CCCCGTGT,0.30847886204719543,0.36511977899641285,4,480,469
GGTGCCCA,0.3023657500743866,0.33243310105966273,4,480,469
CCCCGTCT,0.3017663061618805,0.3577186327464643,4,480,469
CGCCACCA,0.2995794415473938,0.2827588339586855,4,480,469
GCCCGCGT,0.2975130081176758,0.46727209005071535,4,480,469
CCTTGCCA,0.29531824588775635,0.4242052529583969,4,480,469
CGGTGCCA,0.2944481095122253,0.2944481095122253,4,480,469
CCGCCCCA,0.29317545890808105,0.5936482084690554,4,480,469
CTGCCTCA,0.29160186648368835,0.48365150703005816,4,480,469
CGGCACCA,0.2881529927253723,0.5296148930029274,4,480,469
CCATGCCT,0.28257912397384644,0.3450604048983631,4,480,469
CGCGTCCA,0.2819606065750122,0.43476064816723703,4,480,469
TCCCGCAT,0.2805761396884918,0.6410031748649652,4,480,469
CGGGCCCA,0.277528315782547,0.24249577371871522,4,480,469
CCCTGCCT,0.27645182609558105,0.6195006803282068,4,480,469
TGCCCCCA,0.2747708857059479,0.2577206943470911,4,480,469
CGCTGCCA,0.2713174521923065,0.2999422751824517,4,480,469
TGCTGCCA,0.2710544168949127,0.37332494949078465,4,480,469
CGTCCCCA,0.27028265595436096,0.24972168391539193,4,480,469
GCCCTCCT,0.26928767561912537,0.4388735414175566,4,480,469
CGAGACCG,0.26926755905151367,0.44233703047045725,4,480,469
TGTCACCA,0.26915380358695984,0.591102131695048,4,480,469
CGCCTCCT,0.26762497425079346,0.22325073186822247,4,480,469
AACCGCCT,0.26732581853866577,0.3745928338762215,4,480,469
CCTTGCCT,0.26577815413475037,0.3346080897208593,4,480,469
CCTGACCT,0.26493337750434875,0.383509256586814,4,480,469
CGCCCCCA,0.26310667395591736,0.2969529542736981,4,480,469
CGTCGCCA,0.26041051745414734,0.15464066301076154,4,480,469
CGCGGCAA,0.2602200210094452,0.28257328990228014,4,480,469
CCCCTCCT,0.2586043179035187,0.399909289572424,4,480,469
CCCGGCAT,0.2583928406238556,0.39073516678349074,4,480,469
CCCCGCGT,0.25523242354393005,0.3276604956087907,4,480,469
CGACGCCA,0.2550520598888397,0.2014183812311879,4,480,469
CACCGCCT,0.2534293234348297,0.36750092772028203,4,480,469
CGTAGCCA,0.2524280548095703,0.4717869954232466,4,480,469
TGCGGCCT,0.25057169795036316,0.37724199068156516,4,480,469
GCCCACCT,0.2503228187561035,0.19266688657073355,4,480,469
CACGGCCT,0.24953968822956085,0.3658722632251681,4,480,469
CCCTGCCA,0.2492142617702484,0.25682389807446504,4,480,469
AGAGGCCA,0.24730908870697021,0.21556096153053228,4,480,469
CCCCGCCG,0.2466084510087967,0.5558487609780233,4,480,469
CCCCGCCA,0.24580441415309906,0.614047746670515,4,480,469
CGAGGCCA,0.24481801688671112,0.34479239681688867,4,480,469
ACCCGCCT,0.24416694045066833,0.30177709974023836,4,480,469
CCTCGCCT,0.24346321821212769,0.55206572382798,4,480,469
CCACGCAT,0.2433880716562271,0.3271038634395745,4,480,469
CCCCGCAT,0.24084991216659546,0.3548736238815816,4,480,469
CCACGCCG,0.2408498227596283,0.11406836267678223,4,480,469
CGCCGCCA,0.23789986968040466,0.2559786418175071,4,480,469
CGTGCCCA,0.23655538260936737,0.3739846616913372,4,480,469
CGCAGCCA,0.2363143116235733,0.19073928998474415,4,480,469
TGCGGCCA,0.23614811897277832,0.17250443244134747,4,480,469
CCAGGCCT,0.23599886894226074,0.23133220632499074,4,480,469
CCCCACCT,0.23383492231369019,0.4179276790500145,4,480,469
CGCCGCAT,0.23334726691246033,0.3190739289984745,4,480,469
GCCCGCCT,0.23329943418502808,0.3097348781594029,4,480,469
TCCCGCCT,0.23140613734722137,0.41753597493093636,4,480,469
CGGGGCCT,0.22924713790416718,0.3357832020780934,4,480,469
CGTGGCCA,0.2289300262928009,0.4376881210571888,4,480,469
CGCGGCCA,0.2278163731098175,0.2577103863439575,4,480,469
CCGCGCCG,0.22576452791690826,0.34073104358223727,4,480,469
CCCGGCCA,0.22548681497573853,0.47410629612831406,4,480,469
CCGGGCCT,0.22510802745819092,0.18720364490990804,4,480,469
CCGCGCCT,0.22376593947410583,0.3537294355337484,4,480,469
TCGCGCCT,0.2223147749900818,0.4308539149795902,4,480,469
CGCCGCCT,0.22204646468162537,0.4382859852389395,4,480,469
CGCGGCCT,0.22198736667633057,0.20261410959468934,4,480,469
CCCCCCCT,0.21927893161773682,0.4299261946975632,4,480,469
CCACGCCT,0.2166113406419754,0.2848101265822785,4,480,469
CCCGGCCG,0.21624360978603363,0.26176143157547516,4,480,469
CCCGGCCT,0.21573476493358612,0.24548509462746876,4,480,469
CCCCGCCT,0.21158374845981598,0.4345235640951635,4,480,469
CGTGGCCG,0.20771029591560364,0.19389353894363584,4,480,469
CGCGGCCG,0.19128383696079254,0.21290149672205502,4,480,469
CGGTATCA,0.9879293283305158,0.9879293283305158,5,559,567
GGGTATCA,0.9724004864692688,0.9973714592009236,5,559,567
TGGTATCA,0.9544077021399414,0.9544077021399414,5,559,567
CGGTATAA,0.9050078392028809,0.8270110914113719,5,559,567
TGGATCCA,0.8440089885787324,0.8440089885787324,5,559,567
GGGTATTA,0.8074244856834412,0.8883334020533543,5,559,567
TGGAAATA,0.7897308468818665,0.5854739619840845,5,559,567
CGGTCTCA,0.7665772438049316,0.595709809095782,5,559,567
CGGTATTA,0.765770673751831,0.8384735908959717,5,559,567
CGGATCCA,0.7509316205978394,0.883931884715293,5,559,567
TGGGATCA,0.7353662848472595,0.8842308168061683,5,559,567
CAGTCTCA,0.721119225025177,0.49756731126046266,5,559,567
CACGATCA,0.7195598483085632,0.7311672782748525,5,559,567
CGTAATCA,0.6802148818969727,0.5502308992701934,5,559,567
CGGATCCC,0.6051162481307983,0.7736053271760195,5,559,567
TAGTAACA,0.5848467946052551,0.3901682266111409,5,559,567
AAATATGC,0.5770341753959656,0.6891930895146992,5,559,567
TGATCCCC,0.5731614232063293,0.9487073764070424,5,559,567
CGGAATCC,0.5652709007263184,0.4769822290025976,5,559,567
CGGTAACA,0.5604546666145325,0.3730878654187111,5,559,567
CGGCATCA,0.5583406686782837,0.5059477178081062,5,559,567
AGGTAACA,0.5563774108886719,0.541592792644209,5,559,567
TGGAAACA,0.5353336930274963,0.29206696078835614,5,559,567
TGGCATCA,0.5308271646499634,0.6101822454954026,5,559,567
CGGCACCA,0.5296148930029274,0.5296148930029274,5,559,567
CGGAAACA,0.5204623937606812,0.4853214035377067,5,559,567
TGGTAACA,0.5045498013496399,0.36938729229373685,5,559,567
AGGTGCCT,0.4920112192630768,0.39137426297777594,5,559,567
CGGAACCA,0.44522222876548767,0.23024986599595929,5,559,567
TGGTCCGA,0.43389081954956055,0.26446212839648703,5,559,567
TGGTACCT,0.4158232808113098,0.15959881251803898,5,559,567
TGGTACTA,0.4119768440723419,0.5039067331876469,5,559,567
CGCTACCT,0.4097752869129181,0.35615181627015213,5,559,567
TCGCACCA,0.40491995215415955,0.3821279841669072,5,559,567
AGGTGACA,0.4039849638938904,0.5843297736362512,5,559,567
CGGACCCA,0.39877840876579285,0.3733971055127201,5,559,567
TGGGTCCA,0.3971739411354065,0.3249907227971797,5,559,567
TGCTACGA,0.38648539781570435,0.3870139776522492,5,559,567
TGGTGACA,0.3838333487510681,0.591102131695048,5,559,567
CGTTACCA,0.3802953362464905,0.6088318970848968,5,559,567
TGAACCCA,0.37868380546569824,0.4093823444522327,5,559,567
AGGTACCA,0.37602534890174866,0.15959881251803898,5,559,567
TGCTGCCA,0.37332494949078465,0.37332494949078465,5,559,567
TGGCAACA,0.3593504726886749,0.37741722673483696,5,559,567
TGGCGCTA,0.35918423533439636,0.1086051210159568,5,559,567
TGGCACCA,0.34997284412384033,0.2836247062219107,5,559,567
TGCTGCTA,0.3478847146034241,0.26272007586690305,5,559,567
TGGCGTCA,0.34691584546241705,0.34691584546241705,5,559,567
AGGCACCA,0.34242236614227295,0.4546963262276832,5,559,567
TGGCCTCA,0.34098413586616516,0.2805013812724199,5,559,567
AGGAGCCA,0.3385707139968872,0.5393971879767451,5,559,567
TGGAGCGA,0.3367053270339966,0.4671793180225127,5,559,567
AGGTGCCA,0.33619195222854614,0.6076980167401971,5,559,567
TGGCGCGA,0.3214781880378723,0.3049931967179318,5,559,567
TGCTACTT,0.31882593035697937,0.3065187811817095,5,559,567
TGGCACCT,0.3059758245944977,0.6076980167401971,5,559,567
CGGCTCCA,0.3050483167171478,0.24793839937327342,5,559,567
TCGCGCCA,0.3049931967179318,0.3049931967179318,5,559,567
TGGAACCA,0.30486950068032825,0.30486950068032825,5,559,567
TGCGCCTA,0.30271491408348083,0.4064445635591473,5,559,567
TGGTCCCA,0.3015085458755493,0.2998907351667835,5,559,567
TGGGACCA,0.30136430263519287,0.2998907351667835,5,559,567
AGGCGTCA,0.30101126432418823,0.3386075949367089,5,559,567
TGGTACCG,0.3008938133716583,0.28534614274522735,5,559,567
CGCTGCCA,0.2999422751824517,0.2999422751824517,5,559,567
TGCTAACC,0.29780954122543335,0.21898321857089842,5,559,567
TGGGGCGA,0.2899971008300781,0.3569970725271101,5,559,567
CGGTCCCA,0.2897888920958232,0.2897888920958232,5,559,567
CGGTACCA,0.28534614274522735,0.28534614274522735,5,559,567
TGGTGCCA,0.2836247062219107,0.2836247062219107,5,559,567
TGGCGCCT,0.27874383330345154,0.2476910072980662,5,559,567
CGGCGACA,0.2783714830875397,0.46307673277532674,5,559,567
CGCTACGC,0.27667319774627686,0.19731579598400195,5,559,567
CGCTTCCA,0.26921719312667847,0.26625572094173916,5,559,567
TGCAACCA,0.2672762132519688,0.2672762132519688,5,559,567
TGGTACCC,0.2640291750431061,0.307178493382262,5,559,567
TCGTGCCA,0.26200882365068234,0.26200882365068234,5,559,567
AGGCGACA,0.26183244585990906,0.3877664618810044,5,559,567
TGCTACCA,0.2610836625099182,0.22244670762379912,5,559,567
CGGCGCCT,0.2583838403224945,0.1998103327423411,5,559,567
TGGAGCCA,0.25464890941326845,0.25464890941326845,5,559,567
TGGCTCCA,0.25464890941326845,0.25464890941326845,5,559,567
TGGCGACA,0.2510721683502197,0.3573784686430545,5,559,567
TGGTGCCG,0.24951249361038208,0.5296148930029274,5,559,567
AGGCGCCA,0.2469683587551117,0.2476910072980662,5,559,567
CGGCGCCA,0.2455875277519226,0.1988207644415124,5,559,567
CGGGCCCA,0.24249577371871522,0.24249577371871522,5,559,567
TGGAGCGC,0.24085110425949097,0.3903537706675463,5,559,567
TGGTGGCA,0.2390425926689482,0.2390425926689482,5,559,567
TGCTGACG,0.23755884170532227,0.3139096194285243,5,559,567
TGCTAGCC,0.23432588577270508,0.14624994845998435,5,559,567
TTGCGCCA,0.21821011833587597,0.21821011833587597,5,559,567
TGGCGGCA,0.20250072156021937,0.20250072156021937,5,559,567
TGGGGCCA,0.19624271988868713,0.25098956830082875,5,559,567
TGGTACCA,0.19609945161423326,0.19609945161423326,5,559,567
TGGCGCCC,0.18712118088483895,0.18712118088483895,5,559,567
TGGCGCCA,0.13857048612542777,0.13857048612542777,5,559,567
CGGGACCA,0.07407331051828638,0.07407331051828638,5,559,567
GGGTATCA,0.9973714592009236,0.9973714592009236,6,679,688
CGGTATCA,0.9879293283305158,0.9879293283305158,6,679,688
TGGTATCA,0.9544077021399414,0.9544077021399414,6,679,688
GCGTATCA,0.9331520199775696,0.9835071949861872,6,679,688
GTGTATCA,0.8836406469345093,0.983063950851441,6,679,688
GGGGATCA,0.8245165944099426,0.9487073764070424,6,679,688
GGGTGTCA,0.8040480017662048,0.9567579268544097,6,679,688
AGGTATCC,0.7789053320884705,0.907238279800437,6,679,688
GGCTATCA,0.725347101688385,0.9534799818579145,6,679,688
CGGTATCC,0.707621157169342,0.8052715128025398,6,679,688
GGTTTTCA,0.6986600756645203,0.5301199851564754,6,679,688
GGGTCTCA,0.6459284424781799,0.7222920875767945,6,679,688
GGGAATCA,0.6372561454772949,0.6247989939388942,6,679,688
GGATAACA,0.6254784464836121,0.8400507153754175,6,679,688
CGGTTTCA,0.6026058631921825,0.6026058631921825,6,679,688
GGATAGCA,0.5608733296394348,0.7520306766173257,6,679,688
GCGTAATA,0.5598330497741699,0.5570238733352575,6,679,688
AGGTAGGA,0.5587528347969055,0.5317898816641241,6,679,688
GGGCATCA,0.5480146785964624,0.5480146785964624,6,679,688
GCATAGCA,0.5274646878242493,0.32839236383127857,6,679,688
CGTTAGTA,0.49070677161216736,0.5838452974889705,6,679,688
GGGTTTCC,0.4866665005683899,0.36734630767327753,6,679,688
CCGCATCC,0.48385265469551086,0.4735599719622315,6,679,688
CGGTTACA,0.47762686014175415,0.5089267307137262,6,679,688
GGGTAGTA,0.47075191140174866,0.6444048158990641,6,679,688
CGGTAGGA,0.4665132462978363,0.34540056900177296,6,679,688
GGGTAGGG,0.466107577085495,0.44756318805920914,6,679,688
TGATAGCC,0.4638304114341736,0.9534799818579145,6,679,688
CGATAGCC,0.46362119913101196,0.8534717354554076,6,679,688
AGTCATCA,0.4400591552257538,0.4258545334597782,6,679,688
CGTTAGGG,0.4275313913822174,0.45573743454418014,6,679,688
GGGTACGA,0.4257866442203522,0.3912917989527069,6,679,688
GGATAGCC,0.4176097810268402,0.8232383622644621,6,679,688
CGGATGCC,0.41731181740760803,0.565744443986311,6,679,688
CCGCTGGG,0.41059601306915283,0.28092400940089884,6,679,688
CCATAGCC,0.404854416847229,0.416731950686513,6,679,688
TGTTAGGC,0.3980616331100464,0.2722962107780481,6,679,688
GCATAGCC,0.3914147913455963,0.33676246237578855,6,679,688
CGTCATCG,0.3859032988548279,0.23647589988867357,6,679,688
CCGTAGCA,0.36629876494407654,0.49687667505050925,6,679,688
TCATAGCC,0.36232155561447144,0.4034243186409929,6,679,688
GGGTAGAA,0.3476899266242981,0.4886921205624047,6,679,688
CGGCATCC,0.34161293506622314,0.4255556013689028,6,679,688
GGGTAACA,0.3396562933921814,0.5552199727868716,6,679,688
GGGCATCC,0.33806276321411133,0.45099575310270895,6,679,688
AGGTAGCA,0.3365376591682434,0.468911062548963,6,679,688
CGGGAGCG,0.3309487486084196,0.3309487486084196,6,679,688
GGGTTTGC,0.33088311553001404,0.3871273656867192,6,679,688
CGTCAGCA,0.3274059593677521,0.3139096194285243,6,679,688
CGTTAGCA,0.32656630873680115,0.4099389766214489,6,679,688
GGGTTGCA,0.3247675895690918,0.523141467035006,6,679,688
AGTTTGGA,0.32034552097320557,0.4389250814332248,6,679,688
TGGCATCC,0.3180256485939026,0.3717169010019379,6,679,688
GGGCTGCG,0.31668247227147156,0.31668247227147156,6,679,688
CGGTAGTC,0.3107869327068329,0.38183936007916547,6,679,688
GGTTAGCA,0.3103407621383667,0.21898321857089842,6,679,688
TGTTAGCA,0.30650365352630615,0.3051581247680699,6,679,688
CGGTAGCG,0.3044303059577942,0.28579969488310725,6,679,688
GGGGTGCC,0.30190736055374146,0.2702243021481879,6,679,688
GGGTTACG,0.30049338936805725,0.4256689894033728,6,679,688
CGGTAGCA,0.2983563244342804,0.31109553457304245,6,679,688
TGGTTGCG,0.29650741815567017,0.25746299426875024,6,679,688
GGGTAGTC,0.2883889973163605,0.5341916463942605,6,679,688
CCGCAGCC,0.28677377104759216,0.3961881004411825,6,679,688
GCTTAGCC,0.28656262159347534,0.33974147528140847,6,679,688
GGGGAGCC,0.28569661485177095,0.28569661485177095,6,679,688
GCGTAGTC,0.2856515049934387,0.319702717189626,6,679,688
TCGCTGCC,0.28529462218284607,0.2938399373273409,6,679,688
GGTGAGCG,0.28525373339653015,0.36369727456397144,6,679,688
AGTTAGCA,0.2849043607711792,0.21068527604832388,6,679,688
CGGCAGCG,0.28383153676986694,0.24221745763410713,6,679,688
GGGCAGCA,0.2832097113132477,0.28569661485177095,6,679,688
CGGTTGCA,0.2805449366569519,0.2400733929823115,6,679,688
GCGTAGGC,0.27740129828453064,0.45373768193625535,6,679,688
TGGTCGCC,0.27549928426742554,0.3374015585700738,6,679,688
GGTTAGCC,0.2747516334056854,0.2683070135653321,6,679,688
CGGCAGCA,0.2734147012233734,0.33112398466169135,6,679,688
TGGCTGCA,0.2658272683620453,0.2818311136766586,6,679,688
GGGCAGCG,0.26424697041511536,0.22324042386508886,6,679,688
GGGCTGCA,0.25845304131507874,0.2818826536923268,6,679,688
TGGTAGCG,0.2538665235042572,0.1967591638147858,6,679,688
AGATTGCC,0.24877408146858215,0.2728940749597988,6,679,688
GCGTAGCA,0.2462085783481598,0.38711705768358556,6,679,688
GGGAAGCA,0.2437557876110077,0.3297736362511854,6,679,688
CGGTTGTC,0.23998650908470154,0.36064610563641614,6,679,688
GGGTAGCA,0.2397589087486267,0.4737249000123696,6,679,688
CGTTAGCC,0.23954617977142334,0.3023131159031872,6,679,688
TGGGAGCC,0.2390986979007721,0.12875726714220923,6,679,688
CCGTAGCC,0.23863306641578674,0.3495134622520925,6,679,688
TCGTAGCA,0.23231440782546997,0.3870139776522492,6,679,688
CGGGTGCC,0.2283782958984375,0.3447717808106214,6,679,688
AGGTAACC,0.2252804934978485,0.46613820970601577,6,679,688
CGTGAGCC,0.2245667278766632,0.4783428854162372,6,679,688
ACGCAGCC,0.22040879726409912,0.18263719952170865,6,679,688
CGGTCGCC,0.2197379171848297,0.3849833010349235,6,679,688
ACGTAGCC,0.21566438674926758,0.324506246649899,6,679,688
CGGGAGCC,0.2138807570197501,0.2138807570197501,6,679,688
AGGTAGCC,0.2137373983860016,0.23448645528388237,6,679,688
TGGCCTCC,0.2134360671043396,0.2567723580587969,6,679,688
TGGTAGCA,0.20504209399223328,0.22244670762379912,6,679,688
CGGTTGCC,0.20472028851509094,0.29469550158743246,6,679,688
GGGCAGCC,0.20269513130187988,0.22212715952665646,6,679,688
GGGTACCA,0.20097732543945312,0.307178493382262,6,679,688
CGGCTGCA,0.20020228624343872,0.4361831525996784,6,679,688
AGGCAGCC,0.20007702708244324,0.2625860718261658,6,679,688
GGGTAGCC,0.19770151376724243,0.2731105430256051,6,679,688
GCGTAGCT,0.19429585337638855,0.3286397559064858,6,679,688
TGGCAGCC,0.18587124347686768,0.17330845668577083,6,679,688
CGGCCGCA,0.18494093418121338,0.4435327588339587,6,679,688
CGGCAGTC,0.1838407814502716,0.2063043747165299,6,679,688
CGGCAGCC,0.1824178397655487,0.35722384859605,6,679,688
CGGCCGCC,0.1809864342212677,0.2513812724199068,6,679,688
TGGTAGCC,0.18090999126434326,0.4071867397847689,6,679,688
GCGCAGCC,0.17976543307304382,0.1714427081185833,6,679,688
CGGTAGCC,0.17954039573669434,0.29278852100771036,6,679,688
CGGCTGCC,0.17823687195777893,0.3157856759988455,6,679,688
GGGCTGCC,0.16224193572998047,0.2757184678184142,6,679,688
GCCTAGCC,0.16156005859375,0.4138457098090958,6,679,688
TCGTAGCC,0.1567084789276123,0.5102873871273657,6,679,688
GCGTAGCC,0.1546746790409088,0.3172081804312868,6,679,688
GCGCTGCC,0.1177689358017565,0.1177689358017565,6,679,688
GGGTATCA,0.9973714592009236,0.9973714592009236,7,785,817
GCGTATCA,0.9835071949861872,0.9835071949861872,7,785,817
GTGTATCA,0.983063950851441,0.983063950851441,7,785,817
AGGTATAA,0.981392502784729,0.8270110914113719,7,785,817
GGGTGTCA,0.9567579268544097,0.9567579268544097,7,785,817
TGGTATCA,0.9544077021399414,0.9544077021399414,7,785,817
TGGTGTCA,0.9348121881829052,0.9348121881829052,7,785,817
TCGTATCA,0.9334366321563721,0.9555931225003093,7,785,817
TGGATCCA,0.8440089885787324,0.8440089885787324,7,785,817
TCGTGTCA,0.8333188891410828,0.6520533542242196,7,785,817
TGGAGATA,0.8128793835639954,0.858347420937616,7,785,817
TGTTATCA,0.8115739822387695,0.717787490207397,7,785,817
GGGTATAA,0.8041655421257019,0.8935595596421061,7,785,817
GGGTTTCA,0.7280437350273132,0.6410650228837669,7,785,817
TCGAGTCA,0.7139207124710083,0.34808064981651754,7,785,817
GTGTTTCA,0.7075849771499634,0.5315012575763822,7,785,817
TCGAATCA,0.6495140790939331,0.3710778048076527,7,785,817
CCGTTTCA,0.6382681727409363,0.49202160557456814,7,785,817
TGGCGATA,0.6220715045928955,0.8488743660578073,7,785,817
TGTTGCTA,0.5978803634643555,0.46528264544592424,7,785,817
TGTCACCA,0.591102131695048,0.591102131695048,7,785,817
CCGGGTCA,0.5791544914245605,0.6265410464684782,7,785,817
GCGAGTCA,0.564777672290802,0.31296128314023014,7,785,817
TCGCATCA,0.5575668811798096,0.7180245742794706,7,785,817
GGGCATCA,0.5480146785964624,0.5480146785964624,7,785,817
AGGAGCCA,0.5393971879767451,0.5393971879767451,7,785,817
TTGCACCG,0.5388198494911194,0.4326990475405104,7,785,817
GCCGTTCA,0.5272535681724548,0.25035047210654354,7,785,817
TGGCGATC,0.5132848024368286,0.715344493464726,7,785,817
TGTAGCTA,0.5110281705856323,0.6745763410712077,7,785,817
GTGAACCA,0.4962908625602722,0.49345441801014306,7,785,817
TCGACTTA,0.4902174472808838,0.7041396940584671,7,785,817
TCCATCCA,0.48995399475097656,0.529656125015462,7,785,817
GGCTTTCA,0.46962234377861023,0.4258751494660455,7,785,817
TTGGGTCC,0.4486244320869446,0.4435946068527605,7,785,817
TTGCACCA,0.4399462342262268,0.2939739413680782,7,785,817
TGGAGCTA,0.4385634958744049,0.5188327217251474,7,785,817
GTCTGCCC,0.43222153186798096,0.3073021894198656,7,785,817
TGTCGCTA,0.4266810119152069,0.4731888838494207,7,785,817
GGTCGCTA,0.4222606122493744,0.4238857048612543,7,785,817
TTGAACCA,0.4199469983577728,0.5159361728445965,7,785,817
GGGTGCTA,0.4179025888442993,0.5319960417267967,7,785,817
TGGCCCCG,0.4172705113887787,0.15691873170329443,7,785,817
AGGAACCA,0.4156905710697174,0.33330928132602156,7,785,817
TTGCGTCC,0.41393786668777466,0.42192718426586406,7,785,817
TTCTGCCA,0.40754029154777527,0.36863480806498167,7,785,817
TGGAGCTC,0.4057992398738861,0.3229188141673195,7,785,817
TCGCACTA,0.405244916677475,0.2364862078918072,7,785,817
GCGCACCA,0.4014263153076172,0.11734630767327753,7,785,817
GGCCGCTA,0.3968672454357147,0.3697377644002804,7,785,817
TGGCACTA,0.39647233486175537,0.34535933698923843,7,785,817
TGGGGCTA,0.3963553011417389,0.44356368284335956,7,785,817
TCGAGCCA,0.3929702341556549,0.42724611388281863,7,785,817
TCGCATGA,0.3914562165737152,0.43614192058714385,7,785,817
TGTCGCTC,0.3894624710083008,0.3029831361068734,7,785,817
TCGCGTCA,0.3880574405193329,0.36206861006885743,7,785,817
TGGTGCTA,0.38645830750465393,0.30206572382798,7,785,817
AGTCTCCA,0.3841916620731354,0.43668824475322643,7,785,817
TCGCACCA,0.3821279841669072,0.3821279841669072,7,785,817
TGCCGCTC,0.38133445382118225,0.21247886859357604,7,785,817
GCCTTTCA,0.3751557767391205,0.5892157671215932,7,785,817
GGGTGCCA,0.3743911385536194,0.4628087246938523,7,785,817
TGCTGCCA,0.37332494949078465,0.37332494949078465,7,785,817
TCGCGCGA,0.3717423677444458,0.298921782872222,7,785,817
TGCGGCTA,0.36276549100875854,0.41549499031047704,7,785,817
TGGCTCTA,0.36194977164268494,0.27729559229786005,7,785,817
TGGTGCTC,0.3608432710170746,0.24381519811982022,7,785,817
TGGCGACA,0.3573784686430545,0.3573784686430545,7,785,817
TGCCGTCA,0.35357871651649475,0.2896239640456851,7,785,817
TAGCGCCG,0.3522108495235443,0.30350884426668867,7,785,817
TAGCGCCA,0.3504030704498291,0.1086051210159568,7,785,817
GCGTACCA,0.3493918180465698,0.28473797056034306,7,785,817
TGGCCCTA,0.3493752181529999,0.2692347338473591,7,785,817
CGGCGCTA,0.3441822826862335,0.30350884426668867,7,785,817
ACGCGCTA,0.3439538776874542,0.4772090050715375,7,785,817
ACGTACCA,0.3438103497028351,0.37330433348451736,7,785,817
GGGCACCA,0.3411830961704254,0.2765431080691048,7,785,817
GCGTGCCA,0.3401096761226654,0.264183812311879,7,785,817
TGGAGCCC,0.3387514054775238,0.2865521791118624,7,785,817
TGCAGCTA,0.33834779262542725,0.2930874530985857,7,785,817
TCGTGCTA,0.3307569622993469,0.38450913289077643,7,785,817
TCGGGCCA,0.33028852939605713,0.28806745557250657,7,785,817
TCGAACCA,0.3302837908267975,0.2990557869129592,7,785,817
TTCCACCA,0.3251703083515167,0.2811404774667051,7,785,817
AGGCGCTA,0.32486480474472046,0.2996639590978436,7,785,817
GCGCGCGA,0.32467687129974365,0.4242980249865996,7,785,817
TGACGCTA,0.32446345686912537,0.39060116274275347,7,785,817
TGCCGCTA,0.3224252760410309,0.3490908341236136,7,785,817
GTGTGCCA,0.31794339418411255,0.1881829052076032,7,785,817
GCGTTCCA,0.31402403116226196,0.23396074712406714,7,785,817
TGCCACCA,0.30735424160957336,0.2390425926689482,7,785,817
TCGCGCCA,0.3049931967179318,0.3049931967179318,7,785,817
TGGAACCA,0.30486950068032825,0.30486950068032825,7,785,817
TGCTTCTA,0.30486375093460083,0.46256133261864507,7,785,817
TTCTACCA,0.30021512508392334,0.2764812600503031,7,785,817
TCGTACCA,0.2958511412143707,0.525388611718138,7,785,817
GGGCGCTA,0.2949044108390808,0.3369686224384612,7,785,817
GCGAGCCC,0.2941259443759918,0.582762957159939,7,785,817
GCCAGCCA,0.2862749695777893,0.24772193130746714,7,785,817
TGGTGCCA,0.2836247062219107,0.2836247062219107,7,785,817
TGGCACCA,0.2836247062219107,0.2836247062219107,7,785,817
AGCCGCCA,0.2706661522388458,0.316332000164928,7,785,817
TGGCGCAA,0.2661702334880829,0.21821011833587597,7,785,817
TCGTGCCA,0.26200882365068234,0.26200882365068234,7,785,817
TGGCTCTC,0.255530446767807,0.2513709644167732,7,785,817
TGGCTCCA,0.25464890941326845,0.25464890941326845,7,785,817
TGGAGCCA,0.25464890941326845,0.25464890941326845,7,785,817
GCCCACCC,0.2532559037208557,0.2749247515771245,7,785,817
TTGCGCCG,0.2532251477241516,0.33148476477136846,7,785,817
TGGGGCCA,0.25098956830082875,0.25098956830082875,7,785,817
AGGCGCCA,0.2476910072980662,0.2476910072980662,7,785,817
TGGGGCTC,0.24123631417751312,0.5242650393765719,7,785,817
TGCCGCCA,0.2340799868106842,0.20250072156021937,7,785,817
TGCAGCCG,0.22919243574142456,0.4361831525996784,7,785,817
TTGCGCCA,0.21821011833587597,0.21821011833587597,7,785,817
TGCCTCTC,0.21281147003173828,0.3664392033975178,7,785,817
TGGCGCTG,0.21264379664371416,0.21264379664371416,7,785,817
TGGCGCTC,0.2027907520532608,0.30872469385230694,7,785,817
TGGCGGCA,0.20250072156021937,0.20250072156021937,7,785,817
TGGCGTCG,0.2014183812311879,0.2014183812311879,7,785,817
TGTCGCCA,0.1916930377483368,0.3573784686430545,7,785,817
GGGCGCCA,0.19077065587043762,0.18712118088483895,7,785,817
TGGCGCCC,0.18712118088483895,0.18712118088483895,7,785,817
TGCAGCCA,0.18525874614715576,0.2818311136766586,7,785,817
TGGCGCCG,0.18516597151756287,0.1988207644415124,7,785,817
AGTCGCCA,0.16550549864768982,0.25090710427575974,7,785,817
GGGCGCTC,0.14936292171478271,0.17174164020945862,7,785,817
TGGCGCCA,0.13857048612542777,0.13857048612542777,7,785,817
TGGCGCTA,0.1086051210159568,0.1086051210159568,7,785,817
GGGTATCA,0.9973714592009236,0.9973714592009236,8,866,933
CGGTATCA,0.9879293283305158,0.9879293283305158,8,866,933
GCGTATCA,0.9835071949861872,0.9835071949861872,8,866,933
GGGTGTCA,0.9567579268544097,0.9567579268544097,8,866,933
TGGTATCA,0.9544077021399414,0.9544077021399414,8,866,933
GGGTATAA,0.8935595596421061,0.8935595596421061,8,866,933
CGGTATCG,0.8859676718711853,0.8815919680039583,8,866,933
GGGTATCC,0.8674169182777405,0.9412443821382921,8,866,933
GGGTATCG,0.83529132604599,0.9729105677648127,8,866,933
GGGGATAG,0.8176459074020386,0.8597905413763247,8,866,933
CGGTATCC,0.8052715128025398,0.8052715128025398,8,866,933
CGGTGTAG,0.6921190619468689,0.5934008163938482,8,866,933
GGGGGTCA,0.6187379360198975,0.6568568836844926,8,866,933
CAGAGTCA,0.6125827431678772,0.41286644951140067,8,866,933
TGGCATCA,0.6101822454954026,0.6101822454954026,8,866,933
GGGTCTAA,0.6014838218688965,0.6829567476188513,8,866,933
AGGGTCCA,0.5586752891540527,0.35482208386591346,8,866,933
CGGCACCA,0.5296148930029274,0.5296148930029274,8,866,933
CGGCATCA,0.5059477178081062,0.5059477178081062,8,866,933
TGGAATCG,0.5037141442298889,0.5086381066259844,8,866,933
CGGGGCTA,0.5030465126037598,0.5101224590772275,8,866,933
GGGTAGAA,0.4886921205624047,0.4886921205624047,8,866,933
TGGAAGAG,0.48184698820114136,0.5929781882653692,8,866,933
TGGAGGTA,0.47716960310935974,0.5541170164515731,8,866,933
GGGTAGCA,0.4737249000123696,0.4737249000123696,8,866,933
GGGGTCAC,0.45321235060691833,0.512668535851235,8,866,933
CGGCCGCA,0.4435327588339587,0.4435327588339587,8,866,933
CAGCAGCG,0.4357903301715851,0.2648641405186987,8,866,933
GGTCGCCC,0.4245144930524059,0.4245144930524059,8,866,933
GGGCGACC,0.4245144930524059,0.4245144930524059,8,866,933
AGCCCGTA,0.42154332995414734,0.3126520430462211,8,866,933
GAGTACCG,0.4214131832122803,0.49400074217622564,8,866,933
CGCCGCTC,0.41817381978034973,0.2884282356821837,8,866,933
TGGAAGTA,0.4161209166049957,0.49103203727373934,8,866,933
CGGGTCAC,0.4101427495479584,0.3727167773059003,8,866,933
CGGAACCG,0.3991432785987854,0.11302725436028535,8,866,933
AGGCCGCA,0.3777223527431488,0.37724199068156516,8,866,933
GGACGCCC,0.3668738603591919,0.1705252958396899,8,866,933
GGGGTCCA,0.3630094528198242,0.47808518533789635,8,866,933
TGGCACAA,0.36120617389678955,0.1535583226817301,8,866,933
CGCCGCCC,0.359624981880188,0.3016843277120356,8,866,933
TAGAAGCA,0.3562351167201996,0.46256133261864507,8,866,933
GGCCGGAC,0.3533172905445099,0.29098462045932466,8,866,933
GGGCGTAC,0.34323304891586304,0.5169772811610935,8,866,933
CGCCGGAC,0.34091150760650635,0.23157959840019796,8,866,933
GGGCCGAA,0.33139026165008545,0.1443635838865295,8,866,933
CGGCAGCA,0.33112398466169135,0.33112398466169135,8,866,933
CGGAGCCG,0.32236379384994507,0.3228260421391168,8,866,933
CGGTAGCA,0.31109553457304245,0.31109553457304245,8,866,933
CGGCACAC,0.3098730146884918,0.46718962602564634,8,866,933
TGGCGCTC,0.30872469385230694,0.30872469385230694,8,866,933
CGGCGTAC,0.3072913885116577,0.19595513957036242,8,866,933
TGGTACCC,0.307178493382262,0.307178493382262,8,866,933
CGGCTCTC,0.30497387051582336,0.18230734342143243,8,866,933
TGGAACCA,0.30486950068032825,0.30486950068032825,8,866,933
CGGCAGAA,0.30251824855804443,0.23658928792314354,8,866,933
TGCAACAA,0.30205896496772766,0.24755700325732902,8,866,933
GGGCGCAG,0.3017916977405548,0.19039912588133426,8,866,933
CGACGCCC,0.3011854290962219,0.30743619346060286,8,866,933
CGGAGCAC,0.298775851726532,0.4623654805591061,8,866,933
CGTCGTTC,0.2985842525959015,0.40890817630808557,8,866,933
CGGCCCCA,0.2973763644695282,0.2571228301653403,8,866,933
GGGAAGCG,0.29522061347961426,0.37560301818331754,8,866,933
CGCCGCAG,0.2901073396205902,0.29190203273821796,8,866,933
TGGTACCG,0.28534614274522735,0.28534614274522735,8,866,933
TGGACCTG,0.2845228910446167,0.3649445429431411,8,866,933
TGGCACCA,0.2836247062219107,0.2836247062219107,8,866,933
GGGCACCA,0.2765431080691048,0.2765431080691048,8,866,933
TGACTCTA,0.27240845561027527,0.5511998515647549,8,866,933
TGGGGCAC,0.27087557315826416,0.29281944501711127,8,866,933
GGGAACCA,0.27033814787864685,0.23262070671669483,8,866,933
CGCCGCAC,0.26717913150787354,0.25492722549787655,8,866,933
CGGCTCAC,0.26600611209869385,0.6763080855976581,8,866,933
CGGCGCTC,0.2606436312198639,0.3073640374386674,8,866,933
GGGGGCAC,0.25927749276161194,0.32436193460602813,8,866,933
CGGCGTCA,0.2566845715045929,0.41609285449222777,8,866,933
TGGAGCCA,0.25464890941326845,0.25464890941326845,8,866,933
CGGGGCCA,0.25113895535469055,0.15691873170329443,8,866,933
CGGCGGCC,0.24931967179318024,0.24931967179318024,8,866,933
CGGCTCCA,0.24793839937327342,0.24793839937327342,8,866,933
AGGCGCCA,0.2476910072980662,0.2476910072980662,8,866,933
TGGCAGCG,0.24605707824230194,0.2999422751824517,8,866,933
TGGCTCAC,0.24574591219425201,0.5262647919844967,8,866,933
GGCTGGCG,0.24023306369781494,0.29611800601987387,8,866,933
TGCCACCA,0.2390425926689482,0.2390425926689482,8,866,933
CGGCGCAG,0.2364991158246994,0.2627303838700367,8,866,933
CGGCGGAC,0.23455071449279785,0.3824475322640498,8,866,933
CGGAACCA,0.23024986599595929,0.23024986599595929,8,866,933
GGGCTCCC,0.22200001776218414,0.1030284913206614,8,866,933
TGGCGCAA,0.21821011833587597,0.21821011833587597,8,866,933
CGGCGCCG,0.21277348697185516,0.2538964251845133,8,866,933
TGGAAGCA,0.21044357120990753,0.17740073392982314,8,866,933
CGGGGCCG,0.20371530950069427,0.33021688038593167,8,866,933
TGGCAGCA,0.20243743062019348,0.37332494949078465,8,866,933
CGACGCCA,0.2014183812311879,0.2014183812311879,8,866,933
CGGGGCAC,0.20067448914051056,0.2192099946398384,8,866,933
CGGCGCCA,0.1988207644415124,0.1988207644415124,8,866,933
TGCAGGCA,0.19663748145103455,0.21556096153053228,8,866,933
CGGCGCGC,0.19272580742835999,0.2588854987011916,8,866,933
GGGCGCCA,0.18712118088483895,0.18712118088483895,8,866,933
TGGCGCCC,0.18712118088483895,0.18712118088483895,8,866,933
TGCAAGCG,0.1718670129776001,0.44837752030676614,8,866,933
GGGCGCTC,0.17174164020945862,0.17174164020945862,8,866,933
GGGCGTCC,0.1705252958396899,0.1705252958396899,8,866,933
GGGCGCAC,0.16895286738872528,0.18763658104152062,8,866,933
GGGCGCGC,0.1680329591035843,0.14334309157629985,8,866,933
CGGCGCAA,0.16705472767353058,0.33148476477136846,8,866,933
CGGGGCCC,0.16285985708236694,0.4031047705438502,8,866,933
TGGCGCAC,0.15530595183372498,0.2663381849668082,8,866,933
CGGCGCCC,0.15448340773582458,0.2785531686801633,8,866,933
CGGCGTCC,0.14873315393924713,0.2239413680781759,8,866,933
GGGCGCCC,0.1444416642189026,0.39589947635344086,8,866,933
CGTCGCAC,0.14363917708396912,0.3561724322764194,8,866,933
CGGCGCAC,0.14183209836483002,0.24793839937327342,8,866,933
TGGCGCCA,0.13857048612542777,0.13857048612542777,8,866,933
CGGGACCA,0.07407331051828638,0.07407331051828638,8,866,933
GGATATTA,1.0830771923065186,0.9024038263307632,9,946,1018
GGGTATCA,0.9973714592009236,0.9973714592009236,9,946,1018
GGGTATCG,0.9729105677648127,0.9729105677648127,9,946,1018
TGGTATCA,0.9544077021399414,0.9544077021399414,9,946,1018
GTGTATCT,0.8113220930099487,0.8845915969158455,9,946,1018
GGGTATCT,0.7496629357337952,0.972281779573661,9,946,1018
GCGTATCT,0.716134786605835,0.8563167443202903,9,946,1018
CGGTATCT,0.6471351385116577,0.8737888096317982,9,946,1018
AGGAATCA,0.5790467262268066,0.7217869954232466,9,946,1018
CCCTACCT,0.561123251914978,0.5013503484105059,9,946,1018
GGTTATCT,0.5604500770568848,0.7323320826289531,9,946,1018
GGGTAACA,0.5552199727868716,0.5552199727868716,9,946,1018
GGGTAAAA,0.5387999415397644,0.6167381354883932,9,946,1018
CATTAACT,0.5317375063896179,0.5148332165092978,9,946,1018
GGTTAACA,0.5199602246284485,0.5984001979136602,9,946,1018
GGGTCTCG,0.5175076723098755,0.3861996454046922,9,946,1018
GGGTATGT,0.5124701857566833,0.6239640456850699,9,946,1018
GGGTACTA,0.4766670763492584,0.5257493918278152,9,946,1018
AGGTAGCA,0.468911062548963,0.468911062548963,9,946,1018
CAGTACCG,0.4393782615661621,0.3984558611305818,9,946,1018
GGTAAACA,0.43529269099235535,0.6630313775615388,9,946,1018
GGTAATCG,0.43493008613586426,0.32328990228013027,9,946,1018
GGGTAGTT,0.4314773976802826,0.5752793468849214,9,946,1018
GGTTACCA,0.4223720133304596,0.3097864181750711,9,946,1018
CCGTACCT,0.4129304587841034,0.4248958891683503,9,946,1018
CGGAATCT,0.4128887951374054,0.487980868346184,9,946,1018
CGTTACCT,0.41033485531806946,0.35470869583144354,9,946,1018
GGTTACCT,0.4068446755409241,0.46613820970601577,9,946,1018
GGGTGCCT,0.3958031237125397,0.22945614975466955,9,946,1018
GGGTACGA,0.3912917989527069,0.3912917989527069,9,946,1018
GGGTACTG,0.38964831829071045,0.4338020038758092,9,946,1018
GGGAACGT,0.383810818195343,0.4400383457716571,9,946,1018
GAGTACCT,0.37123942375183105,0.4977322393106008,9,946,1018
GTGTACCT,0.3671218454837799,0.34752401764730134,9,946,1018
AAGTACCT,0.36187881231307983,0.5497154991135118,9,946,1018
CTGTACCG,0.3594434857368469,0.5149981445594359,9,946,1018
GGGAACCT,0.3593556880950928,0.2515977404857131,9,946,1018
AGGTTACT,0.35682445764541626,0.5088545746917907,9,946,1018
GGGTTGGT,0.35487496852874756,0.29126293654393276,9,946,1018
GGGTTGCT,0.3536185920238495,0.22654929287098502,9,946,1018
GGGTAACG,0.3507712185382843,0.43788397311672783,9,946,1018
GGTTACCG,0.34700527787208557,0.2939636333649445,9,946,1018
GGCTACCT,0.34214672446250916,0.23448645528388237,9,946,1018
AGGTACGT,0.3399941623210907,0.46189131241495895,9,946,1018
GAGTAGCT,0.33841943740844727,0.3214756937286109,9,946,1018
GGGTAAGT,0.3349898159503937,0.6068733764895065,9,946,1018
GCGTAGCT,0.3286397559064858,0.3286397559064858,9,946,1018
GGGGACCT,0.32479697465896606,0.076753391333031,9,946,1018
CAGTAGCT,0.3241036832332611,0.3906733187646889,9,946,1018
GGGAAACT,0.3203720152378082,0.4101863686966561,9,946,1018
GAGTAACG,0.31855255365371704,0.3109615305323053,9,946,1018
GAGTAACT,0.313974529504776,0.39110625489630146,9,946,1018
CCGTAGCT,0.31017908453941345,0.5284810126582279,9,946,1018
CGGTTACT,0.3095036447048187,0.38128272790994927,9,946,1018
GGGTACCA,0.307178493382262,0.307178493382262,9,946,1018
GGCTAGCA,0.30638185143470764,0.14624994845998435,9,946,1018
GGGTAACT,0.3042714297771454,0.31404362346926157,9,946,1018
GGGTACGT,0.30089136958122253,0.4372964169381108,9,946,1018
GTGGACCT,0.29670581221580505,0.16756689894033727,9,946,1018
GGGTTCGT,0.29192233085632324,0.3102812023254855,9,946,1018
GCGTACCT,0.2907339930534363,0.39215767121593204,9,946,1018
CGCTTGCT,0.283871054649353,0.35257493918278154,9,946,1018
CGCTTCCT,0.2817545533180237,0.2754298437306725,9,946,1018
CCGTAACT,0.27939581871032715,0.2777079124232054,9,946,1018
GGGTAGCG,0.2734912931919098,0.44894446047911596,9,946,1018
GAGTTCCT,0.27233272790908813,0.2953139817754505,9,946,1018
GGCTAACC,0.26667681336402893,0.2683070135653321,9,946,1018
CGGTTCCT,0.25754377245903015,0.19628499567063867,9,946,1018
GGGTAGCT,0.25221413373947144,0.43991464973405353,9,946,1018
GGGTTCCT,0.2515866458415985,0.22731208510287387,9,946,1018
GGCTAGCT,0.23934942483901978,0.27968704902486285,9,946,1018
AGGTAGCC,0.23448645528388237,0.23448645528388237,9,946,1018
GGCTACCG,0.23144301772117615,0.29278852100771036,9,946,1018
GGGTACCG,0.22847075760364532,0.48535232754710755,9,946,1018
AGGGACCT,0.21946142613887787,0.41747412691213454,9,946,1018
GCGGACCT,0.21798698604106903,0.2380839483775203,9,946,1018
GCGTACCG,0.2175452560186386,0.43173009524594896,9,946,1018
CGGTACCG,0.21672604978084564,0.11472807487733477,9,946,1018
CGGTAACT,0.21570086479187012,0.34054549952583185,9,946,1018
CCGTTCCT,0.21554091572761536,0.4622624005277698,9,946,1018
CGGTACCT,0.2040894776582718,0.3597699253700573,9,946,1018
GGGTACCT,0.2016424834728241,0.26315301199851565,9,946,1018
CGGTAGCT,0.19866129755973816,0.2384550364903311,9,946,1018
AGGTACCT,0.19642937183380127,0.1541871108728817,9,946,1018
CGCTTTCT,0.1753099411725998,0.34071042757597,9,946,1018
GGATATCA,1.043475866317749,0.9906300251515278,10,1043,1125
AGGTATCA,1.0291587114334106,1.0,10,1043,1125
GGGTATCA,0.9973714592009236,0.9973714592009236,10,1043,1125
GGGTATCG,0.9729105677648127,0.9729105677648127,10,1043,1125
GAGTATCA,0.9421501159667969,0.979724157836144,10,1043,1125
GGATATTG,0.8657090067863464,0.8463592132932009,10,1043,1125
GAGCATCA,0.7120290994644165,0.5080196264379665,10,1043,1125
GGGAAGAT,0.6549142003059387,0.7287552055415825,10,1043,1125
AGGTATTC,0.6472305655479431,0.60160598688822,10,1043,1125
GGGAATCA,0.6247989939388942,0.6247989939388942,10,1043,1125
GGGAATCG,0.6166513562202454,0.6131818744072898,10,1043,1125
GGGCATAA,0.6159540414810181,0.5702490413557085,10,1043,1125
GGGCATAG,0.5906148552894592,0.46132437224260914,10,1043,1125
GGGGAGTT,0.5744828581809998,0.36110996577742954,10,1043,1125
AGGTAGGT,0.5500590205192566,0.2930152970766503,10,1043,1125
GGGCATCA,0.5480146785964624,0.5480146785964624,10,1043,1125
GGGTAGTC,0.5341916463942605,0.5341916463942605,10,1043,1125
AGGCGGTA,0.5338557362556458,0.37342802952212095,10,1043,1125
AGGCATCA,0.532584011554718,0.6357873252793469,10,1043,1125
GGTCAGTG,0.5203407406806946,0.4650867933863852,10,1043,1125
GGACAGTG,0.5192044973373413,0.5642497835319342,10,1043,1125
GGGCATCG,0.5099624991416931,0.41159856512596377,10,1043,1125
CTGAAGCG,0.508528470993042,0.3949717560714139,10,1043,1125
GGGCACAT,0.49558913707733154,0.278728404733435,10,1043,1125
AGGCGGTG,0.49364620447158813,0.36750092772028203,10,1043,1125
GGGAAGTA,0.4876013994216919,0.5242753473797056,10,1043,1125
GGGAATTT,0.48499906063079834,0.34489547684822497,10,1043,1125
GGGCAGAT,0.4824746251106262,0.6147383828804683,10,1043,1125
GGGCAGGG,0.4633745551109314,0.48417721518987344,10,1043,1125
GGGAATTG,0.4595263600349426,0.5382426916257782,10,1043,1125
GAGAATTG,0.4442281126976013,0.4355234403991259,10,1043,1125
AGGAAGTA,0.439092218875885,0.5004947841504144,10,1043,1125
AGGTAGTC,0.4334205985069275,0.5361501669896508,10,1043,1125
GGGAAGGG,0.4285551905632019,0.5207190862986022,10,1043,1125
AGGGAGTC,0.42653149366378784,0.4431101307054797,10,1043,1125
TGTAATCG,0.42406755685806274,0.5945553127448151,10,1043,1125
TGGCATCG,0.41952985525131226,0.3705314806415701,10,1043,1125
GGGAAACT,0.4101863686966561,0.4101863686966561,10,1043,1125
GGGAACTT,0.4046594500541687,0.0836700614356987,10,1043,1125
GGAAAGCT,0.39834558963775635,0.1909763740568177,10,1043,1125
GAGCACGT,0.3898305296897888,0.3068383292788521,10,1043,1125
GGGCAGAG,0.3884777140972251,0.3884777140972251,10,1043,1125
GGGCACCT,0.38749104738235474,0.28117140147610603,10,1043,1125
GGGAAGTT,0.38222450017929077,0.3235269863522039,10,1043,1125
CGGCACTT,0.38161659240722656,0.12686059456562077,10,1043,1125
GGGCACAG,0.3806213140487671,0.2691316538160228,10,1043,1125
GGGAAGCG,0.37560301818331754,0.37560301818331754,10,1043,1125
GGGCAGTA,0.37456703186035156,0.44985156475487564,10,1043,1125
CGGCAGGT,0.373002290725708,0.39464189997113763,10,1043,1125
GGGCAGGT,0.36023420095443726,0.3137859233909207,10,1043,1125
CGGCAGTG,0.35726600885391235,0.4789613656042552,10,1043,1125
AGGCAGGG,0.35635191202163696,0.6195006803282068,10,1043,1125
GGGCTGTA,0.35536253452301025,0.3146621036572795,10,1043,1125
GGGCATGG,0.3518003821372986,0.34626644126499817,10,1043,1125
AGGCAGTA,0.34581637382507324,0.2992207149630973,10,1043,1125
GTGCAGTT,0.33870428800582886,0.3971261287263431,10,1043,1125
AGGCACTT,0.33504021167755127,0.24494907846451983,10,1043,1125
GGGCAGGA,0.33418941497802734,0.5434688492145301,10,1043,1125
GGGCACCG,0.33356255292892456,0.35365727951181297,10,1043,1125
GGGCAGAA,0.3328613042831421,0.5384488516884508,10,1043,1125
GGGAAGCT,0.3313114047050476,0.41740197089019915,10,1043,1125
GGGAAGCA,0.3297736362511854,0.3297736362511854,10,1043,1125
GGGCATTC,0.329490602016449,0.35757432070259354,10,1043,1125
AGACAGTC,0.32787203788757324,0.27720282026965737,10,1043,1125
GGGCACAA,0.32001394033432007,0.4245660330680741,10,1043,1125
GTGCAGCG,0.31683778762817383,0.2552776976044201,10,1043,1125
AGGCAGCT,0.31462669372558594,0.3137343833752525,10,1043,1125
CGGAAGCG,0.3132922649383545,0.2458767987465468,10,1043,1125
GTGCACTT,0.30103564262390137,0.26083371129344823,10,1043,1125
AGGCATTC,0.2980461120605469,0.3649239269368738,10,1043,1125
AGGCAGGA,0.29701751470565796,0.4689729105677648,10,1043,1125
TGGCATGA,0.29249805212020874,0.5519729517997773,10,1043,1125
GTGCAGCT,0.2857978343963623,0.2707603183111367,10,1043,1125
GGGCAGCA,0.28569661485177095,0.28569661485177095,10,1043,1125
GGCAATTG,0.2801920175552368,0.41227889333278356,10,1043,1125
GTGCAGTA,0.2769315540790558,0.5542510204923102,10,1043,1125
GGGCACCA,0.2765431080691048,0.2765431080691048,10,1043,1125
AGGCGGTC,0.27613431215286255,0.2890054838576671,10,1043,1125
GTGCAGCA,0.27490437030792236,0.2070156269327506,10,1043,1125
GGGCAGTG,0.2688558101654053,0.21296334474085682,10,1043,1125
GGGCAGCT,0.2683395743370056,0.44837752030676614,10,1043,1125
GGGCTGCT,0.2656751275062561,0.15326969859398837,10,1043,1125
GGGCAACT,0.26490652561187744,0.17639054962272707,10,1043,1125
GGGCATTG,0.2633911967277527,0.38016946357151693,10,1043,1125
AGGCAGCC,0.2625860718261658,0.2625860718261658,10,1043,1125
AGGCAGGC,0.2623789310455322,0.19291427864594074,10,1043,1125
AGGAAGTC,0.26169490814208984,0.17401970890199148,10,1043,1125
GGGCATGA,0.24995599687099457,0.2709149383581413,10,1043,1125
CGGCAGCG,0.24221745763410713,0.24221745763410713,10,1043,1125
GGGCACTT,0.24208100140094757,0.21408691708242278,10,1043,1125
AGGAAGTG,0.23374134302139282,0.5857832020780934,10,1043,1125
AGGCCGTC,0.23264825344085693,0.25883395868552345,10,1043,1125
AGGCTGTC,0.23162341117858887,0.2845318104976704,10,1043,1125
GGGCACTG,0.23150357604026794,0.34866820599513465,10,1043,1125
GGGCTGGT,0.22875630855560303,0.26612171690100195,10,1043,1125
AGGCTGTG,0.2235303521156311,0.3740877417226735,10,1043,1125
GGGCAGCG,0.22324042386508886,0.22324042386508886,10,1043,1125
AGGCGGGC,0.2230018675327301,0.3097348781594029,10,1043,1125
GGGCTGTT,0.2091985046863556,0.16150579309776109,10,1043,1125
CGGCAGTC,0.2063043747165299,0.2063043747165299,10,1043,1125
GAGCAGTT,0.20380470156669617,0.46823073434214324,10,1043,1125
AGGCAGTG,0.1931653767824173,0.37399496969447077,10,1043,1125
GGGCAGTT,0.18662972748279572,0.3732837174782501,10,1043,1125
AGGCAGTT,0.18598084151744843,0.44077021399414507,10,1043,1125
AGGCGGCC,0.18040597438812256,0.2343215272337443,10,1043,1125
GGGCAGTC,0.17618438956005444,0.17618438956005444,10,1043,1125
AGGCAGTC,0.1490844190120697,0.19472848719746014,10,1043,1125
