{"run_id": "09:29:51-01/16/2025", "exp_name": "DirichletPPO", "model_name": "LandscapeAsModel=TF_Binding", "landscape_name": "TF_Binding", "rounds": 10, "sequences_batch_size": 100, "model_queries_per_batch": 500}
sequence,model_score,true_score,round,model_cost,measurement_cost
GCTCGAGC,,0.5502102832639261,0,0,1
GTGATACC,0.993908,0.9939079701480229,1,12000,100
GTATGATA,0.9734363,0.9734362759246279,1,12000,100
GATATATA,0.9730446,0.9730445718055498,1,12000,100
TATATATC,0.9730446,0.9730445718055498,1,12000,100
GATATATC,0.97251886,0.9725188636457345,1,12000,100
GGTATATC,0.9673236,0.9673236300663836,1,12000,100
ATCCGATA,0.9627675,0.9627674926813178,1,12000,100
TATCAATA,0.9604276,0.9604275759699831,1,12000,100
TATTGATA,0.9604276,0.9604275759699831,1,12000,100
GAGGTATC,0.9544386,0.9544386261493425,1,12000,100
GGGGGATC,0.95283055,0.9528305776604957,1,12000,100
GATATCGG,0.95283055,0.9528305776604957,1,12000,100
GATACATA,0.95255226,0.9525522615758876,1,12000,100
TATGTATC,0.95255226,0.9525522615758876,1,12000,100
GAGTGATA,0.9481817,0.9481816682472273,1,12000,100
TATCATGT,0.9466664,0.9466663917865831,1,12000,100
GAATGATA,0.94123405,0.9412340741351586,1,12000,100
GTGATAGC,0.93396693,0.9339669319259473,1,12000,100
TATCGATC,0.9319775,0.9319774873211562,1,12000,100
GATCGATA,0.9319775,0.9319774873211562,1,12000,100
ATTATATC,0.9310807,0.9310806910485301,1,12000,100
ACGGTATC,0.93062717,0.9306271389106502,1,12000,100
ATATGATC,0.930122,0.9301220467571023,1,12000,100
GGTATATA,0.9296994,0.9296994186286234,1,12000,100
GATATAGG,0.92959636,0.929596338597287,1,12000,100
GATGTATC,0.92898816,0.9289881664124026,1,12000,100
GATACATC,0.92898816,0.9289881664124026,1,12000,100
GAAGTATC,0.9264318,0.9264317816352615,1,12000,100
GATATATG,0.9251948,0.9251948212592257,1,12000,100
CATATATC,0.9251948,0.9251948212592257,1,12000,100
GATATAGA,0.9246073,0.9246072650806086,1,12000,100
TCTATATC,0.9246073,0.9246072650806086,1,12000,100
TATCTATA,0.9239476,0.923947552880056,1,12000,100
TATAGATA,0.9239476,0.923947552880056,1,12000,100
GATAGATA,0.9238135,0.9238135488393188,1,12000,100
TATCTATC,0.9238135,0.9238135488393188,1,12000,100
ATCTGATC,0.9227312,0.9227312085102873,1,12000,100
CCGGTATC,0.92216426,0.9221642683379376,1,12000,100
ACTATATC,0.92187566,0.921875644250196,1,12000,100
GATATAGT,0.92187566,0.921875644250196,1,12000,100
TATCAACG,0.9195048,0.9195048035294603,1,12000,100
GCTATATC,0.9194223,0.9194223395043912,1,12000,100
GATATAGC,0.9194223,0.9194223395043912,1,12000,100
TCAGTATC,0.9182266,0.9182266111408898,1,12000,100
AATCGATA,0.9179174,0.9179173710468809,1,12000,100
TATCGATT,0.9179174,0.9179173710468809,1,12000,100
GCGGTATC,0.9176391,0.9176390549622727,1,12000,100
TCCCTATC,0.91408277,0.9140827938811694,1,12000,100
TATCGCTT,0.9130417,0.9130416855646725,1,12000,100
AAGCGATA,0.9130417,0.9130416855646725,1,12000,100
TATCAATG,0.91283554,0.9128355255019998,1,12000,100
GTACGATA,0.9126603,0.912660289448728,1,12000,100
TATCGTAC,0.9126603,0.912660289448728,1,12000,100
GATATACA,0.91143364,0.9114336370758257,1,12000,100
GATCAATA,0.91079456,0.9107945408815404,1,12000,100
TATTGATC,0.91079456,0.9107945408815404,1,12000,100
TATCAATC,0.9094751,0.9094751164804354,1,12000,100
GATTGATA,0.9094751,0.9094751164804354,1,12000,100
AATATATC,0.90914524,0.9091452603801592,1,12000,100
GCTTGATA,0.9089082,0.9089081763080856,1,12000,100
TATCAAGC,0.9089082,0.9089081763080856,1,12000,100
TATCAAAC,0.9073001,0.9073001278192389,1,12000,100
GTTTGATA,0.9073001,0.9073001278192389,1,12000,100
TAACGATA,0.9072692,0.907269203809838,1,12000,100
TATCGTTA,0.9072692,0.907269203809838,1,12000,100
TATCGTTC,0.9060941,0.9060940914526039,1,12000,100
GAACGATA,0.9060941,0.9060940914526039,1,12000,100
TATCGATA,0.90300167,0.903001690512514,1,12000,100
GGTATAAT,0.9022595,0.9022595142868923,1,12000,100
AATATAGA,0.9019503,0.9019502741928833,1,12000,100
CATAGATA,0.90194,0.9019399661897497,1,12000,100
TATCTATG,0.90194,0.9019399661897497,1,12000,100
GATCCAAT,0.9010535,0.9010534779202574,1,12000,100
GATCCGGG,0.9000948,0.9000948336288294,1,12000,100
ACTGTATC,0.89874446,0.8987444852183236,1,12000,100
AATTGATA,0.8980538,0.8980538490083702,1,12000,100
TATCAATT,0.8980538,0.8980538490083702,1,12000,100
TATCAAGG,0.89779615,0.8977961489300293,1,12000,100
TATCAAGT,0.8977652,0.8977652249206285,1,12000,100
TATCCCTC,0.8976828,0.8976827608955593,1,12000,100
GGGTGATC,0.8962809,0.8962808724693851,1,12000,100
AATATACC,0.89603347,0.896033480394178,1,12000,100
TACTGATC,0.89521915,0.8952191481466212,1,12000,100
GATCAGTA,0.89521915,0.8952191481466212,1,12000,100
GCAGTATC,0.8951882,0.8951882241372201,1,12000,100
GATACTGC,0.8951882,0.8951882241372201,1,12000,100
GTATGATC,0.8940234,0.8940234197831196,1,12000,100
AACCGATA,0.8930957,0.8930956995010927,1,12000,100
TATCGGTT,0.8930957,0.8930956995010927,1,12000,100
TACGGATC,0.892302,0.8923019832598029,1,12000,100
ACCTGATA,0.89185876,0.8918587391250568,1,12000,100
CATGTATC,0.89008576,0.8900857625860719,1,12000,100
GGATGATC,0.8900548,0.890054838576671,1,12000,100
TATCGAAG,0.887014,0.8870139776522492,1,12000,100
TATCTAAG,0.8843957,0.8843957448563065,1,12000,100
GATCGGAT,0.88427204,0.8842720488187028,1,12000,100
ATCCGATC,0.88427204,0.8842720488187028,1,12000,100
GCTGTATC,0.8837876,0.8837875726714222,1,12000,100
GATACAGC,0.8837876,0.8837875726714222,1,12000,100
GGGATATC,0.9840638,0.9840638271554035,2,24000,199
TATATATC,0.9730446,0.9730445718055498,2,24000,199
GATATATA,0.9730446,0.9730445718055498,2,24000,199
GATATATC,0.97251886,0.9725188636457345,2,24000,199
ATTTGATA,0.9692615,0.9692615346555065,2,24000,199
GATATACC,0.9673236,0.9673236300663836,2,24000,199
GGTATATC,0.9673236,0.9673236300663836,2,24000,199
ATACGATA,0.9657156,0.9657155815775369,2,24000,199
TATCAATA,0.9604276,0.9604275759699831,2,24000,199
TATTGATA,0.9604276,0.9604275759699831,2,24000,199
TATGTATC,0.95255226,0.9525522615758876,2,24000,199
GATACATA,0.95255226,0.9525522615758876,2,24000,199
TATCATTC,0.94123405,0.9412340741351586,2,24000,199
GAATGATA,0.94123405,0.9412340741351586,2,24000,199
TCGATATC,0.94004864,0.9400486537747907,2,24000,199
GATCGATA,0.9319775,0.9319774873211562,2,24000,199
TATCGATC,0.9319775,0.9319774873211562,2,24000,199
TGTTGATA,0.9309467,0.9309466870077928,2,24000,199
GATATGTC,0.9292562,0.9292561744938771,2,24000,199
GATGTATC,0.92898816,0.9289881664124026,2,24000,199
GATACATC,0.92898816,0.9289881664124026,2,24000,199
GATATATG,0.9251948,0.9251948212592257,2,24000,199
TCTATATC,0.9246073,0.9246072650806086,2,24000,199
GATATAGA,0.9246073,0.9246072650806086,2,24000,199
TATAGATA,0.9239476,0.923947552880056,2,24000,199
TATCTATA,0.9239476,0.923947552880056,2,24000,199
TATCTATC,0.9238135,0.9238135488393188,2,24000,199
GATAGATA,0.9238135,0.9238135488393188,2,24000,199
GCATGATA,0.92330843,0.9233084566857709,2,24000,199
TATCATGC,0.92330843,0.9233084566857709,2,24000,199
ACTATATC,0.92187566,0.921875644250196,2,24000,199
GATATAGT,0.92187566,0.921875644250196,2,24000,199
TCATGATA,0.92061806,0.9206180678678927,2,24000,199
GATATAGC,0.9194223,0.9194223395043912,2,24000,199
GCTATATC,0.9194223,0.9194223395043912,2,24000,199
TATCGATT,0.9179174,0.9179173710468809,2,24000,199
AATCGATA,0.9179174,0.9179173710468809,2,24000,199
TATCAAAA,0.9173092,0.9173091988619964,2,24000,199
TTTTGATA,0.9173092,0.9173091988619964,2,24000,199
AAGCGATA,0.9130417,0.9130416855646725,2,24000,199
CATTGATA,0.91283554,0.9128355255019998,2,24000,199
TATCGTAC,0.9126603,0.912660289448728,2,24000,199
GTACGATA,0.9126603,0.912660289448728,2,24000,199
GATATACA,0.91143364,0.9114336370758257,2,24000,199
TAATGATC,0.91079456,0.9107945408815404,2,24000,199
TATTGATC,0.91079456,0.9107945408815404,2,24000,199
GATCAATA,0.91079456,0.9107945408815404,2,24000,199
GATTGATA,0.9094751,0.9094751164804354,2,24000,199
TATCAATC,0.9094751,0.9094751164804354,2,24000,199
GATATATT,0.90914524,0.9091452603801592,2,24000,199
AATATATC,0.90914524,0.9091452603801592,2,24000,199
GCTTGATA,0.9089082,0.9089081763080856,2,24000,199
GTGAGATA,0.9081763,0.9081763080855977,2,24000,199
GTTTGATA,0.9073001,0.9073001278192389,2,24000,199
TATCAAAC,0.9073001,0.9073001278192389,2,24000,199
TATCGTTA,0.9072692,0.907269203809838,2,24000,199
TAACGATA,0.9072692,0.907269203809838,2,24000,199
AATGTATC,0.90645486,0.906454871562281,2,24000,199
GAACGATA,0.9060941,0.9060940914526039,2,24000,199
TATCGTTC,0.9060941,0.9060940914526039,2,24000,199
TATCGATA,0.90300167,0.903001690512514,2,24000,199
TATCTATG,0.90194,0.9019399661897497,2,24000,199
CATAGATA,0.90194,0.9019399661897497,2,24000,199
ATTGGATC,0.9010535,0.9010534779202574,2,24000,199
CCCGGATC,0.9000948,0.9000948336288294,2,24000,199
GGTTGATA,0.89998144,0.8999814455943594,2,24000,199
TATCCTCC,0.89977527,0.8997752855316867,2,24000,199
TATCAATT,0.8980538,0.8980538490083702,2,24000,199
AATTGATA,0.8980538,0.8980538490083702,2,24000,199
TATCAAGG,0.89779615,0.8977961489300293,2,24000,199
CCTTGATA,0.89779615,0.8977961489300293,2,24000,199
ACTTGATA,0.8977652,0.8977652249206285,2,24000,199
TATCAAGT,0.8977652,0.8977652249206285,2,24000,199
CAGTGATC,0.8977343,0.8977343009112275,2,24000,199
TACTGATC,0.89521915,0.8952191481466212,2,24000,199
GATCAGTA,0.89521915,0.8952191481466212,2,24000,199
GTATGATC,0.8940234,0.8940234197831196,2,24000,199
CAATGATC,0.8911681,0.8911681029151033,2,24000,199
GATACATG,0.89008576,0.8900857625860719,2,24000,199
ATGTGATC,0.88889,0.8888900342225705,2,24000,199
CTTCGATA,0.887014,0.8870139776522492,2,24000,199
TATCGAAG,0.887014,0.8870139776522492,2,24000,199
CTTAGATA,0.8843957,0.8843957448563065,2,24000,199
TATCTAAG,0.8843957,0.8843957448563065,2,24000,199
ATACGATC,0.8832825,0.8832824805178741,2,24000,199
TTTCGATA,0.88258153,0.882581536304787,2,24000,199
TATCGAAA,0.88258153,0.882581536304787,2,24000,199
TATCTATT,0.88158166,0.8815816600008246,2,24000,199
AATAGATA,0.88158166,0.8815816600008246,2,24000,199
TGATGATC,0.88024163,0.8802416195934523,2,24000,199
TATGGATA,0.87975717,0.8797571434461716,2,24000,199
TATCCATA,0.87975717,0.8797571434461716,2,24000,199
GCTATATA,0.878881,0.8788809631798128,2,24000,199
TATATAGC,0.878881,0.8788809631798128,2,24000,199
ACATGATC,0.87876755,0.8787675751453429,2,24000,199
GATCTATT,0.87876755,0.8787675751453429,2,24000,199
AATAGATC,0.87876755,0.8787675751453429,2,24000,199
GATCCGGC,0.8777265,0.8777264668288458,2,24000,199
GCCGGATC,0.8777265,0.8777264668288458,2,24000,199
GATATCCC,0.9840638,0.9840638271554035,3,36000,298
GATATCGT,0.9820228,0.9820228425349441,3,36000,298
ACGATATC,0.9820228,0.9820228425349441,3,36000,298
GATATCGC,0.9771575,0.9771574650558693,3,36000,298
GCGATATC,0.9771575,0.9771574650558693,3,36000,298
TATATATC,0.9730446,0.9730445718055498,3,36000,298
GATATATA,0.9730446,0.9730445718055498,3,36000,298
GATATATC,0.97251886,0.9725188636457345,3,36000,298
TATCAAAT,0.9692615,0.9692615346555065,3,36000,298
GGTGTATC,0.9676947,0.9676947181791943,3,36000,298
GATATACC,0.9673236,0.9673236300663836,3,36000,298
GGTATATC,0.9673236,0.9673236300663836,3,36000,298
GAGATATC,0.96503526,0.9650352533707169,3,36000,298
GATATCTC,0.96503526,0.9650352533707169,3,36000,298
TATTGATA,0.9604276,0.9604275759699831,3,36000,298
TATCAATA,0.9604276,0.9604275759699831,3,36000,298
TATGTATC,0.95255226,0.9525522615758876,3,36000,298
GATATGGG,0.9523461,0.9523461015132149,3,36000,298
TATCACTC,0.9481817,0.9481816682472273,3,36000,298
TATCATTC,0.94123405,0.9412340741351586,3,36000,298
TCGATATC,0.94004864,0.9400486537747907,3,36000,298
TATCGATC,0.9319775,0.9319774873211562,3,36000,298
GATCGATA,0.9319775,0.9319774873211562,3,36000,298
GATATAAT,0.9310807,0.9310806910485301,3,36000,298
TATCAACA,0.9309467,0.9309466870077928,3,36000,298
TATATACC,0.9296994,0.9296994186286234,3,36000,298
GATATAGG,0.92959636,0.929596338597287,3,36000,298
GATACATC,0.92898816,0.9289881664124026,3,36000,298
GATGTATC,0.92898816,0.9289881664124026,3,36000,298
GATATATG,0.9251948,0.9251948212592257,3,36000,298
CATATATC,0.9251948,0.9251948212592257,3,36000,298
GATATAGA,0.9246073,0.9246072650806086,3,36000,298
TCTATATC,0.9246073,0.9246072650806086,3,36000,298
GATATGGA,0.92398876,0.9239887848925906,3,36000,298
TATAGATA,0.9239476,0.923947552880056,3,36000,298
TATCTATA,0.9239476,0.923947552880056,3,36000,298
TATCTATC,0.9238135,0.9238135488393188,3,36000,298
GATAGATA,0.9238135,0.9238135488393188,3,36000,298
ACTATATC,0.92187566,0.921875644250196,3,36000,298
GATATAGT,0.92187566,0.921875644250196,3,36000,298
GCTATATC,0.9194223,0.9194223395043912,3,36000,298
GATATAGC,0.9194223,0.9194223395043912,3,36000,298
AATCGATA,0.9179174,0.9179173710468809,3,36000,298
TATCGATT,0.9179174,0.9179173710468809,3,36000,298
TCCCTATC,0.91408277,0.9140827938811694,3,36000,298
TATCGCTT,0.9130417,0.9130416855646725,3,36000,298
CATTGATA,0.91283554,0.9128355255019998,3,36000,298
TATCAATG,0.91283554,0.9128355255019998,3,36000,298
GTACGATA,0.9126603,0.912660289448728,3,36000,298
GATATACA,0.91143364,0.9114336370758257,3,36000,298
GATCAATA,0.91079456,0.9107945408815404,3,36000,298
TATTGATC,0.91079456,0.9107945408815404,3,36000,298
TATCAATC,0.9094751,0.9094751164804354,3,36000,298
GATTGATA,0.9094751,0.9094751164804354,3,36000,298
GATATATT,0.90914524,0.9091452603801592,3,36000,298
AATATATC,0.90914524,0.9091452603801592,3,36000,298
TATCAAGC,0.9089082,0.9089081763080856,3,36000,298
GCTTGATA,0.9089082,0.9089081763080856,3,36000,298
GTTTGATA,0.9073001,0.9073001278192389,3,36000,298
TATCAAAC,0.9073001,0.9073001278192389,3,36000,298
TATCGTTA,0.9072692,0.907269203809838,3,36000,298
TAACGATA,0.9072692,0.907269203809838,3,36000,298
AATGTATC,0.90645486,0.906454871562281,3,36000,298
TATCGTTC,0.9060941,0.9060940914526039,3,36000,298
TATCACGC,0.9045994,0.904599430998227,3,36000,298
TATCTCTC,0.9031048,0.9031047705438503,3,36000,298
TATCGATA,0.90300167,0.903001690512514,3,36000,298
CATAGATA,0.90194,0.9019399661897497,3,36000,298
TATCTATG,0.90194,0.9019399661897497,3,36000,298
GATACGGC,0.90131116,0.9013111779985981,3,36000,298
ATTGGATC,0.9010535,0.9010534779202574,3,36000,298
GGTTGATA,0.89998144,0.8999814455943594,3,36000,298
ACTGTATC,0.89874446,0.8987444852183236,3,36000,298
GATACAGT,0.89874446,0.8987444852183236,3,36000,298
AATTGATA,0.8980538,0.8980538490083702,3,36000,298
TATCAATT,0.8980538,0.8980538490083702,3,36000,298
TATCAAGG,0.89779615,0.8977961489300293,3,36000,298
TATCAAGT,0.8977652,0.8977652249206285,3,36000,298
ACTTGATA,0.8977652,0.8977652249206285,3,36000,298
TATCCCTC,0.8976828,0.8976827608955593,3,36000,298
GATCACCC,0.8962809,0.8962808724693851,3,36000,298
GCAGTATC,0.8951882,0.8951882241372201,3,36000,298
GATACTGC,0.8951882,0.8951882241372201,3,36000,298
GATCATAC,0.8940234,0.8940234197831196,3,36000,298
TATCGGTT,0.8930957,0.8930956995010927,3,36000,298
AACCGATA,0.8930957,0.8930956995010927,3,36000,298
GTGTGATC,0.8910341,0.8910340988743661,3,36000,298
CATGTATC,0.89008576,0.8900857625860719,3,36000,298
GATCATCC,0.8900548,0.890054838576671,3,36000,298
GATATGGT,0.8862821,0.8862821094297613,3,36000,298
ATCCGATC,0.88427204,0.8842720488187028,3,36000,298
GATACAGC,0.8837876,0.8837875726714222,3,36000,298
GCTGTATC,0.8837876,0.8837875726714222,3,36000,298
GATCGTAT,0.8832825,0.8832824805178741,3,36000,298
TATCTGGT,0.88296294,0.8829629324207314,3,36000,298
TATCGAAA,0.88258153,0.882581536304787,3,36000,298
TATCTATT,0.88158166,0.8815816600008246,3,36000,298
AATAGATA,0.88158166,0.8815816600008246,3,36000,298
TATGGATA,0.87975717,0.8797571434461716,3,36000,298
GATATATA,0.9730446,0.9730445718055498,4,48000,397
TATATATC,0.9730446,0.9730445718055498,4,48000,397
GATATATC,0.97251886,0.9725188636457345,4,48000,397
GTATCAGA,0.97074586,0.9707458871067497,4,48000,397
TATCAAAT,0.9692615,0.9692615346555065,4,48000,397
GATATACC,0.9673236,0.9673236300663836,4,48000,397
TATCGTAT,0.9657156,0.9657155815775369,4,48000,397
TATCAATA,0.9604276,0.9604275759699831,4,48000,397
TATTGATA,0.9604276,0.9604275759699831,4,48000,397
GATCCCCC,0.95283055,0.9528305776604957,4,48000,397
GATACATA,0.95255226,0.9525522615758876,4,48000,397
GAATGATA,0.94123405,0.9412340741351586,4,48000,397
GATCGATA,0.9319775,0.9319774873211562,4,48000,397
TATCGATC,0.9319775,0.9319774873211562,4,48000,397
GATACATC,0.92898816,0.9289881664124026,4,48000,397
GATGTATC,0.92898816,0.9289881664124026,4,48000,397
GATATATG,0.9251948,0.9251948212592257,4,48000,397
ACAGTATC,0.92510206,0.9251020492310229,4,48000,397
TCTATATC,0.9246073,0.9246072650806086,4,48000,397
GATATAGA,0.9246073,0.9246072650806086,4,48000,397
TATAGATA,0.9239476,0.923947552880056,4,48000,397
TATCTATA,0.9239476,0.923947552880056,4,48000,397
GATAGATA,0.9238135,0.9238135488393188,4,48000,397
TATCTATC,0.9238135,0.9238135488393188,4,48000,397
TATCATGC,0.92330843,0.9233084566857709,4,48000,397
GCATGATA,0.92330843,0.9233084566857709,4,48000,397
ACTATATC,0.92187566,0.921875644250196,4,48000,397
GATATAGT,0.92187566,0.921875644250196,4,48000,397
TATCATGA,0.92061806,0.9206180678678927,4,48000,397
GATATAGC,0.9194223,0.9194223395043912,4,48000,397
GCTATATC,0.9194223,0.9194223395043912,4,48000,397
AATCGATA,0.9179174,0.9179173710468809,4,48000,397
TATCGATT,0.9179174,0.9179173710468809,4,48000,397
GATACCGC,0.9176391,0.9176390549622727,4,48000,397
TATCAAAA,0.9173092,0.9173091988619964,4,48000,397
GATAGGGA,0.91408277,0.9140827938811694,4,48000,397
CATTGATA,0.91283554,0.9128355255019998,4,48000,397
TATCAATG,0.91283554,0.9128355255019998,4,48000,397
GTACGATA,0.9126603,0.912660289448728,4,48000,397
GATAGTAT,0.9121449,0.9121448892920463,4,48000,397
GATCAATA,0.91079456,0.9107945408815404,4,48000,397
TATTGATC,0.91079456,0.9107945408815404,4,48000,397
GATCATTA,0.91079456,0.9107945408815404,4,48000,397
GATTGATA,0.9094751,0.9094751164804354,4,48000,397
TATCAATC,0.9094751,0.9094751164804354,4,48000,397
GATATATT,0.90914524,0.9091452603801592,4,48000,397
AATATATC,0.90914524,0.9091452603801592,4,48000,397
GCTTGATA,0.9089082,0.9089081763080856,4,48000,397
TATCAAGC,0.9089082,0.9089081763080856,4,48000,397
GTTTGATA,0.9073001,0.9073001278192389,4,48000,397
TATCAAAC,0.9073001,0.9073001278192389,4,48000,397
TAACGATA,0.9072692,0.907269203809838,4,48000,397
TATCGTTA,0.9072692,0.907269203809838,4,48000,397
GAACGATA,0.9060941,0.9060940914526039,4,48000,397
TATCGTTC,0.9060941,0.9060940914526039,4,48000,397
TATCACGC,0.9045994,0.904599430998227,4,48000,397
GAGAGATA,0.9031048,0.9031047705438503,4,48000,397
TATCGATA,0.90300167,0.903001690512514,4,48000,397
AGTTGATA,0.9025997,0.9025996783903023,4,48000,397
TATCTATG,0.90194,0.9019399661897497,4,48000,397
CATAGATA,0.90194,0.9019399661897497,4,48000,397
GATCCAAT,0.9010535,0.9010534779202574,4,48000,397
GATCCGGG,0.9000948,0.9000948336288294,4,48000,397
TATCAACC,0.89998144,0.8999814455943594,4,48000,397
AATTGATA,0.8980538,0.8980538490083702,4,48000,397
TATCAATT,0.8980538,0.8980538490083702,4,48000,397
TATCAAGT,0.8977652,0.8977652249206285,4,48000,397
ACTTGATA,0.8977652,0.8977652249206285,4,48000,397
GAGGGATA,0.8976828,0.8976827608955593,4,48000,397
TATCACGA,0.89741474,0.8974147528140849,4,48000,397
TCGTGATA,0.89741474,0.8974147528140849,4,48000,397
GATCATAC,0.8940234,0.8940234197831196,4,48000,397
GTATGATC,0.8940234,0.8940234197831196,4,48000,397
AACCGATA,0.8930957,0.8930956995010927,4,48000,397
GATCACAT,0.88889,0.8888900342225705,4,48000,397
TATCGAAG,0.887014,0.8870139776522492,4,48000,397
GCTGTATC,0.8837876,0.8837875726714222,4,48000,397
GATCGTAT,0.8832825,0.8832824805178741,4,48000,397
ATACGATC,0.8832825,0.8832824805178741,4,48000,397
TTTCGATA,0.88258153,0.882581536304787,4,48000,397
TATCGAAA,0.88258153,0.882581536304787,4,48000,397
TATCTATT,0.88158166,0.8815816600008246,4,48000,397
AATAGATA,0.88158166,0.8815816600008246,4,48000,397
TATCCATA,0.87975717,0.8797571434461716,4,48000,397
TATGGATA,0.87975717,0.8797571434461716,4,48000,397
TATATAGC,0.878881,0.8788809631798128,4,48000,397
GCTATATA,0.878881,0.8788809631798128,4,48000,397
GATCTATT,0.87876755,0.8787675751453429,4,48000,397
AATAGATC,0.87876755,0.8787675751453429,4,48000,397
GATCATGT,0.87876755,0.8787675751453429,4,48000,397
ACATGATC,0.87876755,0.8787675751453429,4,48000,397
GATCCGGC,0.8777265,0.8777264668288458,4,48000,397
GATCAAAA,0.87549996,0.8754999381519812,4,48000,397
TTTTGATC,0.87549996,0.8754999381519812,4,48000,397
GGAAGATA,0.8750051,0.8750051540015668,4,48000,397
GATAGGTA,0.8737373,0.87373726961613,4,48000,397
GATCACTA,0.8728611,0.8728610893497711,4,48000,397
TATCGATG,0.87201583,0.8720158330928133,4,48000,397
CATCGATA,0.87201583,0.8720158330928133,4,48000,397
GGTATCAC,0.993908,0.9939079701480229,5,60000,496
ACGATATC,0.9820228,0.9820228425349441,5,60000,496
GCGATATC,0.9771575,0.9771574650558693,5,60000,496
TATATATC,0.9730446,0.9730445718055498,5,60000,496
GATATATA,0.9730446,0.9730445718055498,5,60000,496
GATATATC,0.97251886,0.9725188636457345,5,60000,496
GATATACC,0.9673236,0.9673236300663836,5,60000,496
GGTATATC,0.9673236,0.9673236300663836,5,60000,496
GATATCTC,0.96503526,0.9650352533707169,5,60000,496
GAGATATC,0.96503526,0.9650352533707169,5,60000,496
TATTGATA,0.9604276,0.9604275759699831,5,60000,496
TATCAATA,0.9604276,0.9604275759699831,5,60000,496
GAGGTATC,0.9544386,0.9544386261493425,5,60000,496
GGGGGATC,0.95283055,0.9528305776604957,5,60000,496
TATGTATC,0.95255226,0.9525522615758876,5,60000,496
GATACATA,0.95255226,0.9525522615758876,5,60000,496
TATCATGT,0.9466664,0.9466663917865831,5,60000,496
GATATACT,0.9377706,0.937770585082258,5,60000,496
TATCAAAG,0.9340391,0.9340390879478827,5,60000,496
GTGATAGC,0.93396693,0.9339669319259473,5,60000,496
GATCGATA,0.9319775,0.9319774873211562,5,60000,496
TATCGATC,0.9319775,0.9319774873211562,5,60000,496
TGTTGATA,0.9309467,0.9309466870077928,5,60000,496
GGTATATA,0.9296994,0.9296994186286234,5,60000,496
CCTATATC,0.92959636,0.929596338597287,5,60000,496
GATATAGG,0.92959636,0.929596338597287,5,60000,496
GACATATC,0.9292562,0.9292561744938771,5,60000,496
GATATGTC,0.9292562,0.9292561744938771,5,60000,496
GATACATC,0.92898816,0.9289881664124026,5,60000,496
GATGTATC,0.92898816,0.9289881664124026,5,60000,496
GATATATG,0.9251948,0.9251948212592257,5,60000,496
CATATATC,0.9251948,0.9251948212592257,5,60000,496
GATATAGA,0.9246073,0.9246072650806086,5,60000,496
TCTATATC,0.9246073,0.9246072650806086,5,60000,496
TATAGATA,0.9239476,0.923947552880056,5,60000,496
TATCTATA,0.9239476,0.923947552880056,5,60000,496
TATCTATC,0.9238135,0.9238135488393188,5,60000,496
GATAGATA,0.9238135,0.9238135488393188,5,60000,496
GCATGATA,0.92330843,0.9233084566857709,5,60000,496
ACTATATC,0.92187566,0.921875644250196,5,60000,496
GATATAGT,0.92187566,0.921875644250196,5,60000,496
TCATGATA,0.92061806,0.9206180678678927,5,60000,496
GCTATATC,0.9194223,0.9194223395043912,5,60000,496
GATATAGC,0.9194223,0.9194223395043912,5,60000,496
TATCGATT,0.9179174,0.9179173710468809,5,60000,496
AATCGATA,0.9179174,0.9179173710468809,5,60000,496
GCGGTATC,0.9176391,0.9176390549622727,5,60000,496
GATACCGC,0.9176391,0.9176390549622727,5,60000,496
TTTTGATA,0.9173092,0.9173091988619964,5,60000,496
GATAGGGA,0.91408277,0.9140827938811694,5,60000,496
TCCCTATC,0.91408277,0.9140827938811694,5,60000,496
CATTGATA,0.91283554,0.9128355255019998,5,60000,496
TGTATATC,0.91143364,0.9114336370758257,5,60000,496
GATATACA,0.91143364,0.9114336370758257,5,60000,496
TAATGATC,0.91079456,0.9107945408815404,5,60000,496
GATCAATA,0.91079456,0.9107945408815404,5,60000,496
GATCATTA,0.91079456,0.9107945408815404,5,60000,496
TATTGATC,0.91079456,0.9107945408815404,5,60000,496
TATCAATC,0.9094751,0.9094751164804354,5,60000,496
GATTGATA,0.9094751,0.9094751164804354,5,60000,496
AATATATC,0.90914524,0.9091452603801592,5,60000,496
GATATATT,0.90914524,0.9091452603801592,5,60000,496
TATCAAGC,0.9089082,0.9089081763080856,5,60000,496
GCTTGATA,0.9089082,0.9089081763080856,5,60000,496
TATCTCAC,0.9081763,0.9081763080855977,5,60000,496
TATCAAAC,0.9073001,0.9073001278192389,5,60000,496
GTTTGATA,0.9073001,0.9073001278192389,5,60000,496
TAACGATA,0.9072692,0.907269203809838,5,60000,496
TATCGTTA,0.9072692,0.907269203809838,5,60000,496
TATCGTTC,0.9060941,0.9060940914526039,5,60000,496
GAACGATA,0.9060941,0.9060940914526039,5,60000,496
GAGAGATA,0.9031048,0.9031047705438503,5,60000,496
TATCTCTC,0.9031048,0.9031047705438503,5,60000,496
TATCGATA,0.90300167,0.903001690512514,5,60000,496
TCTATATT,0.9019503,0.9019502741928833,5,60000,496
TATCTATG,0.90194,0.9019399661897497,5,60000,496
CATAGATA,0.90194,0.9019399661897497,5,60000,496
GATCCAAT,0.9010535,0.9010534779202574,5,60000,496
CCCGGATC,0.9000948,0.9000948336288294,5,60000,496
GGTTGATA,0.89998144,0.8999814455943594,5,60000,496
GATACAGT,0.89874446,0.8987444852183236,5,60000,496
TATCAATT,0.8980538,0.8980538490083702,5,60000,496
TATCAAGG,0.89779615,0.8977961489300293,5,60000,496
CCTTGATA,0.89779615,0.8977961489300293,5,60000,496
TATCAAGT,0.8977652,0.8977652249206285,5,60000,496
ACTTGATA,0.8977652,0.8977652249206285,5,60000,496
GATCACTG,0.8977343,0.8977343009112275,5,60000,496
TATCCCTC,0.8976828,0.8976827608955593,5,60000,496
GGGTGATC,0.8962809,0.8962808724693851,5,60000,496
GGTATATT,0.89603347,0.896033480394178,5,60000,496
AATATACC,0.89603347,0.896033480394178,5,60000,496
GTGTGATC,0.8910341,0.8910340988743661,5,60000,496
CGTGTATC,0.8884571,0.8884570980909577,5,60000,496
TATCGAAG,0.887014,0.8870139776522492,5,60000,496
CTTCGATA,0.887014,0.8870139776522492,5,60000,496
TATCTAAG,0.8843957,0.8843957448563065,5,60000,496
CTTAGATA,0.8843957,0.8843957448563065,5,60000,496
GCTGTATC,0.8837876,0.8837875726714222,5,60000,496
GATACAGC,0.8837876,0.8837875726714222,5,60000,496
GTATCATC,0.9861873,0.9861872758009319,6,72000,595
GCGATATC,0.9771575,0.9771574650558693,6,72000,595
GATATCGC,0.9771575,0.9771574650558693,6,72000,595
GATATATA,0.9730446,0.9730445718055498,6,72000,595
TATATATC,0.9730446,0.9730445718055498,6,72000,595
GATATATC,0.97251886,0.9725188636457345,6,72000,595
GGTATATC,0.9673236,0.9673236300663836,6,72000,595
TATCGTAT,0.9657156,0.9657155815775369,6,72000,595
TATCAATA,0.9604276,0.9604275759699831,6,72000,595
TATTGATA,0.9604276,0.9604275759699831,6,72000,595
GATACCTC,0.9544386,0.9544386261493425,6,72000,595
GTATCAGT,0.9528821,0.9528821176761637,6,72000,595
GGGGGATC,0.95283055,0.9528305776604957,6,72000,595
TATGTATC,0.95255226,0.9525522615758876,6,72000,595
GATACATA,0.95255226,0.9525522615758876,6,72000,595
TATCATGT,0.9466664,0.9466663917865831,6,72000,595
GAATGATA,0.94123405,0.9412340741351586,6,72000,595
TCGATATC,0.94004864,0.9400486537747907,6,72000,595
AGTATATC,0.9377706,0.937770585082258,6,72000,595
GTGATAGC,0.93396693,0.9339669319259473,6,72000,595
TATCGATC,0.9319775,0.9319774873211562,6,72000,595
GATCGATA,0.9319775,0.9319774873211562,6,72000,595
GATATAAT,0.9310807,0.9310806910485301,6,72000,595
GGTATATA,0.9296994,0.9296994186286234,6,72000,595
TATATACC,0.9296994,0.9296994186286234,6,72000,595
GATATAGG,0.92959636,0.929596338597287,6,72000,595
CCTATATC,0.92959636,0.929596338597287,6,72000,595
GATATGTC,0.9292562,0.9292561744938771,6,72000,595
GATACATC,0.92898816,0.9289881664124026,6,72000,595
GATGTATC,0.92898816,0.9289881664124026,6,72000,595
TATATCGC,0.92818415,0.9281841421679792,6,72000,595
GAAGTATC,0.9264318,0.9264317816352615,6,72000,595
CATATATC,0.9251948,0.9251948212592257,6,72000,595
GATATATG,0.9251948,0.9251948212592257,6,72000,595
ACAGTATC,0.92510206,0.9251020492310229,6,72000,595
GATATAGA,0.9246073,0.9246072650806086,6,72000,595
TCTATATC,0.9246073,0.9246072650806086,6,72000,595
TCCATATC,0.92398876,0.9239887848925906,6,72000,595
GATATGGA,0.92398876,0.9239887848925906,6,72000,595
TATAGATA,0.9239476,0.923947552880056,6,72000,595
TATCTATA,0.9239476,0.923947552880056,6,72000,595
TATCTATC,0.9238135,0.9238135488393188,6,72000,595
GATAGATA,0.9238135,0.9238135488393188,6,72000,595
TATCATGC,0.92330843,0.9233084566857709,6,72000,595
GCATGATA,0.92330843,0.9233084566857709,6,72000,595
GATATAGT,0.92187566,0.921875644250196,6,72000,595
ACTATATC,0.92187566,0.921875644250196,6,72000,595
TCATGATA,0.92061806,0.9206180678678927,6,72000,595
GATATAGC,0.9194223,0.9194223395043912,6,72000,595
GCTATATC,0.9194223,0.9194223395043912,6,72000,595
GATACTGA,0.9182266,0.9182266111408898,6,72000,595
TATCGATT,0.9179174,0.9179173710468809,6,72000,595
AATCGATA,0.9179174,0.9179173710468809,6,72000,595
GATAGGGA,0.91408277,0.9140827938811694,6,72000,595
GACTGATA,0.9137632,0.9137632457840268,6,72000,595
TATCGCTT,0.9130417,0.9130416855646725,6,72000,595
GTACGATA,0.9126603,0.912660289448728,6,72000,595
GATCATTA,0.91079456,0.9107945408815404,6,72000,595
TAATGATC,0.91079456,0.9107945408815404,6,72000,595
GATCAATA,0.91079456,0.9107945408815404,6,72000,595
TATTGATC,0.91079456,0.9107945408815404,6,72000,595
GATTGATA,0.9094751,0.9094751164804354,6,72000,595
TATCAATC,0.9094751,0.9094751164804354,6,72000,595
AATATATC,0.90914524,0.9091452603801592,6,72000,595
GATATATT,0.90914524,0.9091452603801592,6,72000,595
TATCAAGC,0.9089082,0.9089081763080856,6,72000,595
GCTTGATA,0.9089082,0.9089081763080856,6,72000,595
GTGAGATA,0.9081763,0.9081763080855977,6,72000,595
TAACGATA,0.9072692,0.907269203809838,6,72000,595
TATCGTTA,0.9072692,0.907269203809838,6,72000,595
AATGTATC,0.90645486,0.906454871562281,6,72000,595
TATCGTTC,0.9060941,0.9060940914526039,6,72000,595
GCGTGATA,0.9045994,0.904599430998227,6,72000,595
GAGAGATA,0.9031048,0.9031047705438503,6,72000,595
TATCGATA,0.90300167,0.903001690512514,6,72000,595
TATCTATG,0.90194,0.9019399661897497,6,72000,595
CATAGATA,0.90194,0.9019399661897497,6,72000,595
GCCGTATC,0.90131116,0.9013111779985981,6,72000,595
GATACGGC,0.90131116,0.9013111779985981,6,72000,595
GATCCAAT,0.9010535,0.9010534779202574,6,72000,595
CCCGGATC,0.9000948,0.9000948336288294,6,72000,595
GGTTGATA,0.89998144,0.8999814455943594,6,72000,595
TATCAACC,0.89998144,0.8999814455943594,6,72000,595
ACTGTATC,0.89874446,0.8987444852183236,6,72000,595
TATCAATT,0.8980538,0.8980538490083702,6,72000,595
AATTGATA,0.8980538,0.8980538490083702,6,72000,595
TATCAAGT,0.8977652,0.8977652249206285,6,72000,595
ACTTGATA,0.8977652,0.8977652249206285,6,72000,595
GGGTGATC,0.8962809,0.8962808724693851,6,72000,595
GATCAGTA,0.89521915,0.8952191481466212,6,72000,595
GATACTGC,0.8951882,0.8951882241372201,6,72000,595
GTATGATC,0.8940234,0.8940234197831196,6,72000,595
TACGGATC,0.892302,0.8923019832598029,6,72000,595
CAGCGATA,0.89073515,0.8907351667834907,6,72000,595
GGATGATC,0.8900548,0.890054838576671,6,72000,595
AAGGGATC,0.8883643,0.8883643260627552,6,72000,595
GATCGGAT,0.88427204,0.8842720488187028,6,72000,595
GATACAGC,0.8837876,0.8837875726714222,6,72000,595
ATACGATC,0.8832825,0.8832824805178741,6,72000,595
GCGATATC,0.9771575,0.9771574650558693,7,84000,694
GATATATA,0.9730446,0.9730445718055498,7,84000,694
TATATATC,0.9730446,0.9730445718055498,7,84000,694
GATATATC,0.97251886,0.9725188636457345,7,84000,694
GATACACC,0.9676947,0.9676947181791943,7,84000,694
GGTGTATC,0.9676947,0.9676947181791943,7,84000,694
GATATACC,0.9673236,0.9673236300663836,7,84000,694
GGTATATC,0.9673236,0.9673236300663836,7,84000,694
GAGATATC,0.96503526,0.9650352533707169,7,84000,694
GATATCTC,0.96503526,0.9650352533707169,7,84000,694
TATCAATA,0.9604276,0.9604275759699831,7,84000,694
TATTGATA,0.9604276,0.9604275759699831,7,84000,694
GAGGTATC,0.9544386,0.9544386261493425,7,84000,694
GGGGGATC,0.95283055,0.9528305776604957,7,84000,694
TATGTATC,0.95255226,0.9525522615758876,7,84000,694
GATACATA,0.95255226,0.9525522615758876,7,84000,694
GTGTGATA,0.9519956,0.9519956294066714,7,84000,694
TATCACTC,0.9481817,0.9481816682472273,7,84000,694
TATCATTC,0.94123405,0.9412340741351586,7,84000,694
AGTATATC,0.9377706,0.937770585082258,7,84000,694
GATCGATA,0.9319775,0.9319774873211562,7,84000,694
TATCGATC,0.9319775,0.9319774873211562,7,84000,694
ATTATATC,0.9310807,0.9310806910485301,7,84000,694
TATCAACA,0.9309467,0.9309466870077928,7,84000,694
ATATGATC,0.930122,0.9301220467571023,7,84000,694
TATATACC,0.9296994,0.9296994186286234,7,84000,694
GGTATATA,0.9296994,0.9296994186286234,7,84000,694
GATATAGG,0.92959636,0.929596338597287,7,84000,694
CCTATATC,0.92959636,0.929596338597287,7,84000,694
GATATGTC,0.9292562,0.9292561744938771,7,84000,694
GACATATC,0.9292562,0.9292561744938771,7,84000,694
GATACATC,0.92898816,0.9289881664124026,7,84000,694
GATGTATC,0.92898816,0.9289881664124026,7,84000,694
GATATATG,0.9251948,0.9251948212592257,7,84000,694
CATATATC,0.9251948,0.9251948212592257,7,84000,694
GATATAGA,0.9246073,0.9246072650806086,7,84000,694
TCTATATC,0.9246073,0.9246072650806086,7,84000,694
TATAGATA,0.9239476,0.923947552880056,7,84000,694
TATCTATA,0.9239476,0.923947552880056,7,84000,694
GATAGATA,0.9238135,0.9238135488393188,7,84000,694
TATCTATC,0.9238135,0.9238135488393188,7,84000,694
TATCATGC,0.92330843,0.9233084566857709,7,84000,694
GATATAGT,0.92187566,0.921875644250196,7,84000,694
ACTATATC,0.92187566,0.921875644250196,7,84000,694
GATATAGC,0.9194223,0.9194223395043912,7,84000,694
GCTATATC,0.9194223,0.9194223395043912,7,84000,694
AATCGATA,0.9179174,0.9179173710468809,7,84000,694
TATCGATT,0.9179174,0.9179173710468809,7,84000,694
TTTTGATA,0.9173092,0.9173091988619964,7,84000,694
GATAGGGA,0.91408277,0.9140827938811694,7,84000,694
TCCCTATC,0.91408277,0.9140827938811694,7,84000,694
GACTGATA,0.9137632,0.9137632457840268,7,84000,694
GATCATCT,0.9131757,0.9131756896054097,7,84000,694
AAGCGATA,0.9130417,0.9130416855646725,7,84000,694
CATTGATA,0.91283554,0.9128355255019998,7,84000,694
TATCGTAC,0.9126603,0.912660289448728,7,84000,694
GATATACA,0.91143364,0.9114336370758257,7,84000,694
TATTGATC,0.91079456,0.9107945408815404,7,84000,694
GATCAATA,0.91079456,0.9107945408815404,7,84000,694
GATCATTA,0.91079456,0.9107945408815404,7,84000,694
GATTGATA,0.9094751,0.9094751164804354,7,84000,694
TATCAATC,0.9094751,0.9094751164804354,7,84000,694
GATATATT,0.90914524,0.9091452603801592,7,84000,694
AATATATC,0.90914524,0.9091452603801592,7,84000,694
GCTTGATA,0.9089082,0.9089081763080856,7,84000,694
TATCAAGC,0.9089082,0.9089081763080856,7,84000,694
TATCGTTA,0.9072692,0.907269203809838,7,84000,694
AATGTATC,0.90645486,0.906454871562281,7,84000,694
TATCGTTC,0.9060941,0.9060940914526039,7,84000,694
GAACGATA,0.9060941,0.9060940914526039,7,84000,694
ATCCTATC,0.90536225,0.9053622232301158,7,84000,694
TATCGATA,0.90300167,0.903001690512514,7,84000,694
TCTATATT,0.9019503,0.9019502741928833,7,84000,694
CATAGATA,0.90194,0.9019399661897497,7,84000,694
TATCTATG,0.90194,0.9019399661897497,7,84000,694
GCCGTATC,0.90131116,0.9013111779985981,7,84000,694
ATTGGATC,0.9010535,0.9010534779202574,7,84000,694
CCCGGATC,0.9000948,0.9000948336288294,7,84000,694
TATCAACC,0.89998144,0.8999814455943594,7,84000,694
AATTGATA,0.8980538,0.8980538490083702,7,84000,694
TATCAAGG,0.89779615,0.8977961489300293,7,84000,694
ACTTGATA,0.8977652,0.8977652249206285,7,84000,694
GGGTGATC,0.8962809,0.8962808724693851,7,84000,694
GCAGTATC,0.8951882,0.8951882241372201,7,84000,694
GATACTGC,0.8951882,0.8951882241372201,7,84000,694
GATCATAC,0.8940234,0.8940234197831196,7,84000,694
GATCATCC,0.8900548,0.890054838576671,7,84000,694
GATATTAC,0.8874881,0.8874881457963963,7,84000,694
GTAATATC,0.8874881,0.8874881457963963,7,84000,694
GATATGGT,0.8862821,0.8862821094297613,7,84000,694
GATCGGAT,0.88427204,0.8842720488187028,7,84000,694
GCTGTATC,0.8837876,0.8837875726714222,7,84000,694
GATCGTAT,0.8832825,0.8832824805178741,7,84000,694
ACCAGATA,0.88296294,0.8829629324207314,7,84000,694
TATCGAAA,0.88258153,0.882581536304787,7,84000,694
TTTCGATA,0.88258153,0.882581536304787,7,84000,694
AATAGATA,0.88158166,0.8815816600008246,7,84000,694
TATCTATT,0.88158166,0.8815816600008246,7,84000,694
TGATGATC,0.88024163,0.8802416195934523,7,84000,694
TATATATC,0.9730446,0.9730445718055498,8,96000,793
GATATATA,0.9730446,0.9730445718055498,8,96000,793
GATATATC,0.97251886,0.9725188636457345,8,96000,793
GATATACC,0.9673236,0.9673236300663836,8,96000,793
TATTGATA,0.9604276,0.9604275759699831,8,96000,793
TATCAATA,0.9604276,0.9604275759699831,8,96000,793
TATGTATC,0.95255226,0.9525522615758876,8,96000,793
TATCACTC,0.9481817,0.9481816682472273,8,96000,793
TATCATTC,0.94123405,0.9412340741351586,8,96000,793
GAATGATA,0.94123405,0.9412340741351586,8,96000,793
GATCGATA,0.9319775,0.9319774873211562,8,96000,793
TATCGATC,0.9319775,0.9319774873211562,8,96000,793
ATTATATC,0.9310807,0.9310806910485301,8,96000,793
TGTTGATA,0.9309467,0.9309466870077928,8,96000,793
TATCAACA,0.9309467,0.9309466870077928,8,96000,793
ACGGTATC,0.93062717,0.9306271389106502,8,96000,793
TATATACC,0.9296994,0.9296994186286234,8,96000,793
GATATAGG,0.92959636,0.929596338597287,8,96000,793
CCTATATC,0.92959636,0.929596338597287,8,96000,793
GACATATC,0.9292562,0.9292561744938771,8,96000,793
GATATGTC,0.9292562,0.9292561744938771,8,96000,793
GATGTATC,0.92898816,0.9289881664124026,8,96000,793
GATACATC,0.92898816,0.9289881664124026,8,96000,793
CATATATC,0.9251948,0.9251948212592257,8,96000,793
GCTGATAC,0.92508143,0.9250814332247558,8,96000,793
GATATAGA,0.9246073,0.9246072650806086,8,96000,793
TCTATATC,0.9246073,0.9246072650806086,8,96000,793
TCCATATC,0.92398876,0.9239887848925906,8,96000,793
TATCTATA,0.9239476,0.923947552880056,8,96000,793
TATAGATA,0.9239476,0.923947552880056,8,96000,793
GATAGATA,0.9238135,0.9238135488393188,8,96000,793
TATCTATC,0.9238135,0.9238135488393188,8,96000,793
TATCATGC,0.92330843,0.9233084566857709,8,96000,793
ACTATATC,0.92187566,0.921875644250196,8,96000,793
GATATAGT,0.92187566,0.921875644250196,8,96000,793
TATCATGA,0.92061806,0.9206180678678927,8,96000,793
GCTATATC,0.9194223,0.9194223395043912,8,96000,793
GATATAGC,0.9194223,0.9194223395043912,8,96000,793
AATCGATA,0.9179174,0.9179173710468809,8,96000,793
TATCGATT,0.9179174,0.9179173710468809,8,96000,793
TCCCTATC,0.91408277,0.9140827938811694,8,96000,793
TATCAATG,0.91283554,0.9128355255019998,8,96000,793
CATTGATA,0.91283554,0.9128355255019998,8,96000,793
GTACGATA,0.9126603,0.912660289448728,8,96000,793
TGTATATC,0.91143364,0.9114336370758257,8,96000,793
GATCAATA,0.91079456,0.9107945408815404,8,96000,793
GATCATTA,0.91079456,0.9107945408815404,8,96000,793
TATTGATC,0.91079456,0.9107945408815404,8,96000,793
GATTGATA,0.9094751,0.9094751164804354,8,96000,793
TATCAATC,0.9094751,0.9094751164804354,8,96000,793
GATATATT,0.90914524,0.9091452603801592,8,96000,793
AATATATC,0.90914524,0.9091452603801592,8,96000,793
TATCAAGC,0.9089082,0.9089081763080856,8,96000,793
GCTTGATA,0.9089082,0.9089081763080856,8,96000,793
GTGAGATA,0.9081763,0.9081763080855977,8,96000,793
TATCAAAC,0.9073001,0.9073001278192389,8,96000,793
TAACGATA,0.9072692,0.907269203809838,8,96000,793
TATCGTTA,0.9072692,0.907269203809838,8,96000,793
TATCGTTC,0.9060941,0.9060940914526039,8,96000,793
GAACGATA,0.9060941,0.9060940914526039,8,96000,793
TATCACGC,0.9045994,0.904599430998227,8,96000,793
GAGAGATA,0.9031048,0.9031047705438503,8,96000,793
TATCTCTC,0.9031048,0.9031047705438503,8,96000,793
TATCGATA,0.90300167,0.903001690512514,8,96000,793
AATATAGA,0.9019503,0.9019502741928833,8,96000,793
TATCTATG,0.90194,0.9019399661897497,8,96000,793
CATAGATA,0.90194,0.9019399661897497,8,96000,793
CCCGGATC,0.9000948,0.9000948336288294,8,96000,793
TATCAACC,0.89998144,0.8999814455943594,8,96000,793
ACTGTATC,0.89874446,0.8987444852183236,8,96000,793
AATTGATA,0.8980538,0.8980538490083702,8,96000,793
TATCAATT,0.8980538,0.8980538490083702,8,96000,793
CCTTGATA,0.89779615,0.8977961489300293,8,96000,793
TATCAAGG,0.89779615,0.8977961489300293,8,96000,793
ACTTGATA,0.8977652,0.8977652249206285,8,96000,793
TATCAAGT,0.8977652,0.8977652249206285,8,96000,793
GAGGGATA,0.8976828,0.8976827608955593,8,96000,793
TACTGATC,0.89521915,0.8952191481466212,8,96000,793
TACGGATC,0.892302,0.8923019832598029,8,96000,793
TATCGCTG,0.89073515,0.8907351667834907,8,96000,793
ATGTGATC,0.88889,0.8888900342225705,8,96000,793
GATATTAC,0.8874881,0.8874881457963963,8,96000,793
CTTCGATA,0.887014,0.8870139776522492,8,96000,793
TATCGAAG,0.887014,0.8870139776522492,8,96000,793
ACCATATC,0.8862821,0.8862821094297613,8,96000,793
ATCCGATC,0.88427204,0.8842720488187028,8,96000,793
GATACAGC,0.8837876,0.8837875726714222,8,96000,793
TTTCGATA,0.88258153,0.882581536304787,8,96000,793
TATCGAAA,0.88258153,0.882581536304787,8,96000,793
TATCTATT,0.88158166,0.8815816600008246,8,96000,793
AATAGATA,0.88158166,0.8815816600008246,8,96000,793
TATCCATA,0.87975717,0.8797571434461716,8,96000,793
TATGGATA,0.87975717,0.8797571434461716,8,96000,793
TATATAGC,0.878881,0.8788809631798128,8,96000,793
AATAGATC,0.87876755,0.8787675751453429,8,96000,793
GATCTATT,0.87876755,0.8787675751453429,8,96000,793
GATCCGGC,0.8777265,0.8777264668288458,8,96000,793
ACCCTATC,0.8768194,0.8768193625530861,8,96000,793
GATCAAAA,0.87549996,0.8754999381519812,8,96000,793
GATATCGC,0.9771575,0.9771574650558693,9,108000,892
TATATATC,0.9730446,0.9730445718055498,9,108000,892
GATATATA,0.9730446,0.9730445718055498,9,108000,892
GATATATC,0.97251886,0.9725188636457345,9,108000,892
GATATACC,0.9673236,0.9673236300663836,9,108000,892
GATATCTC,0.96503526,0.9650352533707169,9,108000,892
TATCGGAT,0.9627675,0.9627674926813178,9,108000,892
ATCCGATA,0.9627675,0.9627674926813178,9,108000,892
TATTGATA,0.9604276,0.9604275759699831,9,108000,892
TATCAATA,0.9604276,0.9604275759699831,9,108000,892
TATGTATC,0.95255226,0.9525522615758876,9,108000,892
GATACATA,0.95255226,0.9525522615758876,9,108000,892
GTGTGATA,0.9519956,0.9519956294066714,9,108000,892
TATCACTC,0.9481817,0.9481816682472273,9,108000,892
ACATGATA,0.9466664,0.9466663917865831,9,108000,892
GGATGATA,0.94549125,0.9454912794293491,9,108000,892
TATCATTC,0.94123405,0.9412340741351586,9,108000,892
GAATGATA,0.94123405,0.9412340741351586,9,108000,892
TATCGATC,0.9319775,0.9319774873211562,9,108000,892
GATCGATA,0.9319775,0.9319774873211562,9,108000,892
TATCAACA,0.9309467,0.9309466870077928,9,108000,892
TATATACC,0.9296994,0.9296994186286234,9,108000,892
CCTATATC,0.92959636,0.929596338597287,9,108000,892
GATATAGG,0.92959636,0.929596338597287,9,108000,892
GATATGTC,0.9292562,0.9292561744938771,9,108000,892
GATGTATC,0.92898816,0.9289881664124026,9,108000,892
GATACATC,0.92898816,0.9289881664124026,9,108000,892
TATATCGC,0.92818415,0.9281841421679792,9,108000,892
GAAGTATC,0.9264318,0.9264317816352615,9,108000,892
CATATATC,0.9251948,0.9251948212592257,9,108000,892
TCTATATC,0.9246073,0.9246072650806086,9,108000,892
GATATAGA,0.9246073,0.9246072650806086,9,108000,892
TCCATATC,0.92398876,0.9239887848925906,9,108000,892
TATCTATA,0.9239476,0.923947552880056,9,108000,892
TATAGATA,0.9239476,0.923947552880056,9,108000,892
GATAGATA,0.9238135,0.9238135488393188,9,108000,892
TATCTATC,0.9238135,0.9238135488393188,9,108000,892
GCATGATA,0.92330843,0.9233084566857709,9,108000,892
GATATAGT,0.92187566,0.921875644250196,9,108000,892
ACTATATC,0.92187566,0.921875644250196,9,108000,892
TCATGATA,0.92061806,0.9206180678678927,9,108000,892
CGTTGATA,0.9195048,0.9195048035294603,9,108000,892
GATATAGC,0.9194223,0.9194223395043912,9,108000,892
GCTATATC,0.9194223,0.9194223395043912,9,108000,892
TATCGATT,0.9179174,0.9179173710468809,9,108000,892
AATCGATA,0.9179174,0.9179173710468809,9,108000,892
GATAGGGA,0.91408277,0.9140827938811694,9,108000,892
TCCCTATC,0.91408277,0.9140827938811694,9,108000,892
GACTGATA,0.9137632,0.9137632457840268,9,108000,892
TATCAATG,0.91283554,0.9128355255019998,9,108000,892
GTACGATA,0.9126603,0.912660289448728,9,108000,892
GATATACA,0.91143364,0.9114336370758257,9,108000,892
GATCAATA,0.91079456,0.9107945408815404,9,108000,892
TAATGATC,0.91079456,0.9107945408815404,9,108000,892
TATTGATC,0.91079456,0.9107945408815404,9,108000,892
GATTGATA,0.9094751,0.9094751164804354,9,108000,892
TATCAATC,0.9094751,0.9094751164804354,9,108000,892
AATATATC,0.90914524,0.9091452603801592,9,108000,892
GATATATT,0.90914524,0.9091452603801592,9,108000,892
GCTTGATA,0.9089082,0.9089081763080856,9,108000,892
TATCAAGC,0.9089082,0.9089081763080856,9,108000,892
TATCAAAC,0.9073001,0.9073001278192389,9,108000,892
GTTTGATA,0.9073001,0.9073001278192389,9,108000,892
TAACGATA,0.9072692,0.907269203809838,9,108000,892
TATCGTTA,0.9072692,0.907269203809838,9,108000,892
GAACGATA,0.9060941,0.9060940914526039,9,108000,892
TATCGTTC,0.9060941,0.9060940914526039,9,108000,892
TATCACGC,0.9045994,0.904599430998227,9,108000,892
GAGAGATA,0.9031048,0.9031047705438503,9,108000,892
TATCTCTC,0.9031048,0.9031047705438503,9,108000,892
TATCGATA,0.90300167,0.903001690512514,9,108000,892
GGTATAAT,0.9022595,0.9022595142868923,9,108000,892
AATATAGA,0.9019503,0.9019502741928833,9,108000,892
CATAGATA,0.90194,0.9019399661897497,9,108000,892
TATCTATG,0.90194,0.9019399661897497,9,108000,892
ATTGGATC,0.9010535,0.9010534779202574,9,108000,892
GATCCGGG,0.9000948,0.9000948336288294,9,108000,892
TATCAACC,0.89998144,0.8999814455943594,9,108000,892
GGTTGATA,0.89998144,0.8999814455943594,9,108000,892
AATTGATA,0.8980538,0.8980538490083702,9,108000,892
TATCAATT,0.8980538,0.8980538490083702,9,108000,892
TATCAAGG,0.89779615,0.8977961489300293,9,108000,892
ACTTGATA,0.8977652,0.8977652249206285,9,108000,892
TATCCCTC,0.8976828,0.8976827608955593,9,108000,892
AATATACC,0.89603347,0.896033480394178,9,108000,892
TACTGATC,0.89521915,0.8952191481466212,9,108000,892
GCAGTATC,0.8951882,0.8951882241372201,9,108000,892
TATCGGTT,0.8930957,0.8930956995010927,9,108000,892
GATCACAC,0.8910341,0.8910340988743661,9,108000,892
GTGTGATC,0.8910341,0.8910340988743661,9,108000,892
TATCGCTG,0.89073515,0.8907351667834907,9,108000,892
TATCGAAG,0.887014,0.8870139776522492,9,108000,892
GATATGGT,0.8862821,0.8862821094297613,9,108000,892
GATCGGAT,0.88427204,0.8842720488187028,9,108000,892
GCTGTATC,0.8837876,0.8837875726714222,9,108000,892
GATACAGC,0.8837876,0.8837875726714222,9,108000,892
ATACGATC,0.8832825,0.8832824805178741,9,108000,892
TATCGAAA,0.88258153,0.882581536304787,9,108000,892
TTTCGATA,0.88258153,0.882581536304787,9,108000,892
GGGGTATC,0.99091864,0.9909186492392694,10,120000,991
GATATATA,0.9730446,0.9730445718055498,10,120000,991
TATATATC,0.9730446,0.9730445718055498,10,120000,991
GATATATC,0.97251886,0.9725188636457345,10,120000,991
GGTGTATC,0.9676947,0.9676947181791943,10,120000,991
GATATACC,0.9673236,0.9673236300663836,10,120000,991
GGTATATC,0.9673236,0.9673236300663836,10,120000,991
TATCGTAT,0.9657156,0.9657155815775369,10,120000,991
GAGATATC,0.96503526,0.9650352533707169,10,120000,991
TATCAATA,0.9604276,0.9604275759699831,10,120000,991
TATTGATA,0.9604276,0.9604275759699831,10,120000,991
GAGGTATC,0.9544386,0.9544386261493425,10,120000,991
GATATCGG,0.95283055,0.9528305776604957,10,120000,991
GATCCCCC,0.95283055,0.9528305776604957,10,120000,991
GATACATA,0.95255226,0.9525522615758876,10,120000,991
TATGTATC,0.95255226,0.9525522615758876,10,120000,991
CCCATATC,0.9523461,0.9523461015132149,10,120000,991
GAGTGATA,0.9481817,0.9481816682472273,10,120000,991
TATCATTC,0.94123405,0.9412340741351586,10,120000,991
GAATGATA,0.94123405,0.9412340741351586,10,120000,991
TCGATATC,0.94004864,0.9400486537747907,10,120000,991
GATACTCC,0.93565744,0.9356574444398631,10,120000,991
TATCGATC,0.9319775,0.9319774873211562,10,120000,991
GATCGATA,0.9319775,0.9319774873211562,10,120000,991
TGTTGATA,0.9309467,0.9309466870077928,10,120000,991
TATATACC,0.9296994,0.9296994186286234,10,120000,991
CCTATATC,0.92959636,0.929596338597287,10,120000,991
GACATATC,0.9292562,0.9292561744938771,10,120000,991
GATATGTC,0.9292562,0.9292561744938771,10,120000,991
GATGTATC,0.92898816,0.9289881664124026,10,120000,991
TATATCGC,0.92818415,0.9281841421679792,10,120000,991
CATATATC,0.9251948,0.9251948212592257,10,120000,991
TCTATATC,0.9246073,0.9246072650806086,10,120000,991
GATATAGA,0.9246073,0.9246072650806086,10,120000,991
TCCATATC,0.92398876,0.9239887848925906,10,120000,991
TATAGATA,0.9239476,0.923947552880056,10,120000,991
TATCTATA,0.9239476,0.923947552880056,10,120000,991
TATCTATC,0.9238135,0.9238135488393188,10,120000,991
GATAGATA,0.9238135,0.9238135488393188,10,120000,991
GCATGATA,0.92330843,0.9233084566857709,10,120000,991
ACTATATC,0.92187566,0.921875644250196,10,120000,991
GATATAGT,0.92187566,0.921875644250196,10,120000,991
TATCATGA,0.92061806,0.9206180678678927,10,120000,991
GTGATAGG,0.92004085,0.9200408196924091,10,120000,991
GATATAGC,0.9194223,0.9194223395043912,10,120000,991
GCTATATC,0.9194223,0.9194223395043912,10,120000,991
TATCGATT,0.9179174,0.9179173710468809,10,120000,991
AATCGATA,0.9179174,0.9179173710468809,10,120000,991
GATACCGC,0.9176391,0.9176390549622727,10,120000,991
GATAGGGA,0.91408277,0.9140827938811694,10,120000,991
CATTGATA,0.91283554,0.9128355255019998,10,120000,991
TATCGTAC,0.9126603,0.912660289448728,10,120000,991
GATATACA,0.91143364,0.9114336370758257,10,120000,991
GATCAATA,0.91079456,0.9107945408815404,10,120000,991
TAATGATC,0.91079456,0.9107945408815404,10,120000,991
GATCATTA,0.91079456,0.9107945408815404,10,120000,991
TATTGATC,0.91079456,0.9107945408815404,10,120000,991
GATTGATA,0.9094751,0.9094751164804354,10,120000,991
TATCAATC,0.9094751,0.9094751164804354,10,120000,991
AAGTGATC,0.9092793,0.9092792644208963,10,120000,991
GATATATT,0.90914524,0.9091452603801592,10,120000,991
AATATATC,0.90914524,0.9091452603801592,10,120000,991
GCTTGATA,0.9089082,0.9089081763080856,10,120000,991
TATCAAGC,0.9089082,0.9089081763080856,10,120000,991
TATCAAAC,0.9073001,0.9073001278192389,10,120000,991
GTTTGATA,0.9073001,0.9073001278192389,10,120000,991
TATCGTTA,0.9072692,0.907269203809838,10,120000,991
TAACGATA,0.9072692,0.907269203809838,10,120000,991
TATCGTTC,0.9060941,0.9060940914526039,10,120000,991
GAACGATA,0.9060941,0.9060940914526039,10,120000,991
TATCTCTC,0.9031048,0.9031047705438503,10,120000,991
TATCGATA,0.90300167,0.903001690512514,10,120000,991
CATAGATA,0.90194,0.9019399661897497,10,120000,991
TATCTATG,0.90194,0.9019399661897497,10,120000,991
GCCGTATC,0.90131116,0.9013111779985981,10,120000,991
GATCCAAT,0.9010535,0.9010534779202574,10,120000,991
GAGATACC,0.9001773,0.9001772976538985,10,120000,991
TATCAACC,0.89998144,0.8999814455943594,10,120000,991
GGTTGATA,0.89998144,0.8999814455943594,10,120000,991
GGAGGATA,0.89977527,0.8997752855316867,10,120000,991
AATTGATA,0.8980538,0.8980538490083702,10,120000,991
TATCAATT,0.8980538,0.8980538490083702,10,120000,991
CCTTGATA,0.89779615,0.8977961489300293,10,120000,991
TATCAAGG,0.89779615,0.8977961489300293,10,120000,991
TATCAAGT,0.8977652,0.8977652249206285,10,120000,991
ACTTGATA,0.8977652,0.8977652249206285,10,120000,991
GCAGTATC,0.8951882,0.8951882241372201,10,120000,991
GATCATAC,0.8940234,0.8940234197831196,10,120000,991
TATCGGTT,0.8930957,0.8930956995010927,10,120000,991
AACTGATC,0.8914361,0.8914361109965778,10,120000,991
GATCACAC,0.8910341,0.8910340988743661,10,120000,991
TATCGCTG,0.89073515,0.8907351667834907,10,120000,991
CATGTATC,0.89008576,0.8900857625860719,10,120000,991
GATCATCC,0.8900548,0.890054838576671,10,120000,991
GATATTAC,0.8874881,0.8874881457963963,10,120000,991
TATCTAAG,0.8843957,0.8843957448563065,10,120000,991
GCTGTATC,0.8837876,0.8837875726714222,10,120000,991
GATACAGC,0.8837876,0.8837875726714222,10,120000,991
GATCGTAT,0.8832825,0.8832824805178741,10,120000,991
