{"run_id": "02:37:19-01/15/2025", "exp_name": "DynaPPO_Agent_10_10", "model_name": "CNN_hidden_size_100_num_filters_32", "landscape_name": "TF_Binding", "rounds": 10, "sequences_batch_size": 100, "model_queries_per_batch": 500}
sequence,model_score,true_score,round,model_cost,measurement_cost
GCTCGAGC,,0.5502102832639261,0,0,1
ACTGGGTT,0.38719785,0.35604873623881583,1,540,101
GCTCGCTT,0.38518605,0.3999505215849586,1,540,101
CTTCGATT,0.38410333,0.40296045849997936,1,540,101
TAGATCCT,0.37232077,0.7796767410217293,1,540,101
CCCCGATT,0.3704613,0.5334700861749062,1,540,101
TTCGCGGT,0.36994892,0.37224260916175317,1,540,101
TTTCTAGT,0.3649903,0.37435574980414793,1,540,101
AAATCGTT,0.36382517,0.4030635385313157,1,540,101
GCCCGGTT,0.36189806,0.3792211272832227,1,540,101
CACGATAT,0.36069548,0.8611924298024987,1,540,101
GGACGATT,0.36064684,0.3812002638848802,1,540,101
ACGATGGT,0.36019823,0.2474023832103245,1,540,101
CCATCGGT,0.35848117,0.4671793180225127,1,540,101
ACTCTACT,0.35811925,0.4516039252875933,1,540,101
GCGCGGTT,0.35690218,0.22722962107780478,1,540,101
TCCGCGTT,0.35602102,0.3549148558941162,1,540,101
AGATGGAT,0.35476652,0.7188389065270275,1,540,101
TCGTCGGT,0.35466716,0.38852925411289324,1,540,101
GAACGACT,0.35294628,0.23139405434379254,1,540,101
TGAACGGT,0.35060397,0.33239186904712814,1,540,101
TGAACGTT,0.34993744,0.3062920051127695,1,540,101
AGATGGGT,0.34918126,0.48886735661567643,1,540,101
GCTAGGTT,0.3472644,0.42054591184595724,1,540,101
CATTCGTT,0.3459761,0.2833566981404362,1,540,101
ACTGAGCT,0.34580526,0.49250608172184884,1,540,101
TCCTGAGT,0.3421383,0.5413144765596009,1,540,101
CTTGGAAT,0.34169474,0.44852183235063703,1,540,101
GGACTCGT,0.34150553,0.294623345565497,1,540,101
TTCTTTGT,0.33848807,0.5302746052034799,1,540,101
GATCCGTT,0.33761096,0.8721395291304168,1,540,101
GACAGTGT,0.3373829,0.41442295798457923,1,540,101
TACGGGTT,0.33648634,0.5822372490001237,1,540,101
ACCTATCT,0.33549637,0.8120438708613367,1,540,101
GCCTCTAT,0.33526927,0.24268131777512061,1,540,101
AGAACTCT,0.3346824,0.4100420566527852,1,540,101
CTCTAGCT,0.33457235,0.4985878035706923,1,540,101
TCGTCTGT,0.33359239,0.4648290933080444,1,540,101
GAACCGAT,0.33351988,0.6167175194821259,1,540,101
GTCTGGTT,0.33233222,0.4048674390797015,1,540,101
AATCGCCT,0.33102494,0.5655279759205046,1,540,101
CCCACGTT,0.33100572,0.2990248629035583,1,540,101
CTCGGCCT,0.3308292,0.29255143693563684,1,540,101
TGGCTTGT,0.3304705,0.2519172885828557,1,540,101
TTCGGCTT,0.3299602,0.331948624912382,1,540,101
GTCTGTGT,0.32944453,0.36678967550406133,1,540,101
CACGGTGT,0.32796943,0.5676101925534985,1,540,101
CCGATTGT,0.32659096,0.5705582814497175,1,540,101
TATCCGGT,0.32656845,0.8104770543850245,1,540,101
TTTTCGAT,0.32631102,0.7905001443120439,1,540,101
CATGGTTT,0.3239243,0.5886282109429761,1,540,101
GCTTGGCT,0.32253882,0.2518863645734548,1,540,101
GGAAGGTT,0.3221314,0.3214241537129427,1,540,101
TAACCTGT,0.32202697,0.48979507689770335,1,540,101
CCCGTGCT,0.32140294,0.19802704820022266,1,540,101
GCCATCGT,0.32087842,0.31789881664124026,1,540,101
AGAAGGTT,0.32082477,0.40960912052117265,1,540,101
ACGGAACT,0.32047346,0.3745825258730879,1,540,101
GGTCGCCT,0.3204484,0.25714344617160767,1,540,101
GATCAAAT,0.3204035,0.7559477178081062,1,540,101
AAGTTGGT,0.32004702,0.4492227765637241,1,540,101
GTACGTTT,0.32003638,0.48987754092277247,1,540,101
CGGTTGAT,0.3199654,0.7165092978188266,1,540,101
AGGAGCCT,0.3194932,0.20762379911763493,1,540,101
GACCTTGT,0.318492,0.4621283964870325,1,540,101
GAAGGGGT,0.31817806,0.6510431699171236,1,540,101
CGTAGAGT,0.31786862,0.45066589700243265,1,540,101
GAAACTCT,0.31772584,0.2608852513091164,1,540,101
CCTCTCAT,0.3173071,0.5216571145837628,1,540,101
GCCCCAGT,0.31589198,0.4608089720859275,1,540,101
TACTCATT,0.31529322,0.6379416979342761,1,540,101
GACCAGTT,0.31481722,0.2824908258772111,1,540,101
TAAAGTTT,0.31464475,0.5575908135076073,1,540,101
CGCGGGGT,0.3143293,0.4676225621572589,1,540,101
AGCTGTTT,0.31413975,0.5372015833092814,1,540,101
GGAATGGT,0.31407252,0.4561806786789263,1,540,101
GCCCCTGT,0.3136339,0.23905290067208182,1,540,101
CATTGGTT,0.31277636,0.49717560714138453,1,540,101
TGTCAAGT,0.31227174,0.6342308168061683,1,540,101
CGATGTAT,0.31130952,0.7363212798416691,1,540,101
TAAGAGTT,0.311279,0.5016698965076486,1,540,101
CCGGTCTT,0.3111665,0.2521234486455284,1,540,101
CTAGGTCT,0.3110818,0.37720075866903063,1,540,101
ATCATCGT,0.31088307,0.7648229085061642,1,540,101
AATCAGCT,0.3108119,0.5465200181420855,1,540,101
CGATTAAT,0.31040078,0.6976559600874119,1,540,101
TTTCTGTT,0.3100434,0.48456891930895146,1,540,101
AGAACCCT,0.30895096,0.5663938481837298,1,540,101
ATATGTTT,0.3085372,0.7614109594689317,1,540,101
AGAATTTT,0.3073416,0.3273512555147817,1,540,101
CGAATGGT,0.30704176,0.38179812806663094,1,540,101
CAGGATGT,0.3065865,0.6332412485053396,1,540,101
GTAACTTT,0.3063683,0.2956747618851276,1,540,101
TAATTCGT,0.3062781,0.5287284047334351,1,540,101
ACACCATT,0.3062665,0.8265781552797592,1,540,101
GCAGATAT,0.30599275,0.8087040778460397,1,540,101
CATGAGCT,0.3056885,0.6416628870655177,1,540,101
GTCGGGCT,0.30567238,0.09293695625283473,1,540,101
TAAGTCTT,0.3049615,0.4658598936214077,1,540,101
GGAAACCT,0.30436048,0.17864800230899272,1,540,101
AGCGACGT,0.30381384,0.25101018430709604,1,540,101
CAATTAAT,0.6051701,0.6534552426503938,2,1080,201
AATCAATT,0.5921863,0.4392240135241001,2,1080,201
TATTCAAT,0.59038615,0.8056116769059497,2,1080,201
ATCTATTT,0.573813,0.7934585412113965,2,1080,201
GATCTAAT,0.5663706,0.7868923432152723,2,1080,201
ATATTAAT,0.5502045,0.9030738465344494,2,1080,201
AATCGGAT,0.5457715,0.7483094874860842,2,1080,201
TACCATTT,0.5431022,0.5095142868923432,2,1080,201
CTATTTAT,0.54280543,0.7464231229126294,2,1080,201
AAATCATT,0.5366482,0.3911887189213706,2,1080,201
AACAGTTT,0.5250258,0.5084422545664454,2,1080,201
TATATGGT,0.52470136,0.845905661155321,2,1080,201
AATGAGAT,0.5220642,0.7829959180307592,2,1080,201
GAGGTTAT,0.51886725,0.674596957077475,2,1080,201
TATATAGT,0.51409847,0.8548633158784481,2,1080,201
TCAGATTT,0.51140386,0.7303941780398302,2,1080,201
CTAGATCT,0.5110976,0.7416917494742918,2,1080,201
GATAAATT,0.5101598,0.6459304003628418,2,1080,201
GTTCGAAT,0.50982356,0.47162206737310847,2,1080,201
CCCTATTT,0.50906503,0.573609450377273,2,1080,201
TCTCAAAT,0.5089004,0.8053436688244753,2,1080,201
TGTCAATT,0.50699425,0.5003813961159445,2,1080,201
TGGGATAT,0.5066667,0.9142477219313074,2,1080,201
TCTAGATT,0.50533426,0.5946893167855523,2,1080,201
AATCATCT,0.50521326,0.7145095452109017,2,1080,201
GGTTGAAT,0.5026071,0.4777347132313528,2,1080,201
ACATGGAT,0.50112844,0.7152001814208551,2,1080,201
TGTCGAGT,0.49963206,0.4171648868181256,2,1080,201
TAGCATAT,0.4987167,0.7776769884138045,2,1080,201
TGTCCGTT,0.49809706,0.36698552756360037,2,1080,201
GGATCCGT,0.49276674,0.8424834041149548,2,1080,201
TAACGAAT,0.49141142,0.5538180843606977,2,1080,201
TGCATCGT,0.4910164,0.26997691007298064,2,1080,201
TATTAAGT,0.49086583,0.6963674596957077,2,1080,201
TATTCGTT,0.48939273,0.6006782666061931,2,1080,201
ATTAGATT,0.48855814,0.38397311672782747,2,1080,201
TAAACGAT,0.4878196,0.743062713891065,2,1080,201
GACAATCT,0.4875581,0.43860553333608215,2,1080,201
TTACATGT,0.4796629,0.5502824392858615,2,1080,201
AGAATGAT,0.47492662,0.8008184554488105,2,1080,201
CGGATCGT,0.473546,0.8570383045396446,2,1080,201
CGCTTTAT,0.47337127,0.5997917783367006,2,1080,201
TGATATCT,0.4716195,0.9870325320578899,2,1080,201
GAAGCATT,0.47151586,0.3664185873912506,2,1080,201
TTCCAGAT,0.4705311,0.6043685317280336,2,1080,201
AACATTCT,0.47010282,0.40693934770956175,2,1080,201
AACTGGTT,0.46827322,0.45231517750381395,2,1080,201
GCTCAACT,0.46740824,0.34159691584546237,2,1080,201
AAAATAGT,0.4673094,0.6122747701315301,2,1080,201
CTTCAGAT,0.46606562,0.5493650270069682,2,1080,201
CAGAGTAT,0.4630522,0.8405661155320991,2,1080,201
CACATCGT,0.4623364,0.5825774131035335,2,1080,201
CGTATCAT,0.46156573,0.9847338473590895,2,1080,201
GGAATATT,0.46119794,0.7582979425225745,2,1080,201
ATCAAATT,0.46067038,0.6905331299220715,2,1080,201
TGTTGATT,0.46012503,0.7415165134210201,2,1080,201
CATAGAGT,0.45984593,0.3788500391704119,2,1080,201
TAGCGATT,0.45944157,0.5086277986228508,2,1080,201
TCGTATCT,0.45739302,0.8627386302725435,2,1080,201
GTTGAAAT,0.45574227,0.5049581495072775,2,1080,201
TCAATCTT,0.45249325,0.6352513091163979,2,1080,201
GTAATTAT,0.45220107,0.6413639549746423,2,1080,201
CTGCATTT,0.4498526,0.38099410382220755,2,1080,201
GAACTTAT,0.4497695,0.631066259844143,2,1080,201
ACTAAGTT,0.4491645,0.31340452727497625,2,1080,201
CGTGATGT,0.44872567,0.34729724157836145,2,1080,201
CAAGTTTT,0.44732895,0.43336906774419665,2,1080,201
GGACATGT,0.44422153,0.4703541829876716,2,1080,201
CCCGAAGT,0.44402212,0.33010349235146164,2,1080,201
CTGTCAGT,0.44339174,0.3615738259184431,2,1080,201
GCTAGAGT,0.4431449,0.4594895476848225,2,1080,201
TACGAGCT,0.44236693,0.4430482826866779,2,1080,201
TGGCCGAT,0.44210318,0.5283573166206242,2,1080,201
TAGAACTT,0.44148934,0.471972539479652,2,1080,201
TACGCAAT,0.44075724,0.5941017606069353,2,1080,201
GAAGTTTT,0.44066608,0.43158578320207813,2,1080,201
ACGGTATT,0.4400351,0.8424112480930194,2,1080,201
TTGTCAAT,0.43982917,0.5176266853585123,2,1080,201
CCATCTCT,0.43977308,0.6164185873912505,2,1080,201
GGTGTGAT,0.4391266,0.8287840679503566,2,1080,201
CCTGTGAT,0.43839243,0.7199109388529255,2,1080,201
ACAGGAAT,0.4378893,0.36076980167401973,2,1080,201
TAAATTCT,0.4376735,0.4158557704201542,2,1080,201
TATCGTCT,0.4371483,0.8732631014719828,2,1080,201
GCGATGGT,0.43700147,0.2863254030429225,2,1080,201
CTGGGTTT,0.4369376,0.5761761431575475,2,1080,201
TAGACAAT,0.43565467,0.7037686059456563,2,1080,201
TCTGGAGT,0.43399855,0.40242444233703045,2,1080,201
ACTAATAT,0.433632,0.8316806168309074,2,1080,201
CAGGTCAT,0.4332492,0.45003710881128106,2,1080,201
CACTCGTT,0.43288887,0.5181730095245949,2,1080,201
ATCATCAT,0.43077132,0.7940770213994146,2,1080,201
CCTCCGTT,0.42974618,0.4155877623386798,2,1080,201
ACGTTGAT,0.42929074,0.7060982146538574,2,1080,201
CCACGAGT,0.42923415,0.2665340370263472,2,1080,201
CCTGAGCT,0.42905667,0.42113346802457424,2,1080,201
CGATTCTT,0.42880794,0.4928771698346597,2,1080,201
AGAACTGT,0.42875955,0.5810724446460231,2,1080,201
GCCGAGTT,0.4274143,0.14064239475528795,2,1080,201
CCACAAAT,0.42698473,0.3809631798128067,2,1080,201
TAATTTAT,0.8478144,0.6247989939388942,3,1620,301
TAGAATAT,0.83472836,0.8111676905949778,3,1620,301
CGTATTAT,0.8242879,0.8977549169174948,3,1620,301
TTCTATAT,0.81172776,0.8683667999835072,3,1620,301
CGATTGAT,0.80273956,0.768987341772152,3,1620,301
TTGATGAT,0.7921704,0.8062610811033687,3,1620,301
TATTATCT,0.78420067,0.871881829052076,3,1620,301
ACATATTT,0.7773608,0.6358285572918814,3,1620,301
AGAGTAAT,0.75724435,0.7132313528223313,3,1620,301
CATATAGT,0.7493342,0.6314476559600875,3,1620,301
CCATGTAT,0.74801725,0.7573186822248794,3,1620,301
TTAATGAT,0.747067,0.8759225662804602,3,1620,301
TACATTAT,0.73757327,0.7990970189254938,3,1620,301
ACGATGAT,0.7352385,0.7648229085061642,3,1620,301
TGTATAGT,0.73374844,0.7663484929699418,3,1620,301
ACCATATT,0.73080623,0.7134168968787367,3,1620,301
TCGATATT,0.69441485,0.7505257081598152,3,1620,301
CAGAACAT,0.67636514,0.5438399373273409,3,1620,301
AGAGATTT,0.67487425,0.4475734960623428,3,1620,301
ATTATAGT,0.67430574,0.6945120191316538,3,1620,301
AACTTATT,0.6710678,0.6289015791860801,3,1620,301
GATTACAT,0.6699772,0.770842782336206,3,1620,301
TACTCTAT,0.6625189,0.6960582196016988,3,1620,301
CACTTGAT,0.65595335,0.6274378427411041,3,1620,301
TTGTTGAT,0.65498734,0.8687894281119861,3,1620,301
CTTGTTAT,0.65013283,0.7162619057436194,3,1620,301
TGGTGTAT,0.6498371,0.855368408031996,3,1620,301
GTTATAGT,0.6496282,0.46702469797550816,3,1620,301
AATATTCT,0.6484119,0.5950810209046304,3,1620,301
AATTAAGT,0.64802116,0.5947614728074877,3,1620,301
TCATGAAT,0.6476644,0.5665690842370016,3,1620,301
TAATCTTT,0.64406216,0.6512699459860636,3,1620,301
TAGTCGAT,0.64342946,0.6832144476971922,3,1620,301
TAAGTATT,0.6403581,0.7760689399249577,3,1620,301
TAATCAGT,0.63537264,0.6722364243598731,3,1620,301
AACCATGT,0.63507676,0.4130313775615388,3,1620,301
TACAATGT,0.6321548,0.40046592174164025,3,1620,301
AACTAGAT,0.6305014,0.730651878118171,3,1620,301
CCTATACT,0.6263266,0.6967179318022513,3,1620,301
TATACCGT,0.6236306,0.7463612748938276,3,1620,301
CACTCTAT,0.6234578,0.5490867109223602,3,1620,301
GGGACCAT,0.61658645,0.2475363872510617,3,1620,301
GGTCAAAT,0.61486906,0.5075042262812848,3,1620,301
TTACTTAT,0.6140254,0.629159279264421,3,1620,301
AGAACCAT,0.6129357,0.38675627757390835,3,1620,301
GTCCATCT,0.60896814,0.3859419453263514,3,1620,301
CCAAATTT,0.6071701,0.45922153960334805,3,1620,301
TGACAGAT,0.606033,0.6713911681029151,3,1620,301
TATCGGCT,0.6041902,0.7470725271100482,3,1620,301
CAAACCAT,0.60339236,0.5904424194944955,3,1620,301
AAACCAAT,0.60257196,0.6249123819733642,3,1620,301
TAGCGTAT,0.60238904,0.8114563146827196,3,1620,301
CGATCAGT,0.60050446,0.7787284047334351,3,1620,301
CCGCTAAT,0.60022426,0.37738630272543605,3,1620,301
TGATAGGT,0.59219575,0.9280192141178412,3,1620,301
TGCAATGT,0.59212136,0.3401022553910857,3,1620,301
TCATCATT,0.59137416,0.6054199480476642,3,1620,301
AACAATTT,0.58866435,0.47689976497752856,3,1620,301
TACTAAGT,0.58608025,0.48973322887890164,3,1620,301
TCCGTAAT,0.5829269,0.5250587556178617,3,1620,301
GGCATAGT,0.58253765,0.4888570486125428,3,1620,301
TGGACGAT,0.58163255,0.6478064569331629,3,1620,301
TTAACCAT,0.5813669,0.4377293530697233,3,1620,301
CTATCTTT,0.5802033,0.7525048447614728,3,1620,301
CCATTATT,0.5778375,0.4398528017152517,3,1620,301
CGTGAGAT,0.57566357,0.5319135777017276,3,1620,301
AGATTTTT,0.57247305,0.5838762214983714,3,1620,301
GACAATGT,0.5687853,0.4467385478085185,3,1620,301
TCGGAAAT,0.56405807,0.6547231270358306,3,1620,301
CTCTGTTT,0.56308585,0.3908176308085598,3,1620,301
GGAAATTT,0.5558029,0.32550612295386133,3,1620,301
TTGGTCAT,0.55230397,0.5437162412897374,3,1620,301
TCGCGTAT,0.54950607,0.7811920174823733,3,1620,301
ACCACATT,0.54849386,0.44921246856059044,3,1620,301
AGGATGCT,0.5483767,0.38843648208469056,3,1620,301
TCTTTAGT,0.54778385,0.4118253411949037,3,1620,301
ACTCAATT,0.5474915,0.4378324331010596,3,1620,301
TCAGCTAT,0.54694426,0.6665154826207067,3,1620,301
GGACATTT,0.5462015,0.37235599719622314,3,1620,301
GGTCCATT,0.5429342,0.4177112109842081,3,1620,301
TCTAAAGT,0.5408042,0.6453531521873583,3,1620,301
TAGGGATT,0.5404085,0.6644332659877128,3,1620,301
CTCATCGT,0.5392474,0.6178101678142911,3,1620,301
GATTAGCT,0.5368545,0.6674122788933328,3,1620,301
ATACGTTT,0.5348786,0.795468601822455,3,1620,301
CTAACGAT,0.5335512,0.8010349235146168,3,1620,301
TTCCGATT,0.53353447,0.43294643961571766,3,1620,301
AACAAACT,0.5310804,0.3779429348946522,3,1620,301
AAGTTAGT,0.52893436,0.22182822743578115,3,1620,301
GTAAACAT,0.52890325,0.6031831113676659,3,1620,301
TTCAGAGT,0.52852255,0.49118665732074385,3,1620,301
ACGATTTT,0.527719,0.5168020451078218,3,1620,301
GCGTAACT,0.5263811,0.2990145549004247,3,1620,301
TTAACGAT,0.52616006,0.7355687956129138,3,1620,301
GCAGAGAT,0.52546185,0.6731126046262318,3,1620,301
TCTGTGTT,0.5223411,0.5780212757184678,3,1620,301
TTTCAACT,0.52228236,0.4780542613284955,3,1620,301
CTGTCTCT,0.519163,0.5362532470209871,3,1620,301
CCTAGGAT,0.51761633,0.7086855234403993,3,1620,301
GTCATCGT,0.5151117,0.4049705191110378,3,1620,301
TCGTATAT,1.0260046,0.800354595307797,4,2160,401
TCATATAT,0.9997405,0.9140827938811694,4,2160,401
GGTATAAT,0.9798323,0.9022595142868923,4,2160,401
TATCCAAT,0.8705715,0.8540695996371583,4,2160,401
TATAGCAT,0.826819,0.6544551189543562,4,2160,401
GGATATCT,0.8176983,0.9474394920216056,4,2160,401
TCGGGTAT,0.81136197,0.8407207355791037,4,2160,401
ACTATTAT,0.805612,0.7078711911928421,4,2160,401
GTCATAAT,0.786135,0.5694140931018843,4,2160,401
GATTAGAT,0.78307086,0.7839545623221869,4,2160,401
GATGTTAT,0.7809482,0.6513627180142663,4,2160,401
ATACGTAT,0.77458984,0.9486661443945079,4,2160,401
GATGGTAT,0.77120703,0.8573990846493217,4,2160,401
CAAATGAT,0.77087593,0.7247763163320001,4,2160,401
TATAAAGT,0.7624745,0.6993258565950604,4,2160,401
AGCATATT,0.7388878,0.7121387044901663,4,2160,401
GTATAAAT,0.73453486,0.8138477714097226,4,2160,401
ATCTTGAT,0.73239887,0.7470106790912464,4,2160,401
CGGGTTAT,0.7243109,0.5666824722714715,4,2160,401
CCAGGTAT,0.7187556,0.652692450418505,4,2160,401
GTACATAT,0.70931,0.8098070341813385,4,2160,401
ACTCATAT,0.70803475,0.8400197913660166,4,2160,401
TTATCTCT,0.7054837,0.8721498371335505,4,2160,401
TCCTTTAT,0.6919907,0.6293448233208263,4,2160,401
GCCATAAT,0.69033486,0.5320372737393313,4,2160,401
CGTTTATT,0.6899102,0.4304312868511112,4,2160,401
CCCATTAT,0.6854579,0.5613429266482497,4,2160,401
CTTGTGAT,0.6843406,0.7603080031336329,4,2160,401
TGTGCTAT,0.6843128,0.6360347173545541,4,2160,401
AATGTGTT,0.6843105,0.5110192553498537,4,2160,401
GTCATTAT,0.67878616,0.5887209829711788,4,2160,401
GATCACAT,0.6787777,0.8888900342225705,4,2160,401
GGTTAAAT,0.6770693,0.6262730383870037,4,2160,401
CGCATATT,0.66416377,0.7017379293283306,4,2160,401
CACGTTAT,0.6621244,0.550777223436276,4,2160,401
CCGCTTAT,0.6617569,0.5325423658928793,4,2160,401
TGTAGATT,0.65844584,0.6253968581206448,4,2160,401
TTTTGTGT,0.6558587,0.590627963550901,4,2160,401
TGACGTAT,0.65533733,0.6474147528140849,4,2160,401
CAGTCTAT,0.6527284,0.5300684451408073,4,2160,401
TATTCTCT,0.6466195,0.561951098833134,4,2160,401
GACAGTAT,0.64653814,0.750536016162949,4,2160,401
CAGGAGAT,0.6463302,0.7357543396693192,4,2160,401
GTATCTCT,0.6434225,0.8931472395167608,4,2160,401
ATAACAAT,0.643025,0.7041396940584671,4,2160,401
ACAGATTT,0.64066064,0.4139487898404321,4,2160,401
CCTGTCAT,0.6274965,0.34182369191440237,4,2160,401
TGATAGTT,0.6248374,0.8894466663917866,4,2160,401
AATAGGCT,0.6244754,0.6090277491444357,4,2160,401
GATGGAAT,0.6211377,0.5841545375829794,4,2160,401
CTATGTTT,0.6173851,0.36467653486166657,4,2160,401
CGATAGGT,0.6172363,0.8082299097018926,4,2160,401
TAACAAAT,0.5919221,0.5282542365892879,4,2160,401
ATACGAAT,0.59037185,0.657547519894446,4,2160,401
GGTCGTAT,0.5865388,0.7438667381354883,4,2160,401
ACGTACAT,0.5863506,0.289149795901538,4,2160,401
AGACTGAT,0.5831413,0.7818517296829258,4,2160,401
AATGAACT,0.5827638,0.3087762338679751,4,2160,401
TAATTGGT,0.5786665,0.5123696037603596,4,2160,401
AGAACGAT,0.5776067,0.7468663670473756,4,2160,401
AAGTGAAT,0.5770958,0.6589597163237538,4,2160,401
AATTAGCT,0.57450616,0.45772687914897126,4,2160,401
GAATGCAT,0.57315964,0.4749000123696038,4,2160,401
TCGAACAT,0.56681585,0.4584999793839937,4,2160,401
CATCCCTT,0.5630775,0.4337916958726755,4,2160,401
GTATGATT,0.5629475,0.6701129757143447,4,2160,401
CTTGGGAT,0.56214136,0.6081103368655424,4,2160,401
TCTGCATT,0.5616537,0.5603121263348864,4,2160,401
ATACAAAT,0.5608352,0.6810085350265946,4,2160,401
TCCACAAT,0.5577168,0.691223766132025,4,2160,401
CTCATCTT,0.55713826,0.5004020121222117,4,2160,401
ATCAAAGT,0.5542563,0.7266420648991877,4,2160,401
ACAACTAT,0.55425596,0.54105677648126,4,2160,401
GATACCTT,0.5520455,0.9706634230816805,4,2160,401
ATCGTAGT,0.5517125,0.6732259926607017,4,2160,401
TACCTACT,0.5510703,0.37223230115861955,4,2160,401
ATGAACAT,0.5504213,0.4714468313198367,4,2160,401
TGAGTCAT,0.54842275,0.45553127448150743,4,2160,401
TACTACCT,0.5445878,0.5978744897538449,4,2160,401
ATCTGGGT,0.5442385,0.8187646889044654,4,2160,401
GATCTACT,0.5442165,0.8567909124644374,4,2160,401
CATGTTGT,0.54339385,0.566868016327877,4,2160,401
GGTGACAT,0.5433302,0.500587556178617,4,2160,401
GGGAGGAT,0.5425801,0.757751618356492,4,2160,401
TTAAGATT,0.54215074,0.4896816888632334,4,2160,401
GATACTTT,0.54120535,0.952593493588422,4,2160,401
CATCAAGT,0.53930426,0.45421185008040244,4,2160,401
TACCTAGT,0.5384622,0.2949222776563724,4,2160,401
AGTTACCT,0.53369766,0.5913701397765225,4,2160,401
ACTACATT,0.5325951,0.3999711375912258,4,2160,401
GATCAACT,0.53205174,0.7529274728899517,4,2160,401
CGCTGGAT,0.5307955,0.5802993444110007,4,2160,401
GAATCAGT,0.5270834,0.5181317775120604,4,2160,401
GACCATCT,0.52644646,0.26462705644662515,4,2160,401
GTATACTT,0.5262943,0.8664701274069188,4,2160,401
CATAGCGT,0.52221954,0.35138951882241376,4,2160,401
CTCTGTCT,0.5179826,0.3853853131571352,4,2160,401
ACAATAGT,0.5152069,0.5188327217251474,4,2160,401
AAGGCGAT,0.51451504,0.6051003999505216,4,2160,401
CTGTTTTT,0.5134449,0.4852904795283058,4,2160,401
TATAAGAT,0.89250237,0.869438832309405,5,2700,501
ATATATTT,0.8721641,0.8083226817300952,5,2700,501
GAGGATAT,0.8691853,0.947398260009071,5,2700,501
AAGATAAT,0.8581002,0.7727085309033933,5,2700,501
GTATTGAT,0.8295686,0.8813239599224838,5,2700,501
ATCCTTAT,0.8049534,0.7851399826825547,5,2700,501
TATACTTT,0.7914508,0.7589473467199934,5,2700,501
TGATACCT,0.79111934,1.0,5,2700,501
TATAGATT,0.78821415,0.7940873294025481,5,2700,501
TGGATTAT,0.773864,0.7991794829505628,5,2700,501
TTATCTGT,0.7721628,0.6264688904465427,5,2700,501
ATATCCAT,0.7660024,0.8911990269245043,5,2700,501
TACTAGAT,0.75691676,0.7512163443697687,5,2700,501
CAGTGTAT,0.7485394,0.7939945573743454,5,2700,501
TTCATTAT,0.7462673,0.6312724199068157,5,2700,501
CTATCTCT,0.74589586,0.8015812476806994,5,2700,501
TATCATTT,0.7368697,0.9565414587886034,5,2700,501
TTGGAGAT,0.73554736,0.6692161794417186,5,2700,501
TATCAACT,0.72492707,0.9025996783903022,5,2700,501
CATCTTAT,0.7177827,0.7173236300663836,5,2700,501
ACCCATAT,0.7105754,0.842452480105554,5,2700,501
TTTAGGAT,0.7061766,0.7410835772894074,5,2700,501
TCCCATAT,0.70354617,0.8520595390260999,5,2700,501
TTTGTGAT,0.69854623,0.7525048447614728,5,2700,501
TTATGGCT,0.6985384,0.42800890611470743,5,2700,501
ATATCCTT,0.69289905,0.8856945532511441,5,2700,501
ACCATTAT,0.69189155,0.5370057312497423,5,2700,501
TATCTTGT,0.6887988,0.7640085762586072,5,2700,501
ATCAAGAT,0.68765676,0.7470106790912464,5,2700,501
GATCCTCT,0.6819688,0.860058549457799,5,2700,501
CAGACTAT,0.6768777,0.6291077392487527,5,2700,501
TCTTATGT,0.67593914,0.5160083288665319,5,2700,501
TACTTGAT,0.67230564,0.7828516059868883,5,2700,501
GGTCATAT,0.6714299,0.7062425266977281,5,2700,501
GAGACGAT,0.6675645,0.8531624953613987,5,2700,501
GACCGTAT,0.66091317,0.6696594235764647,5,2700,501
GATAGCTT,0.66087556,0.8674596957077475,5,2700,501
GCTTATCT,0.65795386,0.44158454624170207,5,2700,501
CACTGTAT,0.6554809,0.7233331958932916,5,2700,501
TATAACTT,0.65340304,0.7422689976497753,5,2700,501
AGGAAGAT,0.65327525,0.7258277326516307,5,2700,501
TCCACGAT,0.65152985,0.6568465756813591,5,2700,501
GATGACAT,0.6454431,0.4548200222652868,5,2700,501
ATCCCGAT,0.6439225,0.7977363625118542,5,2700,501
CGAGTAAT,0.6432666,0.4580567352492475,5,2700,501
AAGATACT,0.64239043,0.8800973075495815,5,2700,501
GATGCATT,0.6405682,0.5097926029769513,5,2700,501
TGATTATT,0.63438153,0.607728940749598,5,2700,501
TATTTTTT,0.63414246,0.6735661567641117,5,2700,501
TCCTGTAT,0.6337055,0.7977466705149878,5,2700,501
TCGGATGT,0.63160527,0.4968457510411083,5,2700,501
GACATATT,0.6270729,0.6250979260297694,5,2700,501
TACTATGT,0.6241199,0.781707417639055,5,2700,501
GACGAGAT,0.6234713,0.5511276955428195,5,2700,501
TGAGTTAT,0.61979306,0.6401166865954728,5,2700,501
ACTGAGAT,0.61288726,0.5818867768935801,5,2700,501
GTAGCGAT,0.6101018,0.6525996783903022,5,2700,501
TGTCCAAT,0.6100711,0.5492516389724983,5,2700,501
CTATTTTT,0.60884285,0.5944110007009442,5,2700,501
TTAAAAAT,0.6066516,0.5240898033233002,5,2700,501
CCCTGGAT,0.60236657,0.7025522615758875,5,2700,501
GCTCCAAT,0.60087377,0.49988661196553,5,2700,501
CTCAAGAT,0.5989483,0.5779388116933988,5,2700,501
TGGTTATT,0.59431297,0.5710118335875973,5,2700,501
AACTGAAT,0.59387296,0.34341112439698185,5,2700,501
GCCGTATT,0.5872497,0.7215292953449057,5,2700,501
AACCCGAT,0.58278865,0.7144373891889663,5,2700,501
CGCGTATT,0.5797224,0.5396755040613532,5,2700,501
GGTGGGAT,0.57872593,0.7433925699913412,5,2700,501
ATAGTTCT,0.57491004,0.6677112109842082,5,2700,501
AATAGTTT,0.5732963,0.5579000536016163,5,2700,501
ATTGCGAT,0.5552676,0.6912134581288913,5,2700,501
TAGTGGTT,0.55397266,0.41140271306642473,5,2700,501
TTTATTCT,0.55362093,0.6465798045602607,5,2700,501
AGGTCTAT,0.5534245,0.630757019750134,5,2700,501
TATTGGGT,0.54946387,0.6131303343916217,5,2700,501
TATGTCGT,0.5477917,0.5927514121964294,5,2700,501
GAGCGGAT,0.54658586,0.7353317115408403,5,2700,501
AAGGGTGT,0.5433037,0.7603389271430339,5,2700,501
CGTATTCT,0.54310703,0.615398095081021,5,2700,501
TGAATACT,0.5406977,0.6266544345029481,5,2700,501
CAATGTTT,0.5342311,0.511204799406259,5,2700,501
ACGAGTCT,0.53061724,0.4562940667133963,5,2700,501
GATTCGTT,0.5218942,0.6575165958850451,5,2700,501
ACTCGATT,0.52063435,0.5665484682307343,5,2700,501
ATTTGTTT,0.51885647,0.6518678101678144,5,2700,501
GACATCCT,0.5179513,0.5785469838782831,5,2700,501
TTTACACT,0.5179464,0.5560343050344287,5,2700,501
AACGCAAT,0.5168308,0.3317218488434421,5,2700,501
TAAAGAAT,0.5135016,0.5408196924091865,5,2700,501
ACCTCTAT,0.51006645,0.5734651383334021,5,2700,501
CGCTCAAT,0.5095174,0.5498804271636498,5,2700,501
TAGGACAT,0.50881404,0.582762957159939,5,2700,501
GCCACTAT,0.50667566,0.4858677277037892,5,2700,501
TGTAGTGT,0.5051379,0.45563435451284373,5,2700,501
CTGATGCT,0.5042156,0.5051333855605492,5,2700,501
ATAGCTTT,0.50408,0.6829979796313859,5,2700,501
TGCACTAT,0.5040218,0.6564445635591474,5,2700,501
CAACATGT,0.503569,0.6524862903558322,5,2700,501
ATTCCTGT,0.5029503,0.36076980167401973,5,2700,501
AGATGTAT,0.8989345,0.8481218818290521,6,3240,601
TATAGGAT,0.8925075,0.8934255556013689,6,3240,601
TTATAAAT,0.85415983,0.6736073887766462,6,3240,601
ATATCCCT,0.8153558,0.9390797014802292,6,3240,601
TAATACAT,0.8129022,0.7969323382674309,6,3240,601
AGTTGTAT,0.80610114,0.7092730796190162,6,3240,601
TTATCTTT,0.80369294,0.689285861542902,6,3240,601
CATCTGAT,0.80134195,0.8244443986310972,6,3240,601
ATCTCGAT,0.7921288,0.8181668247227147,6,3240,601
TGATCTTT,0.7918783,0.8653877870778873,6,3240,601
GATATGGT,0.7827882,0.8862821094297613,6,3240,601
ACAAATAT,0.7815779,0.7086958314435328,6,3240,601
AACACGAT,0.77858853,0.6723085803818085,6,3240,601
TGTGGTAT,0.76623845,0.794736733599967,6,3240,601
AATCGTAT,0.7588349,0.6128004782913453,6,3240,601
TAGCTATT,0.7433701,0.695996371582897,6,3240,601
ATTAGGAT,0.7409178,0.6691440234197832,6,3240,601
GATACCCT,0.738753,0.9812497422999217,6,3240,601
ATATTGTT,0.7378681,0.8224858780357069,6,3240,601
TCAAGTAT,0.72849554,0.8240630025151527,6,3240,601
TGTAGTAT,0.7234642,0.8420813919927431,6,3240,601
AAATTGAT,0.71449465,0.542324660866697,6,3240,601
CAATACGT,0.71233416,0.6395497464231229,6,3240,601
GGGTATTT,0.7098649,0.6992330845668576,6,3240,601
TGCTCGAT,0.7087072,0.45211932544427497,6,3240,601
CGTAGTAT,0.70786905,0.6557126953366594,6,3240,601
TTCTACCT,0.69933814,0.554312868511112,6,3240,601
TATCTCAT,0.699123,0.7936028532552674,6,3240,601
AAATCGAT,0.69770265,0.7117057683585535,6,3240,601
TATCAGGT,0.685792,0.8918587391250568,6,3240,601
TATTGAAT,0.67594635,0.7163856017812229,6,3240,601
TGGGTAAT,0.675664,0.6092236012039748,6,3240,601
GGGATATT,0.66984546,0.8330515812476808,6,3240,601
GCGATCAT,0.6663753,0.8015297076650311,6,3240,601
GGCTATAT,0.6616688,0.7792231888838494,6,3240,601
TCGTATGT,0.6611511,0.5401805962149012,6,3240,601
GTAGGTAT,0.6534357,0.8492660701768854,6,3240,601
GTAATAAT,0.6443892,0.7252607924792809,6,3240,601
TACAAAAT,0.64208615,0.4839607471240671,6,3240,601
ATGACGAT,0.639735,0.734723539355956,6,3240,601
GAATGGAT,0.6389558,0.8022409598812519,6,3240,601
GGGTAGAT,0.635606,0.8322475570032574,6,3240,601
CATACGCT,0.6301167,0.4898878489259061,6,3240,601
TAGGGTCT,0.6297395,0.5593328660371912,6,3240,601
TAGGTGTT,0.6265267,0.6319527481136354,6,3240,601
CAGGCTAT,0.6259216,0.7414546654022184,6,3240,601
AAGCAGAT,0.6236034,0.6016987589164228,6,3240,601
ACGATTAT,0.6230285,0.6704428318146209,6,3240,601
AGTATTGT,0.6217912,0.7621222116851523,6,3240,601
ATAACTGT,0.62149835,0.5738568424524801,6,3240,601
GTATTGGT,0.6155572,0.7852224467076238,6,3240,601
TAGGTTAT,0.60737306,0.6555889992990558,6,3240,601
TGTTGTCT,0.6040279,0.36092442172102424,6,3240,601
GAATCCGT,0.60190094,0.5819795489217829,6,3240,601
TTCCGGGT,0.5961159,0.4875788562239723,6,3240,601
ATGATTCT,0.5833787,0.5675792685440977,6,3240,601
GTAGGGAT,0.5823495,0.8007462994268751,6,3240,601
TACTGGGT,0.57959366,0.6374366057807281,6,3240,601
GTACGATT,0.5756181,0.38937451036985116,6,3240,601
TACGTAAT,0.57306117,0.6472292087576795,6,3240,601
ACTTAGAT,0.5719098,0.7198593988372572,6,3240,601
TGTTGTGT,0.57038087,0.5918649239269369,6,3240,601
AGACCTTT,0.5695041,0.39437389188966315,6,3240,601
ATTTACGT,0.56905,0.5204201542077269,6,3240,601
CAATCACT,0.5661417,0.4378942811198615,6,3240,601
TTATGCCT,0.56376773,0.5219148146621037,6,3240,601
CGATGCCT,0.5587985,0.5193893538943636,6,3240,601
GACATCAT,0.5556727,0.4666742258689647,6,3240,601
ATTATTCT,0.5541739,0.6239021976662681,6,3240,601
TCATTTAT,0.5527097,0.7723065187811818,6,3240,601
TTATTCAT,0.5501317,0.7054385024533047,6,3240,601
CCGTAGAT,0.54970396,0.6131818744072898,6,3240,601
GACTACCT,0.54666716,0.5361501669896508,6,3240,601
GTAGTAAT,0.54509455,0.4367191687626273,6,3240,601
TGTGCAAT,0.5440796,0.3366490743413186,6,3240,601
CCAACTAT,0.5422917,0.6295406753803653,6,3240,601
TCTGACAT,0.5386692,0.5664350801962643,6,3240,601
GTTCTCAT,0.5368313,0.6155424071248917,6,3240,601
TAGTGGGT,0.53480667,0.5918649239269369,6,3240,601
GCAATTAT,0.53329766,0.5190079577784191,6,3240,601
GGTAACGT,0.5306016,0.2643075083494826,6,3240,601
CTCAGAAT,0.5288581,0.5269245041850492,6,3240,601
GAATTTGT,0.52755016,0.5914526038015915,6,3240,601
ACACGTTT,0.52743787,0.3985280171525172,6,3240,601
GCGCTGAT,0.5242465,0.7021502494536759,6,3240,601
CTTTACGT,0.5223839,0.4961344988248877,6,3240,601
ACTAACAT,0.52230424,0.4980208633983425,6,3240,601
AGAAGATT,0.5208835,0.5647033356698141,6,3240,601
TGACATGT,0.520026,0.36192429802498666,6,3240,601
TAATCGCT,0.517302,0.5689090009483363,6,3240,601
CAGAGAAT,0.51663905,0.33063950851441065,6,3240,601
AAACCTTT,0.51642627,0.2869644992372078,6,3240,601
CTACTATT,0.51638645,0.6141920587143859,6,3240,601
CTTAGAAT,0.516187,0.4588504514905372,6,3240,601
CTTCTTAT,0.51380706,0.6369108976209129,6,3240,601
TTTTGCAT,0.50834805,0.41490743413186,6,3240,601
TATGGACT,0.504875,0.5001649280501381,6,3240,601
TGTCTGCT,0.5037276,0.5540757844390385,6,3240,601
GGTAGGGT,0.5013956,0.5094112068610069,6,3240,601
CGATGCTT,0.4999807,0.3093844060528594,6,3240,601
TTTGATAT,0.9863467,0.9616026883272173,7,3780,701
ATAAGTAT,0.9289687,0.8266606193048283,7,3780,701
CTATTGAT,0.9103266,0.8633777264668289,7,3780,701
TATCAAAT,0.8891548,0.9692615346555066,7,3780,701
GATCCTAT,0.8685246,0.8761184183399991,7,3780,701
CGGATTAT,0.8641216,0.8369480064321939,7,3780,701
GATAACAT,0.84458107,0.7654104646847812,7,3780,701
GGTTATAT,0.8410917,0.8121057188801385,7,3780,701
TTTATAAT,0.84006304,0.6932647507524842,7,3780,701
CGATACCT,0.82905984,0.9741062961283141,7,3780,701
TTTCGTAT,0.8100511,0.724920628375871,7,3780,701
ATGGTATT,0.80429125,0.7267451449305241,7,3780,701
GTTAATAT,0.7999051,0.808693769842906,7,3780,701
CGGATATT,0.78361124,0.8674287716983466,7,3780,701
GATCCGCT,0.780771,0.8281140477466704,7,3780,701
TCCGTATT,0.77643454,0.7276110171937492,7,3780,701
TATTTTAT,0.77518576,0.8233929823114666,7,3780,701
TATATTGT,0.77440786,0.7114893002927473,7,3780,701
GGGTTGAT,0.7722655,0.8238053024368119,7,3780,701
CTCCGTAT,0.76668763,0.5888034469962479,7,3780,701
TATAATTT,0.76105714,0.6815754751989445,7,3780,701
TCTGTGAT,0.75953734,0.7779346884921453,7,3780,701
TCATGTAT,0.7591359,0.810404898363089,7,3780,701
ATGATAAT,0.7542097,0.7612357234156599,7,3780,701
AAGATCTT,0.749672,0.7867789551808024,7,3780,701
CATCAGAT,0.74869186,0.7610914113717892,7,3780,701
ATATAGTT,0.7485542,0.7492062837587103,7,3780,701
TATGAGCT,0.7425705,0.7146744732610398,7,3780,701
CTTTGTAT,0.74082893,0.6168721395291304,7,3780,701
CTGATACT,0.7389759,0.9653548014678596,7,3780,701
TATCACTT,0.7378676,0.9290706304374716,7,3780,701
TTTCTGAT,0.7319932,0.7415989774460892,7,3780,701
TTAGGGAT,0.725278,0.7174885581165218,7,3780,701
ATCATACT,0.7188925,0.8060755370469632,7,3780,701
TGTACAAT,0.7163795,0.3445965447573496,7,3780,701
CCAAGTAT,0.7159706,0.6325196882859853,7,3780,701
ATACACGT,0.7156709,0.7081907392899848,7,3780,701
ACCGTATT,0.7155664,0.7119531604337608,7,3780,701
ATGTAGGT,0.7082559,0.4192058714385849,7,3780,701
ATCACAGT,0.7057191,0.7054797344658393,7,3780,701
CATGCGAT,0.70365894,0.7092421556096153,7,3780,701
GGGATACT,0.7032748,0.8343710056487856,7,3780,701
CGATCTGT,0.70043963,0.8042097884797756,7,3780,701
GTTCCGAT,0.7003721,0.5891745351090587,7,3780,701
GATAGGCT,0.69869965,0.8120644868676041,7,3780,701
GATTGGTT,0.69859576,0.5200181420855152,7,3780,701
AACTGGAT,0.69648004,0.7304251020492311,7,3780,701
TATGTTTT,0.6854069,0.7085927514121965,7,3780,701
TCCATGAT,0.6701218,0.7995505710633737,7,3780,701
AGCAAGAT,0.66879153,0.6455593122500309,7,3780,701
GGTTGTAT,0.6603235,0.662546901414258,7,3780,701
TTCGATTT,0.65575373,0.47608543272997156,7,3780,701
CCGGTATT,0.6551387,0.683637075825671,7,3780,701
TATGGCTT,0.6538404,0.37660289448727996,7,3780,701
CCTTGTAT,0.6497397,0.6711334680245743,7,3780,701
AATCATGT,0.6494632,0.4906609491609285,7,3780,701
AGGGTAAT,0.64847374,0.7077165711458376,7,3780,701
TCTCACAT,0.6484611,0.7356100276254484,7,3780,701
GCGGTGAT,0.6427198,0.6284686430544676,7,3780,701
GCTACGAT,0.6292981,0.6106667216426833,7,3780,701
TCTACAGT,0.62732476,0.5639611594441925,7,3780,701
AATCACCT,0.6258437,0.539685812064487,7,3780,701
GCACGGAT,0.62352645,0.6679998350719498,7,3780,701
AGATTACT,0.61776775,0.6569496557126954,7,3780,701
CTCTGTAT,0.61440957,0.6681750711252216,7,3780,701
AGGTGTCT,0.6092373,0.7230548798086835,7,3780,701
GATTCTCT,0.60233724,0.5252855316868016,7,3780,701
CATCAAAT,0.60218304,0.5949882488764277,7,3780,701
CTAGTAAT,0.5811511,0.4248649651589494,7,3780,701
AATAGGTT,0.5767184,0.4931657939224014,7,3780,701
AGCTAGCT,0.57144415,0.5809590566115532,7,3780,701
CATACCGT,0.5669791,0.5542922525048448,7,3780,701
GACCAGAT,0.5663566,0.6124396981816682,7,3780,701
TACCTATT,0.56564635,0.6575578278975797,7,3780,701
TCTCAATT,0.56135356,0.7157052735744033,7,3780,701
GCCTGGAT,0.56046736,0.42573083742217455,7,3780,701
ACAATTAT,0.56022286,0.715035253370717,7,3780,701
TTTCGTGT,0.5589667,0.49181544551189543,7,3780,701
TGGCGGAT,0.558872,0.7254566445388199,7,3780,701
TACTCTCT,0.5579388,0.5133591720611883,7,3780,701
AATTGAAT,0.55446357,0.3656145631468272,7,3780,701
GTCATAGT,0.54731977,0.4767554529336577,7,3780,701
CGTAACAT,0.544,0.27552261575887516,7,3780,701
CGCCTTAT,0.54139435,0.3095184100935967,7,3780,701
TCAAATCT,0.5373601,0.6556920793303921,7,3780,701
ACCGGTTT,0.53115463,0.5705273574403167,7,3780,701
TCTGCGTT,0.52966696,0.494804766420649,7,3780,701
ATACAACT,0.5267866,0.7092730796190162,7,3780,701
GAATGTGT,0.52676994,0.31356945532511443,7,3780,701
TAATTTCT,0.5247067,0.4228755205541582,7,3780,701
GCAATCAT,0.5189211,0.47648744485218325,7,3780,701
GAGTACGT,0.51715106,0.4503463489052901,7,3780,701
ATCCTGCT,0.5128435,0.6377561538778708,7,3780,701
TAATGCCT,0.51198435,0.5799179482950563,7,3780,701
TGCTCGGT,0.507511,0.22582773265163072,7,3780,701
ATGAGTTT,0.50683945,0.4037232507318682,7,3780,701
GAAGTTGT,0.50644857,0.26892549375335006,7,3780,701
CGCTAGGT,0.50590825,0.4161340865047623,7,3780,701
TCTCGGTT,0.5039719,0.633900960705892,7,3780,701
TTTTCGTT,0.5029929,0.4469962478868594,7,3780,701
TAATATAT,1.0687547,0.878932503195481,8,4320,801
TATATCAT,0.9669426,0.9571908629860224,8,4320,801
TAGTGTAT,0.9598074,0.8526986352203851,8,4320,801
GATATATT,0.9345974,0.9091452603801592,8,4320,801
CGTATAAT,0.93208355,0.8261452191481466,8,4320,801
TATATGCT,0.8898675,0.8036325403042922,8,4320,801
CTATCTAT,0.87808263,0.8819218241042345,8,4320,801
TAAGAGAT,0.85113466,0.7924071248917659,8,4320,801
AGGGATAT,0.84731555,0.9390797014802292,8,4320,801
GATGAGAT,0.8464471,0.7887271677730591,8,4320,801
CGTATATT,0.8332809,0.7611017193749228,8,4320,801
AGAGTGAT,0.83159435,0.7710180183894776,8,4320,801
ACAAGTAT,0.8242057,0.8154867439079702,8,4320,801
ATATTGCT,0.82354105,0.6627427534737972,8,4320,801
TCCAGGAT,0.81905496,0.7010679091246445,8,4320,801
CAGTATCT,0.8171517,0.8183626767822537,8,4320,801
GATCAGAT,0.81709665,0.9227312085102873,8,4320,801
AGAATAAT,0.80860925,0.6239021976662681,8,4320,801
TAGCGGAT,0.8059223,0.7289201335917206,8,4320,801
GATACTGT,0.7966049,0.9251020492310229,8,4320,801
GAATATGT,0.7956214,0.6937904589122995,8,4320,801
ATGATGAT,0.79334724,0.7940770213994146,8,4320,801
GACGATAT,0.7843385,0.8903846946769471,8,4320,801
AGCACGAT,0.78113085,0.5389951758545334,8,4320,801
AGATATTT,0.7799433,0.8200738053024368,8,4320,801
TCTAAGAT,0.77582186,0.8361645981940379,8,4320,801
CTATATTT,0.7747178,0.7469179070630437,8,4320,801
ATAGTTGT,0.7678849,0.54105677648126,8,4320,801
TATCGCAT,0.76694137,0.8577701727621325,8,4320,801
CGAAGGAT,0.74678093,0.6466210365727951,8,4320,801
CTAGGGAT,0.745963,0.7444646023172391,8,4320,801
TGGTAGCT,0.74421275,0.29724157836143983,8,4320,801
CTGATCTT,0.74076474,0.8223827980043706,8,4320,801
CTCACGAT,0.72224593,0.6340865047622974,8,4320,801
TAGACTAT,0.7185993,0.7141281490949574,8,4320,801
GTTAGTAT,0.71845406,0.7175194821259226,8,4320,801
ATAATTGT,0.6884387,0.715035253370717,8,4320,801
TAAGATGT,0.6853818,0.4526965736197584,8,4320,801
ATTACTAT,0.6811551,0.6575681359007134,8,4320,801
CTATTTCT,0.68040293,0.6008431946563312,8,4320,801
ATTATTGT,0.67918,0.7567723580587968,8,4320,801
ACAATCCT,0.671027,0.5421597328165587,8,4320,801
CGAATCCT,0.66846806,0.3834164845586113,8,4320,801
CAAGGTGT,0.667894,0.6013070547973446,8,4320,801
CAACCGAT,0.6606225,0.6944295551065847,8,4320,801
CTCACTAT,0.65888774,0.6443017358677278,8,4320,801
CCAGTGAT,0.655788,0.6666804106708448,8,4320,801
TTAGTTAT,0.6532457,0.6812559271018019,8,4320,801
TGTGTGTT,0.65218186,0.4386776893580176,8,4320,801
CATGGGGT,0.65217835,0.46557126953366595,8,4320,801
TCACTTAT,0.64983785,0.7588442666886571,8,4320,801
TACATAAT,0.64935374,0.6543726549292871,8,4320,801
ATAGTCGT,0.6450297,0.7172308580381809,8,4320,801
AATCGGGT,0.6406877,0.5295324289778585,8,4320,801
GCATATGT,0.6400733,0.35189461097596175,8,4320,801
CGTGTCAT,0.62592787,0.7969117222611636,8,4320,801
GAATAGCT,0.620602,0.5152867686471777,8,4320,801
ACTTATCT,0.61998194,0.7923865088854988,8,4320,801
CCGCATAT,0.6171726,0.7266523729023214,8,4320,801
TCATCCTT,0.6111384,0.6736176967797799,8,4320,801
TGTGATGT,0.60986304,0.5599719622314765,8,4320,801
AAATGTGT,0.6078163,0.46797303426380243,8,4320,801
CCTGTATT,0.5991863,0.6957180554982889,8,4320,801
CAGATTTT,0.5989075,0.5444481095122253,8,4320,801
TGGGTGTT,0.596978,0.5474786624335134,8,4320,801
TAAACATT,0.5950923,0.5938956005442625,8,4320,801
TGTCATTT,0.59403396,0.496237578856224,8,4320,801
GTGGGTCT,0.5897789,0.39634272048818703,8,4320,801
ATCGCGGT,0.5883028,0.8024161959345236,8,4320,801
TGAGTGTT,0.58704644,0.567290644456356,8,4320,801
GCTACTTT,0.58644354,0.4509132890776399,8,4320,801
ATAGCCTT,0.5838396,0.6956149754669526,8,4320,801
CCAGTTAT,0.5809713,0.5863707582567105,8,4320,801
AAGCGTGT,0.577495,0.29890116686595475,8,4320,801
TGTGAAGT,0.5749554,0.5095039788892096,8,4320,801
TTGGATGT,0.5744268,0.34814249783531936,8,4320,801
GTACTACT,0.57424736,0.46203562445882984,8,4320,801
GATAACGT,0.57415736,0.6825856595060406,8,4320,801
CATCATTT,0.5733798,0.36280047829134543,8,4320,801
TGTTACGT,0.5718677,0.4935574980414794,8,4320,801
CGCGCGAT,0.57013226,0.6470539727044078,8,4320,801
GCCTTATT,0.5610582,0.5486331587844804,8,4320,801
GAGATGGT,0.55693364,0.48156929039706425,8,4320,801
TGCTAAGT,0.55671275,0.360677029645817,8,4320,801
GATGACCT,0.555108,0.5012678843854369,8,4320,801
GACGCTAT,0.55479485,0.619717148394013,8,4320,801
TTCACAAT,0.54710674,0.4855584876097802,8,4320,801
GCTAGTTT,0.5465196,0.3093844060528594,8,4320,801
CATACTTT,0.54549897,0.5472621943677071,8,4320,801
ATAGACCT,0.5448035,0.630757019750134,8,4320,801
CTAGACGT,0.5421922,0.45222240547561127,8,4320,801
CTCGTTTT,0.5383404,0.35925452521337564,8,4320,801
ACACTGTT,0.53708506,0.5142353523275471,8,4320,801
CACATAGT,0.53682476,0.5803302684204016,8,4320,801
CGCGGATT,0.53674525,0.45444893415247595,8,4320,801
TAGAATTT,0.53120273,0.28664495114006516,8,4320,801
TGTCAACT,0.5308993,0.5407578443903847,8,4320,801
AGAATCGT,0.5262338,0.6102750175236054,8,4320,801
ATCGAACT,0.5238681,0.6774213499360904,8,4320,801
TATGGCAT,0.523234,0.6032964994021358,8,4320,801
ATATCAGT,0.98140556,0.9681585783202078,9,4860,901
TTATACTT,0.9079137,0.8066527852224468,9,4860,901
TGTCATAT,0.8897276,0.8006947594112068,9,4860,901
TCTCGGAT,0.8855966,0.8104873623881582,9,4860,901
TGTCTGAT,0.8823984,0.8004576753391334,9,4860,901
TATATTTT,0.87801224,0.761854203603678,9,4860,901
GATGGGAT,0.853243,0.7092936956252835,9,4860,901
TATCTCCT,0.8472394,0.8875499938151981,9,4860,901
ATAGTGAT,0.8350152,0.8463901373026017,9,4860,901
GCTCTGAT,0.83362514,0.5749907227971798,9,4860,901
ATATGAAT,0.8320753,0.7917164886818125,9,4860,901
TAACGTAT,0.8259563,0.6800395827320331,9,4860,901
GATACTCT,0.8200615,0.9597369397600297,9,4860,901
AAGTGTAT,0.80326897,0.7225807116645364,9,4860,901
CTTATCCT,0.7888847,0.7716880385931637,9,4860,901
AGATTTAT,0.78516227,0.6414051869871769,9,4860,901
TCTTTGAT,0.7815052,0.840122871397353,9,4860,901
GAGTGTAT,0.77209485,0.7981074506246649,9,4860,901
TATCGTGT,0.7670429,0.8639858986517132,9,4860,901
TAGTATCT,0.7619795,0.8902094586236754,9,4860,901
CTCCCGAT,0.7402649,0.5766193872922938,9,4860,901
GGGTATCT,0.7364771,0.972281779573661,9,4860,901
AGCAATAT,0.7297472,0.6627427534737972,9,4860,901
ATGTTGAT,0.7229812,0.8193110130705479,9,4860,901
TATCCCGT,0.7165954,0.830876592586484,9,4860,901
CCGGTGAT,0.7103517,0.7526182327959428,9,4860,901
TCTGATCT,0.70369935,0.8648002308992702,9,4860,901
CGCTTGAT,0.6870305,0.7289819816105225,9,4860,901
AAACTATT,0.6823804,0.5579000536016163,9,4860,901
CACTCGAT,0.6808058,0.6198614604378839,9,4860,901
ACCGAGAT,0.67452717,0.698439368325568,9,4860,901
TATAGTGT,0.67151433,0.7276110171937492,9,4860,901
CTTAGGAT,0.6698542,0.5935863604502536,9,4860,901
TACGAAAT,0.6640118,0.3861996454046922,9,4860,901
TTGAGTAT,0.660999,0.8030862161382097,9,4860,901
CAATTTAT,0.6574255,0.6089040531068322,9,4860,901
GCTTTAAT,0.656672,0.531480641570115,9,4860,901
ATTCTTAT,0.6561968,0.6052447119943924,9,4860,901
ACGATAAT,0.65440655,0.7890570238733352,9,4860,901
CATTTAAT,0.6484116,0.7320434585412113,9,4860,901
AATCCACT,0.6465532,0.4846513833340205,9,4860,901
ATCTCCGT,0.6462737,0.5397888920958233,9,4860,901
TATGACCT,0.64482003,0.6139755906485795,9,4860,901
GATGATGT,0.64396095,0.5107409392652456,9,4860,901
TTGAGGAT,0.64388794,0.7408774172267348,9,4860,901
TGTTCGAT,0.6377873,0.7136849049602111,9,4860,901
ATCAAGGT,0.63558984,0.7779965365109471,9,4860,901
TACCCAAT,0.63440037,0.5940296045849999,9,4860,901
TCACTATT,0.63145673,0.5703727373933122,9,4860,901
CCATGGAT,0.62890714,0.5879375747330228,9,4860,901
AATCAGGT,0.6262357,0.6245412938605533,9,4860,901
CGTCCTAT,0.6232441,0.6932853667587515,9,4860,901
CCGCCGAT,0.62227434,0.5085865666103162,9,4860,901
CTATGATT,0.6198121,0.5500144312043871,9,4860,901
CTACTGCT,0.61637783,0.2864284830742589,9,4860,901
TTCATAGT,0.61626536,0.628087246938523,9,4860,901
TACAACAT,0.6118597,0.7338576670927308,9,4860,901
CGGTGTAT,0.6114859,0.7844390384694677,9,4860,901
AGGGTTAT,0.61087495,0.5787222199315548,9,4860,901
GGGAATAT,0.61071545,0.8843957448563065,9,4860,901
CTAATAGT,0.6049,0.6119449140312538,9,4860,901
CCACCTAT,0.6006853,0.6266235104935471,9,4860,901
ATAGAAAT,0.600044,0.663505545705686,9,4860,901
GACTTTAT,0.595461,0.5977714097225086,9,4860,901
GGGTGGAT,0.5951376,0.7460726508060859,9,4860,901
TGAGGTGT,0.59190774,0.7296726178204759,9,4860,901
TAGATGTT,0.59006375,0.4374922689976498,9,4860,901
AAGGTACT,0.5849077,0.5154826207067167,9,4860,901
TTCGGGAT,0.5786367,0.5380365315631056,9,4860,901
ACATTTGT,0.5764382,0.31516719581082747,9,4860,901
TAACGTCT,0.5733968,0.3187956129138663,9,4860,901
AAATTCCT,0.57320637,0.23416690718673977,9,4860,901
TCCTAGGT,0.5715274,0.5732899022801303,9,4860,901
AAATCCGT,0.5685041,0.5417783367006144,9,4860,901
TCTCGCTT,0.5652457,0.5147816764936297,9,4860,901
GAATTTCT,0.5650263,0.3949717560714139,9,4860,901
ATTCATCT,0.5648599,0.6566610316249537,9,4860,901
GTAATCCT,0.55853415,0.6902754298437307,9,4860,901
ATAAGGTT,0.5542566,0.5678678926318393,9,4860,901
GGCGTATT,0.55062705,0.6954706634230817,9,4860,901
GCAATAAT,0.5504463,0.476971920999464,9,4860,901
GATGCTCT,0.5494914,0.5556941409310188,9,4860,901
TCGTGTGT,0.54821104,0.5402218282274358,9,4860,901
GGTCTTGT,0.5471365,0.4221642683379376,9,4860,901
AGCTAGGT,0.54381424,0.5511276955428195,9,4860,901
TCAAATTT,0.54187703,0.5317177256421887,9,4860,901
TTAATGCT,0.54164207,0.36369727456397144,9,4860,901
CTCAGGGT,0.54024124,0.4781264173504309,9,4860,901
GCGATCCT,0.53365445,0.7720282026965737,9,4860,901
ACGGAAAT,0.53228515,0.2946439615717643,9,4860,901
CTAGCGGT,0.5280056,0.506318805920917,9,4860,901
CATATGTT,0.5270731,0.6593514204428319,9,4860,901
AAATTTGT,0.5261671,0.38524100111326437,9,4860,901
TACGGAAT,0.5261638,0.6216035129674679,9,4860,901
CATAGTGT,0.52031255,0.6601657526903888,9,4860,901
ACGGGTTT,0.5199045,0.4655300375211314,9,4860,901
ACACGGGT,0.5195594,0.6025955551890487,9,4860,901
GCATCCAT,0.5189879,0.26313239599224836,9,4860,901
GACGGCGT,0.51765954,0.2935100812270647,9,4860,901
TTCGATGT,0.51749414,0.5907825835979055,9,4860,901
GGATACAT,0.95899904,0.8799529955057107,10,5400,1001
CTATATAT,0.9449031,0.915494990310477,10,5400,1001
ATATTATT,0.8782061,0.8197645652084278,10,5400,1001
GATCTTTT,0.85789716,0.7830680740526946,10,5400,1001
GAGATGAT,0.85476667,0.8755205541582485,10,5400,1001
TATCCAGT,0.85326934,0.8181771327258485,10,5400,1001
TCCGATAT,0.84150237,0.9331732156846575,10,5400,1001
ATACCATT,0.8178469,0.817878200634973,10,5400,1001
AAGAGTAT,0.8144817,0.7602358471116974,10,5400,1001
ATATACGT,0.8133542,0.834082381561044,10,5400,1001
ATATGGGT,0.8106926,0.842452480105554,10,5400,1001
ATCGATAT,0.803753,0.9604481919762504,10,5400,1001
ATTCATAT,0.8013807,0.7917164886818125,10,5400,1001
TTTATTAT,0.8005453,0.7410629612831402,10,5400,1001
TATCATGT,0.7961866,0.9466663917865831,10,5400,1001
TGATCAGT,0.7840955,0.8320826289531192,10,5400,1001
TGGCTGAT,0.7770151,0.6838329278852101,10,5400,1001
ATAATAAT,0.763878,0.7568135900713313,10,5400,1001
TTTAGTAT,0.7619873,0.7182513503484106,10,5400,1001
CAGTGGAT,0.75880617,0.5951428689234322,10,5400,1001
GATAGTTT,0.7585497,0.8112913866325816,10,5400,1001
CAGTTGAT,0.75210965,0.655723003339793,10,5400,1001
AATATACT,0.75053084,0.777800684451408,10,5400,1001
CTAATATT,0.7463141,0.652857378468643,10,5400,1001
ATCGGTAT,0.7446472,0.8075805055044737,10,5400,1001
TCTGTATT,0.7413062,0.6165216674225868,10,5400,1001
TGTCTTAT,0.74016607,0.6985527563600379,10,5400,1001
ATCTGTTT,0.73650116,0.7775429843730673,10,5400,1001
TCAAGGAT,0.73482037,0.8094050220591268,10,5400,1001
ATAGCGAT,0.7298211,0.7647198284748279,10,5400,1001
GATCGCAT,0.71932924,0.7884797756978519,10,5400,1001
AGATTGAT,0.6972596,0.7257452686265617,10,5400,1001
GTAGTTAT,0.6832061,0.5899579433472147,10,5400,1001
GCCTATAT,0.6721511,0.7495670638683875,10,5400,1001
TATGCTGT,0.66552156,0.5797530202449181,10,5400,1001
TGAAGTAT,0.6497625,0.7539582732033151,10,5400,1001
GTTATACT,0.64757395,0.7448769224425845,10,5400,1001
ATCCGATT,0.6360492,0.7483094874860842,10,5400,1001
TTATTCTT,0.63501245,0.611347049849503,10,5400,1001
TACTAGGT,0.6338258,0.4060219354306684,10,5400,1001
ATTTTTAT,0.62899584,0.6896569496557127,10,5400,1001
TTTCTCAT,0.6265274,0.3585329649940214,10,5400,1001
TTAACTAT,0.6215552,0.6935636828433596,10,5400,1001
ATACTCGT,0.621102,0.7401764730136479,10,5400,1001
TCCGCGAT,0.61720854,0.7432894899600049,10,5400,1001
TCCTGTTT,0.6163741,0.43845091328907765,10,5400,1001
TGTATGTT,0.6125588,0.6182534119490373,10,5400,1001
GAGGGTCT,0.5993229,0.35663629241743283,10,5400,1001
ATCGACGT,0.5946064,0.5095039788892096,10,5400,1001
CCCCCGAT,0.59387714,0.6510431699171236,10,5400,1001
CGATGTCT,0.5906196,0.5009071042757597,10,5400,1001
ATACCGCT,0.5866968,0.8146724116604132,10,5400,1001
GTATGGGT,0.5785945,0.5919267719457386,10,5400,1001
ACATAGGT,0.5773048,0.5231620830412733,10,5400,1001
GAGGTAAT,0.5759341,0.5361089349771162,10,5400,1001
GTAGGTGT,0.5733336,0.693017358677277,10,5400,1001
TCCACCGT,0.5714778,0.4709829711788232,10,5400,1001
CTGGATGT,0.5692293,0.6200263884880222,10,5400,1001
GACACGGT,0.56868297,0.4142477219313075,10,5400,1001
GAACTGTT,0.56617737,0.43753350101018434,10,5400,1001
TGTCACAT,0.5626916,0.6343442048406382,10,5400,1001
CTGGTTCT,0.5615902,0.50275223683668,10,5400,1001
TACTGTTT,0.5590607,0.5806188925081432,10,5400,1001
GTAACTAT,0.5530544,0.7199624788685937,10,5400,1001
CATTGGAT,0.5510365,0.6576918319383168,10,5400,1001
TGCTAGCT,0.55008364,0.46692161794417186,10,5400,1001
TTAGATTT,0.54479796,0.5333154661279017,10,5400,1001
TTATGGTT,0.54293036,0.5287387127365686,10,5400,1001
TTCACCGT,0.5419273,0.5360780109677153,10,5400,1001
ATCTTGCT,0.5413902,0.6455593122500309,10,5400,1001
ATAGAACT,0.53680897,0.5596317981280666,10,5400,1001
GCATGAAT,0.5366293,0.39986805755988947,10,5400,1001
AGGGATTT,0.5338292,0.5279759205046798,10,5400,1001
AGTACTAT,0.532161,0.6405186987176845,10,5400,1001
CAAATAAT,0.52919954,0.6717622562157259,10,5400,1001
GACTAGAT,0.52169234,0.7019956294066713,10,5400,1001
TAAGACCT,0.5212507,0.37302601739990926,10,5400,1001
AGTTTTTT,0.52067703,0.4450068032820682,10,5400,1001
GAGACCGT,0.5168681,0.39835278109924543,10,5400,1001
TAATAGCT,0.5149454,0.6085948130128231,10,5400,1001
TTTATGGT,0.5146346,0.5138951882241373,10,5400,1001
TGACTAAT,0.51442754,0.5269760442007174,10,5400,1001
CGATAATT,0.51045114,0.5455407578443905,10,5400,1001
CATTTCAT,0.5049002,0.3841380447779656,10,5400,1001
TGGATTCT,0.50320154,0.42514328124355755,10,5400,1001
CCCAGGGT,0.5006572,0.31230157093967753,10,5400,1001
GGTTTGTT,0.5003803,0.5659815280583845,10,5400,1001
TCTATTTT,0.50012624,0.723322887890158,10,5400,1001
CCTGCTAT,0.4991264,0.6971302519275966,10,5400,1001
TAGTCTGT,0.49890763,0.39403372778625323,10,5400,1001
CTTCGGAT,0.49746972,0.6734836927390425,10,5400,1001
AATCCCAT,0.49008822,0.7347956953778914,10,5400,1001
ACCTACAT,0.48909906,0.4192058714385849,10,5400,1001
AAAACCAT,0.4875401,0.5504576753391333,10,5400,1001
TAGCGAAT,0.48655605,0.45232548550694757,10,5400,1001
CTCCGATT,0.48453218,0.5660846080897208,10,5400,1001
CATGTCCT,0.48445565,0.6492186533624706,10,5400,1001
GAAAGTTT,0.47972548,0.4923205376654434,10,5400,1001
TTGAATCT,0.4789212,0.4833319589329155,10,5400,1001
CTCCGAAT,0.47889647,0.3705417886447038,10,5400,1001
