{"run_id": "14:24:28-01/17/2025", "exp_name": "CMAES_popsize10", "model_name": "LandscapeAsModel=TF_Binding", "landscape_name": "TF_Binding", "rounds": 10, "sequences_batch_size": 100, "model_queries_per_batch": 5000}
sequence,model_score,true_score,round,model_cost,measurement_cost
GCTCGAGC,,0.5502102832639261,0,0,1
GCCCGATC,0.7908196924091866,0.7908196924091866,1,200,100
GGTATAGC,0.756205417886447,0.756205417886447,1,200,100
GCTAGATC,0.6526821424153713,0.6526821424153713,1,200,100
ATACGCAC,0.6469405846699378,0.6469405846699378,1,200,100
GATCGAGC,0.6426112233538119,0.6426112233538119,1,200,100
GCAAGGAT,0.6069249165051747,0.6069249165051747,1,200,100
CCTAGAGG,0.5956995010926484,0.5956995010926484,1,200,100
GCTAGCTT,0.5856285820310889,0.5856285820310889,1,200,100
GCTTACAT,0.5770523234239063,0.5770523234239063,1,200,100
GCCTACCT,0.5705376654434503,0.5705376654434503,1,200,100
ACAAACAC,0.5691667010266771,0.5691667010266771,1,200,100
GCTCACTC,0.5659299880427163,0.5659299880427163,1,200,100
TCAAGCAC,0.5639920834535933,0.5639920834535933,1,200,100
ACTCACTT,0.5624974229992166,0.5624974229992166,1,200,100
ACCCGCAT,0.5607656784727663,0.5607656784727663,1,200,100
GCTATAGC,0.5587350018554406,0.5587350018554406,1,200,100
GAAAACAC,0.557766049560879,0.557766049560879,1,200,100
GCTCGAGC,0.5502102832639261,0.5502102832639261,1,200,100
ACCTTCAT,0.5354595307796974,0.5354595307796974,1,200,100
ACCAGCTC,0.5264503360409021,0.5264503360409021,1,200,100
ACCTGCTA,0.525357687708737,0.525357687708737,1,200,100
ACCCTCTT,0.5230899270193379,0.5230899270193379,1,200,100
AAAAGCAC,0.5019172885828558,0.5019172885828558,1,200,100
TGTCGAGG,0.5018657485671876,0.5018657485671876,1,200,100
GCCAGCGT,0.49817548344534696,0.49817548344534696,1,200,100
GAAAGGAC,0.49763946728239805,0.49763946728239805,1,200,100
GCCATCCC,0.4839813631303344,0.4839813631303344,1,200,100
ACCAGCCT,0.4785387374757762,0.4785387374757762,1,200,100
TCAAGCTC,0.4704366470127407,0.4704366470127407,1,200,100
TCAAGCAT,0.46568465756813593,0.46568465756813593,1,200,100
GCACAAGC,0.4639941450542201,0.4639941450542201,1,200,100
GCTAGAGT,0.4594895476848225,0.4594895476848225,1,200,100
GAAAGCAT,0.459334927637818,0.459334927637818,1,200,100
GACCGCAT,0.4587679874654682,0.4587679874654682,1,200,100
GCAAGCAT,0.4568610068857461,0.4568610068857461,1,200,100
GATTGCAC,0.45179977734713234,0.45179977734713234,1,200,100
TTAAGCAA,0.4433369067744196,0.4433369067744196,1,200,100
GCGAGATT,0.43244134746216967,0.43244134746216967,1,200,100
TCCAGCTT,0.43113223106419823,0.43113223106419823,1,200,100
GCCCGAGT,0.42809137013977655,0.42809137013977655,1,200,100
ACTCTACC,0.4249474291840185,0.4249474291840185,1,200,100
GCTAACAT,0.42283428854162375,0.42283428854162375,1,200,100
GCCCACTA,0.42264874448521833,0.42264874448521833,1,200,100
GCTAGCAC,0.41436110996577746,0.41436110996577746,1,200,100
GCACGAGC,0.4142271059250402,0.4142271059250402,1,200,100
GCCATAGT,0.4128458335051334,0.4128458335051334,1,200,100
GCCAGGGT,0.41009359666845335,0.41009359666845335,1,200,100
ACAAGCAA,0.4099389766214489,0.4099389766214489,1,200,100
ACCCGCTT,0.40635179153094464,0.40635179153094464,1,200,100
GCGAGAGT,0.40574361934606024,0.40574361934606024,1,200,100
ACACGCAT,0.4049395951016369,0.4049395951016369,1,200,100
GCTCGCTT,0.3999505215849586,0.3999505215849586,1,200,100
GAAAGCAA,0.39868263719952174,0.39868263719952174,1,200,100
GCAAACAA,0.3972292087576795,0.3972292087576795,1,200,100
GCTAGCAT,0.3949923720776811,0.3949923720776811,1,200,100
TCCAGCCC,0.3949923720776811,0.3949923720776811,1,200,100
TCACGCAC,0.3900136065641364,0.3900136065641364,1,200,100
ACTAGCTT,0.38898280625077314,0.38898280625077314,1,200,100
GCCTACAT,0.38382880468395664,0.38382880468395664,1,200,100
TCAAGCAA,0.38169504803529464,0.38169504803529464,1,200,100
ACACGCAC,0.3813651919350184,0.3813651919350184,1,200,100
GCCAAAGC,0.37948913536469714,0.37948913536469714,1,200,100
GCCCGGGC,0.3792005112769555,0.3792005112769555,1,200,100
GCCATCAT,0.376180266358801,0.376180266358801,1,200,100
GCAAGAAC,0.3702840885663629,0.3702840885663629,1,200,100
GCCCTCCC,0.36982022842534945,0.36982022842534945,1,200,100
ATAAGCAC,0.3695006803282068,0.3695006803282068,1,200,100
GCCCAAGC,0.36738753968581206,0.36738753968581206,1,200,100
ACCTACTT,0.3673566156764112,0.3673566156764112,1,200,100
ACTAGCAC,0.36199645404692204,0.36199645404692204,1,200,100
CCTCGAGC,0.3609759617366924,0.3609759617366924,1,200,100
GCCCGCTA,0.3606976456520843,0.3606976456520843,1,200,100
TCTAGCAC,0.3601925534985363,0.3601925534985363,1,200,100
GCTAGAGC,0.3601100894734672,0.3601100894734672,1,200,100
GACAGCAC,0.35923390920710846,0.35923390920710846,1,200,100
ACCAAAGC,0.35801756483733965,0.35801756483733965,1,200,100
ACCAGCAA,0.35673937244876924,0.35673937244876924,1,200,100
GCCAACTC,0.35377066754628295,0.35377066754628295,1,200,100
GCTTGCAT,0.35355419948047667,0.35355419948047667,1,200,100
GCCAACCT,0.35209046303550073,0.35209046303550073,1,200,100
GCCAGCTA,0.35095658269080116,0.35095658269080116,1,200,100
ACAAGCAT,0.3501010184307096,0.3501010184307096,1,200,100
GCCATCGC,0.35009071042757595,0.35009071042757595,1,200,100
GCCCACTT,0.34715292953449056,0.34715292953449056,1,200,100
AACCTCAT,0.34551395703624294,0.34551395703624294,1,200,100
GCCCGTGC,0.3431740403249083,0.3431740403249083,1,200,100
GCCTGCGC,0.34292664824970104,0.34292664824970104,1,200,100
GCCAGTCC,0.3398651713190121,0.3398651713190121,1,200,100
GCGTGAGC,0.33876221498371334,0.33876221498371334,1,200,100
GAATGCTC,0.33806127077062637,0.33806127077062637,1,200,100
GACAGCTT,0.33384529748897046,0.33384529748897046,1,200,100
GCCAACAC,0.33267018513173624,0.33267018513173624,1,200,100
GCCATCCT,0.3310105966272213,0.3310105966272213,1,200,100
GCACGCAT,0.33097967261782046,0.33097967261782046,1,200,100
GCGCGCGC,0.33058796849874245,0.33058796849874245,1,200,100
GCCCGAGA,0.3305570444893415,0.3305570444893415,1,200,100
ACCAGCAT,0.3298045602605863,0.3298045602605863,1,200,100
GCAATCAA,0.3295674761885128,0.3295674761885128,1,200,100
GCCATAGC,0.3273924875273162,0.3273924875273162,1,200,100
GCCTATCG,0.8005504473673359,0.8005504473673359,2,294,187
GCCCGATC,0.7908196924091866,0.7908196924091866,2,294,187
CCCCGATC,0.7852533707170247,0.7852533707170247,2,294,187
GCCAGATC,0.7646167484434916,0.7646167484434916,2,294,187
GCCTGATC,0.751236960376036,0.751236960376036,2,294,187
GACCGATC,0.7470622191069145,0.7470622191069145,2,294,187
GCCCGATA,0.7269306889869295,0.7269306889869295,2,294,187
GTCCGATC,0.704170618067868,0.704170618067868,2,294,187
GCCAGATA,0.6669174947429184,0.6669174947429184,2,294,187
CCCCGAAG,0.537603595431493,0.537603595431493,2,294,187
CCCCGACG,0.5119985156475487,0.5119985156475487,2,294,187
GCCAGAAC,0.5026182327959428,0.5026182327959428,2,294,187
ACCTGAAG,0.4815177503813961,0.4815177503813961,2,294,187
CCCCGACA,0.48106419824351626,0.48106419824351626,2,294,187
GCCCTACG,0.4722508555642601,0.4722508555642601,2,294,187
GCCCCTAA,0.4676225621572589,0.4676225621572589,2,294,187
GCCTATAG,0.4612522162206737,0.4612522162206737,2,294,187
GCCTGACT,0.4611800601987383,0.4611800601987383,2,294,187
GCGCGACG,0.4494392446295304,0.4494392446295304,2,294,187
GACCCATC,0.44669731579598404,0.44669731579598404,2,294,187
GCCTGTTC,0.44223395043912095,0.44223395043912095,2,294,187
ACCTGTAC,0.42065929988042716,0.42065929988042716,2,294,187
GCCTCAAC,0.4188038593163732,0.4188038593163732,2,294,187
ACCTGTAA,0.417855523028079,0.417855523028079,2,294,187
GTCCGAGG,0.4162990145549004,0.4162990145549004,2,294,187
GGCCTACG,0.4146600420566528,0.4146600420566528,2,294,187
GCCCGAAG,0.41430956995010926,0.41430956995010926,2,294,187
GCCGGACG,0.4139178658310312,0.4139178658310312,2,294,187
GCCTGACC,0.41081515688780773,0.41081515688780773,2,294,187
GCCTAAAC,0.4099389766214489,0.4099389766214489,2,294,187
GTCCGACA,0.4058054673648621,0.4058054673648621,2,294,187
GCCCGGTC,0.3999299055786913,0.3999299055786913,2,294,187
GCCGTACG,0.39909495732486705,0.39909495732486705,2,294,187
TCCCGAAC,0.37841710303879933,0.37841710303879933,2,294,187
GCCCGACC,0.37523193007050676,0.37523193007050676,2,294,187
GCCCGATG,0.3737991176349318,0.3737991176349318,2,294,187
GCCTGGTC,0.3701810085350266,0.3701810085350266,2,294,187
GTCCGACC,0.3672947676576093,0.3672947676576093,2,294,187
GCCCGTTC,0.3663979713849833,0.3663979713849833,2,294,187
GCCTCTTC,0.3551622479693234,0.3551622479693234,2,294,187
GCGTGAAG,0.35223477507937156,0.35223477507937156,2,294,187
GGTAGTTC,0.3499567063868388,0.3499567063868388,2,294,187
GCTCGACG,0.34366882447532265,0.34366882447532265,2,294,187
GCCCAAAC,0.3386075949367089,0.3386075949367089,2,294,187
ACCCGAGG,0.336411990269245,0.336411990269245,2,294,187
GCCCCTTC,0.32975302024491815,0.32975302024491815,2,294,187
GCCTGGCC,0.32761926359625615,0.32761926359625615,2,294,187
ACCTGAAC,0.3248773347627098,0.3248773347627098,2,294,187
GCCTGTGC,0.32151692574114543,0.32151692574114543,2,294,187
GCCCGTCG,0.314816723704284,0.314816723704284,2,294,187
GCCTGAGC,0.3072300333979302,0.3072300333979302,2,294,187
GCCTGACA,0.30707541335092564,0.30707541335092564,2,294,187
CCCCGACC,0.30126169958355664,0.30126169958355664,2,294,187
ACGCGACG,0.2995814950727745,0.2995814950727745,2,294,187
GCCAGTAC,0.2923246608666969,0.2923246608666969,2,294,187
GCCCGACA,0.28308869005896176,0.28308869005896176,2,294,187
GCCAGACC,0.2780686925328825,0.2780686925328825,2,294,187
GCCTGTAA,0.276790500144312,0.276790500144312,2,294,187
GCCTAACA,0.2722962107780481,0.2722962107780481,2,294,187
GCCCGACT,0.27153341854615926,0.27153341854615926,2,294,187
GCCCGTAC,0.2687811817094793,0.2687811817094793,2,294,187
GGCCAACG,0.2677400733929823,0.2677400733929823,2,294,187
GCCCGAAA,0.26140065146579805,0.26140065146579805,2,294,187
GCCCGGAG,0.2607924792809137,0.2607924792809137,2,294,187
GCCCAACG,0.2575763823032202,0.2575763823032202,2,294,187
GCCCGCTG,0.24813425143281242,0.24813425143281242,2,294,187
GCCCGAGG,0.2461757308374222,0.2461757308374222,2,294,187
GCCCGGCG,0.24016616501051416,0.24016616501051416,2,294,187
GCCCGTCC,0.23390920710839896,0.23390920710839896,2,294,187
GTCCGACG,0.23268255473549662,0.23268255473549662,2,294,187
GCCCGCAG,0.23236300663835402,0.23236300663835402,2,294,187
GCCAGGCC,0.22786871727209004,0.22786871727209004,2,294,187
GGCCGAGG,0.2237249000123696,0.2237249000123696,2,294,187
GCCTGTCG,0.21573619758380405,0.21573619758380405,2,294,187
GCTCGAAC,0.21334474085680122,0.21334474085680122,2,294,187
GCCCGAGC,0.21069558405145752,0.21069558405145752,2,294,187
GCCTGAAC,0.20837628334639013,0.20837628334639013,2,294,187
GGCCGACG,0.20829381932132104,0.20829381932132104,2,294,187
GCCCGAAC,0.19857337236630518,0.19857337236630518,2,294,187
GCCTGAAG,0.197006555889993,0.197006555889993,2,294,187
GCCCGTAG,0.190069269781058,0.190069269781058,2,294,187
ACCCGACG,0.18210118335875972,0.18210118335875972,2,294,187
GCCTGATG,0.17312291262936544,0.17312291262936544,2,294,187
GCCTGACG,0.16988619964540472,0.16988619964540472,2,294,187
GCCTCATG,0.16812353110955347,0.16812353110955347,2,294,187
GCCCGACG,0.15225951428689236,0.15225951428689236,2,294,187
GCCTGTCC,0.14105471488063334,0.14105471488063334,2,294,187
GCATATCG,0.9249165051746177,0.9249165051746177,3,391,273
GGCTATCG,0.8534717354554076,0.8534717354554076,3,391,273
GCCTATCG,0.8005504473673359,0.8005504473673359,3,391,273
GACTATCG,0.7976642064899188,0.7976642064899188,3,391,273
GGATCTCG,0.6984702923349688,0.6984702923349688,3,391,273
GGATCTAG,0.6945326351379212,0.6945326351379212,3,391,273
TCCCCTGG,0.6375087618026636,0.6375087618026636,3,391,273
TACTCTCG,0.5533439162165505,0.5533439162165505,3,391,273
ACCCCTGG,0.5502927472889952,0.5502927472889952,3,391,273
TGTTGTAG,0.531284789510576,0.531284789510576,3,391,273
GCCACTCG,0.48603265575392735,0.48603265575392735,3,391,273
CCCTTTCG,0.4843524512431452,0.4843524512431452,3,391,273
GGCTCACG,0.4783428854162372,0.4783428854162372,3,391,273
CCCCCTGG,0.472395167608131,0.472395167608131,3,391,273
GCCCTACG,0.4722508555642601,0.4722508555642601,3,391,273
TGCTCTCG,0.46948831072444647,0.46948831072444647,3,391,273
GGTTCTCG,0.4688698305364285,0.4688698305364285,3,391,273
GCTTCTCG,0.4620562404650971,0.4620562404650971,3,391,273
CACCCTGG,0.4532222817795737,0.4532222817795737,3,391,273
CCCTCTCG,0.44680039582732034,0.44680039582732034,3,391,273
GAAATTCG,0.4449449552632664,0.4449449552632664,3,391,273
GGCAATCG,0.44303797468354433,0.44303797468354433,3,391,273
GACTCTCG,0.43792520512926236,0.43792520512926236,3,391,273
TCCTCTGG,0.43303921164392034,0.43303921164392034,3,391,273
GACACTCG,0.43079206696078837,0.43079206696078837,3,391,273
GGATTTCG,0.4298849626850286,0.4298849626850286,3,391,273
GCCTGTGG,0.41836061518162704,0.41836061518162704,3,391,273
GCCCATGG,0.4163196305611677,0.4163196305611677,3,391,273
GGCCCTCG,0.4109800849379458,0.4109800849379458,3,391,273
GGTTCTCC,0.3991464973405352,0.3991464973405352,3,391,273
GCCCCGGG,0.39215767121593204,0.39215767121593204,3,391,273
GCCACTGG,0.38657073351750304,0.38657073351750304,3,391,273
TCCTCTCG,0.383622644621284,0.383622644621284,3,391,273
GATTCTCG,0.36972745639714677,0.36972745639714677,3,391,273
GACTTTCG,0.36816063992083453,0.36816063992083453,3,391,273
GCCCATCG,0.3674906197171484,0.3674906197171484,3,391,273
GGCTCTGG,0.364243598730054,0.364243598730054,3,391,273
TGCTCTGG,0.3604605615800107,0.3604605615800107,3,391,273
GGCTGCCG,0.35722384859605,0.35722384859605,3,391,273
GGCTCCGG,0.3539252875932874,0.3539252875932874,3,391,273
GGCTTACG,0.3538118995588175,0.3538118995588175,3,391,273
GCCCCAGG,0.33804065476435907,0.33804065476435907,3,391,273
GACAGACG,0.3324640250690636,0.3324640250690636,3,391,273
GCCCGGGG,0.32895930400362844,0.32895930400362844,3,391,273
GCCTTCCG,0.3255370469632623,0.3255370469632623,3,391,273
GACCCTGG,0.32431039459036,0.32431039459036,3,391,273
GAATCTCG,0.3230012781923886,0.3230012781923886,3,391,273
GGCTCTTG,0.3160639920834536,0.3160639920834536,3,391,273
GACTGACG,0.3072300333979302,0.3072300333979302,3,391,273
GGCTGGCG,0.29611800601987387,0.29611800601987387,3,391,273
GCCCCTCG,0.29331422916752564,0.29331422916752564,3,391,273
GCCTCAGG,0.2913041685564672,0.2913041685564672,3,391,273
GACTCTGG,0.2912732445470663,0.2912732445470663,3,391,273
GCCTCCGG,0.28947965200181425,0.28947965200181425,3,391,273
GGCACACG,0.28587185090504263,0.28587185090504263,3,391,273
GACCTTCG,0.28321238609656535,0.28321238609656535,3,391,273
GTCGCTCG,0.2813363295262442,0.2813363295262442,3,391,273
GCCCCTTG,0.2794911969653239,0.2794911969653239,3,391,273
GACCTACG,0.27420319135777016,0.27420319135777016,3,391,273
GACTCACG,0.27264668288459154,0.27264668288459154,3,391,273
GTCCCTGG,0.2719972786871727,0.2719972786871727,3,391,273
GGCTGTGG,0.26654434502948093,0.26654434502948093,3,391,273
GGCCCCCG,0.26433843235888344,0.26433843235888344,3,391,273
GCCTCTCG,0.25574155774543356,0.25574155774543356,3,391,273
TCCCCAGG,0.25448398136313033,0.25448398136313033,3,391,273
GGCTGTCG,0.2544118253411949,0.2544118253411949,3,391,273
GGCCCAGG,0.24761885127613079,0.24761885127613079,3,391,273
GTCCCAGG,0.24124850533954562,0.24124850533954562,3,391,273
GGCCGTCG,0.2395579928256298,0.2395579928256298,3,391,273
GTCCGTGG,0.23604296375706096,0.23604296375706096,3,391,273
GCCTATGG,0.23372366305199357,0.23372366305199357,3,391,273
GCCGCTGG,0.230538490083701,0.230538490083701,3,391,273
GGCCCTGG,0.22940460973900134,0.22940460973900134,3,391,273
GCCCCCGG,0.22279717973034263,0.22279717973034263,3,391,273
GGCAGTCG,0.22126128726343133,0.22126128726343133,3,391,273
GCCTGTCG,0.21573619758380405,0.21573619758380405,3,391,273
GCCCGTGG,0.21343751288500395,0.21343751288500395,3,391,273
GGCACTCG,0.21328289283799942,0.21328289283799942,3,391,273
GCCTCTTG,0.21109759617366922,0.21109759617366922,3,391,273
GGACTTCG,0.17887477837793264,0.17887477837793264,3,391,273
GGCTTTCG,0.14967220550035046,0.14967220550035046,3,391,273
GGCTCTCG,0.14198243516266026,0.14198243516266026,3,391,273
GCCTCTGG,0.12830371500432933,0.12830371500432933,3,391,273
GCCCCTGG,0.12370634560672908,0.12370634560672908,3,391,273
GACTGTCG,0.11402713066424772,0.11402713066424772,3,391,273
GGCCTTCG,0.07447532264049807,0.07447532264049807,3,391,273
GCGTATCA,0.9835071949861872,0.9835071949861872,4,539,372
GCATATCG,0.9249165051746177,0.9249165051746177,4,539,372
GCATATAT,0.8684904960211108,0.8684904960211108,4,539,372
GCCTATCG,0.8005504473673359,0.8005504473673359,4,539,372
GCCGATCG,0.743681194079083,0.743681194079083,4,539,372
GCATATTA,0.743062713891065,0.743062713891065,4,539,372
AAATACAG,0.7000164928050139,0.7000164928050139,4,539,372
ACAGATAA,0.6264688904465427,0.6264688904465427,4,539,372
ATAGGTCA,0.6080897208592752,0.6080897208592752,4,539,372
GAAGGACG,0.5753618109099906,0.5753618109099906,4,539,372
GCCGATCT,0.5631365191935018,0.5631365191935018,4,539,372
GAGGGCAA,0.554735496639591,0.554735496639591,4,539,372
GCAGGCTA,0.5477879025275224,0.5477879025275224,4,539,372
GGTGGTCA,0.5199150620541789,0.5199150620541789,4,539,372
GTAGGCCA,0.5037521131406424,0.5037521131406424,4,539,372
ACCGCCCT,0.499185667752443,0.499185667752443,4,539,372
GCGAATAC,0.49190821754009817,0.49190821754009817,4,539,372
GAGGTTGA,0.4855894116191811,0.4855894116191811,4,539,372
CCCGCCCA,0.47051911103780975,0.47051911103780975,4,539,372
GCATGTCG,0.46594235764647673,0.46594235764647673,4,539,372
GAGGGAGA,0.4612316002144065,0.4612316002144065,4,539,372
GAGGGTCA,0.45232548550694757,0.45232548550694757,4,539,372
ATAGGCCG,0.4478518121469509,0.4478518121469509,4,539,372
GAGGTTCA,0.44507895930400365,0.44507895930400365,4,539,372
GTGGGCGA,0.43929616954603556,0.43929616954603556,4,539,372
GCAGTTAT,0.4349358842205088,0.4349358842205088,4,539,372
GAGGGACA,0.43438956005442625,0.43438956005442625,4,539,372
GAAGGACA,0.43410093596668453,0.43410093596668453,4,539,372
GCATGTAG,0.43196717931802253,0.43196717931802253,4,539,372
CTAGGTCA,0.4267719457386715,0.4267719457386715,4,539,372
GCGAGTCG,0.42431864099286687,0.42431864099286687,4,539,372
CCCGACCA,0.41906155939471407,0.41906155939471407,4,539,372
GCCGGACG,0.4139178658310312,0.4139178658310312,4,539,372
AAGGGACA,0.4080010720323259,0.4080010720323259,4,539,372
GTTGGTCA,0.4053725312332495,0.4053725312332495,4,539,372
GATGTCCA,0.40534160722384854,0.40534160722384854,4,539,372
GCAGGCAA,0.4008060858450501,0.4008060858450501,4,539,372
GCAACACG,0.3982393930647755,0.3982393930647755,4,539,372
GCATAGCG,0.3981260050303055,0.3981260050303055,4,539,372
GCAGGCAT,0.3970230486950068,0.3970230486950068,4,539,372
GCCGACCA,0.39528099616542284,0.39528099616542284,4,539,372
GGAGACCA,0.39411619181132235,0.39411619181132235,4,539,372
GATGGACA,0.3891683503071785,0.3891683503071785,4,539,372
GACGGTCG,0.38802416195934525,0.38802416195934525,4,539,372
GTGGGTGG,0.3860141013482868,0.3860141013482868,4,539,372
GTCGGACG,0.3808188677689358,0.3808188677689358,4,539,372
GACGGCAA,0.3785717230858038,0.3785717230858038,4,539,372
GTAGGTCG,0.3682224879396363,0.3682224879396363,4,539,372
GAAGCCCA,0.3649445429431411,0.3649445429431411,4,539,372
GAGGGTGA,0.3619449140312539,0.3619449140312539,4,539,372
CTGGGCCA,0.3601616294891354,0.3601616294891354,4,539,372
CTAGGCCG,0.3586875850410259,0.3586875850410259,4,539,372
GTCGGCCG,0.3554405640539315,0.3554405640539315,4,539,372
GCAGGTCT,0.3538634395744856,0.3538634395744856,4,539,372
AAGGGCCA,0.35377066754628295,0.35377066754628295,4,539,372
GAATGCCG,0.3500804024244424,0.3500804024244424,4,539,372
GCGGGCCG,0.34639013730260176,0.34639013730260176,4,539,372
ACCGGCCA,0.3463385972869336,0.3463385972869336,4,539,372
GCTGGTCG,0.3461633612336618,0.3461633612336618,4,539,372
GCAGCCCA,0.3407722755947718,0.3407722755947718,4,539,372
CCCGGTAG,0.3338659134952377,0.3338659134952377,4,539,372
GATGGCAA,0.3307735125551478,0.3307735125551478,4,539,372
ACAGGTCA,0.3303508844266689,0.3303508844266689,4,539,372
GCATGCCG,0.33028903640786705,0.33028903640786705,4,539,372
GCCGACCT,0.32949532016657734,0.32949532016657734,4,539,372
CAAGGCCG,0.3145280996165423,0.3145280996165423,4,539,372
GCAGACTG,0.31261081103368654,0.31261081103368654,4,539,372
GCAGGCCA,0.31167278274852594,0.31167278274852594,4,539,372
GAGGGCCT,0.3097967261782048,0.3097967261782048,4,539,372
GAAGTTCA,0.30970395415000207,0.30970395415000207,4,539,372
GTAGACCA,0.30804436564548715,0.30804436564548715,4,539,372
GAGGGCGA,0.3070960293571929,0.3070960293571929,4,539,372
GTCGGTCG,0.30547767286521255,0.30547767286521255,4,539,372
GCCGGACA,0.30469426462705645,0.30469426462705645,4,539,372
GCAGGACG,0.30468395662392284,0.30468395662392284,4,539,372
GGTGGCCA,0.3042407124891766,0.3042407124891766,4,539,372
AATGGCCA,0.30092153548014683,0.30092153548014683,4,539,372
GCAGAACG,0.3007256834206078,0.3007256834206078,4,539,372
GCATAGCT,0.297994062590195,0.297994062590195,4,539,372
GGAGTCCG,0.2971384983301035,0.2971384983301035,4,539,372
CTAGGCCA,0.2933966931925947,0.2933966931925947,4,539,372
CTCGGCCG,0.2923658928792314,0.2923658928792314,4,539,372
GCAGGGCG,0.2917061806786789,0.2917061806786789,4,539,372
GTCGACCA,0.2888817878200635,0.2888817878200635,4,539,372
GCCGGCCG,0.28756236341895847,0.28756236341895847,4,539,372
GCAGCTCG,0.28510905867315384,0.28510905867315384,4,539,372
GAGGTCGA,0.2825939059085474,0.2825939059085474,4,539,372
GCCGGTCA,0.282099121758133,0.282099121758133,4,539,372
GAAGTCCA,0.28108893745103697,0.28108893745103697,4,539,372
GCAGGTAG,0.2810270894322352,0.2810270894322352,4,539,372
GACGGACA,0.28029522120974726,0.28029522120974726,4,539,372
GCAAGCCG,0.27595555189048776,0.27595555189048776,4,539,372
GCATGCCA,0.2752030676617326,0.2752030676617326,4,539,372
GAAGACCA,0.27503813961159446,0.27503813961159446,4,539,372
GACGACCA,0.27378056322929123,0.27378056322929123,4,539,372
TAGGGCCA,0.26923473384735913,0.26923473384735913,4,539,372
GGAGGCCA,0.25677235805879683,0.25677235805879683,4,539,372
GTGGGCCA,0.25236053271760195,0.25236053271760195,4,539,372
GGCGGCCG,0.2513812724199068,0.2513812724199068,4,539,372
GCGTATCA,0.9835071949861872,0.9835071949861872,5,648,471
CCGTATCA,0.9736527439904342,0.9736527439904342,5,648,471
GCATATCA,0.9712303632540304,0.9712303632540304,5,648,471
TCGTATCA,0.9555931225003093,0.9555931225003093,5,648,471
GTGTGATA,0.9519956294066714,0.9519956294066714,5,648,471
CCCTATCA,0.9469343998680576,0.9469343998680576,5,648,471
GTGTATCG,0.9195769595513957,0.9195769595513957,5,648,471
ATACGGCA,0.8121263348864058,0.8121263348864058,5,648,471
ATCCGGCA,0.7395064528099616,0.7395064528099616,5,648,471
GCATATAA,0.7258586566610316,0.7258586566610316,5,648,471
GCGTATAA,0.7211375912258277,0.7211375912258277,5,648,471
GCTTATCA,0.7193027666680412,0.7193027666680412,5,648,471
CCGTCTCA,0.6430647754916918,0.6430647754916918,5,648,471
GCGATTAA,0.6398280625077309,0.6398280625077309,5,648,471
GCGCAAAA,0.5830000412320125,0.5830000412320125,5,648,471
GCGCATCA,0.5761967591638149,0.5761967591638149,5,648,471
GCGTGTCA,0.5601781222941492,0.5601781222941492,5,648,471
ATGCCACA,0.5016389724982476,0.5016389724982476,5,648,471
GCGTGAGA,0.4971240671257164,0.4971240671257164,5,648,471
GCGTCTCA,0.4906712571640622,0.4906712571640622,5,648,471
GCGTATGA,0.48108481424978355,0.48108481424978355,5,648,471
GCATAACA,0.4776522492062838,0.4776522492062838,5,648,471
GTGCGGTA,0.47472477631633203,0.47472477631633203,5,648,471
GCGTAACA,0.4625304086092442,0.4625304086092442,5,648,471
GCTCGGCA,0.45706716694841876,0.45706716694841876,5,648,471
GCGCATAA,0.4517173133220633,0.4517173133220633,5,648,471
GCGTCTAA,0.4471302519275966,0.4471302519275966,5,648,471
TTGCGGCA,0.4440996990063085,0.4440996990063085,5,648,471
GCACGACA,0.4435739908464932,0.4435739908464932,5,648,471
GGGCGAGA,0.4352451243145178,0.4352451243145178,5,648,471
GTGCGAGA,0.4293386385189461,0.4293386385189461,5,648,471
GTGGGGAA,0.42845215024945366,0.42845215024945366,5,648,471
GTGCGGAA,0.4246381890900095,0.4246381890900095,5,648,471
GCGCATGA,0.41705149878365566,0.41705149878365566,5,648,471
GTCCGGCA,0.41119655300375213,0.41119655300375213,5,648,471
GCGCGGAA,0.4086504762297448,0.4086504762297448,5,648,471
GTGAGGAA,0.40584669937739665,0.40584669937739665,5,648,471
GTACGACA,0.40511483115490865,0.40511483115490865,5,648,471
GTGCGGCT,0.4048468230734342,0.4048468230734342,5,648,471
GCGCTCCA,0.3903537706675463,0.3903537706675463,5,648,471
AGGCGACA,0.38776646188100444,0.38776646188100444,5,648,471
GTGGGGCA,0.3830660124520678,0.3830660124520678,5,648,471
GCGCGAGA,0.3812105718880138,0.3812105718880138,5,648,471
GCCCGTGA,0.38038593163732326,0.38038593163732326,5,648,471
GCGCGTGA,0.37871603512967467,0.37871603512967467,5,648,471
GTGCGACA,0.37668535851234897,0.37668535851234897,5,648,471
GTGACGCA,0.37273739331216754,0.37273739331216754,5,648,471
GTGCGGGA,0.37063456067290645,0.37063456067290645,5,648,471
ATGCAGCA,0.36283140230074634,0.36283140230074634,5,648,471
TCGCGTCA,0.3620686100688575,0.3620686100688575,5,648,471
GTACGCCA,0.3589762091287676,0.3589762091287676,5,648,471
GCGTCTGA,0.35241001113264336,0.35241001113264336,5,648,471
GTACGGCA,0.34974023832103246,0.34974023832103246,5,648,471
GGGCGGCA,0.3385766709273079,0.3385766709273079,5,648,471
GCGCGCTA,0.33463901373026017,0.33463901373026017,5,648,471
GCGAGTAA,0.32637199521708654,0.32637199521708654,5,648,471
ATGCGGCC,0.32464025069063623,0.32464025069063623,5,648,471
GTGCGTCA,0.32243433802003874,0.32243433802003874,5,648,471
GCGCCTCA,0.31685770832474336,0.31685770832474336,5,648,471
ATGCGGCA,0.31679586030594153,0.31679586030594153,5,648,471
GTGAGGCA,0.316362924174329,0.316362924174329,5,648,471
GCGCGGGA,0.31563105595184104,0.31563105595184104,5,648,471
GCGAGTCA,0.3129612831402301,0.3129612831402301,5,648,471
TGCCGGCA,0.30062260338927144,0.30062260338927144,5,648,471
GCGCCCTA,0.2997773471323135,0.2997773471323135,5,648,471
GTGCCGCA,0.29430379746835444,0.29430379746835444,5,648,471
GCGCAGGA,0.28717065929988045,0.28717065929988045,5,648,471
GTACGGAA,0.2849544386261494,0.2849544386261494,5,648,471
GCGTACCA,0.28473797056034306,0.28473797056034306,5,648,471
GTGCTGCA,0.2813363295262442,0.2813363295262442,5,648,471
GGGCGACA,0.277130664247722,0.277130664247722,5,648,471
GTCCGAAA,0.2748422875520555,0.2748422875520555,5,648,471
GCGCTGCA,0.27019337813878697,0.27019337813878697,5,648,471
GAGCGTCA,0.26730713726136973,0.26730713726136973,5,648,471
GTGCGCCA,0.2663381849668082,0.2663381849668082,5,648,471
GTGCTTCA,0.2656578567599885,0.2656578567599885,5,648,471
GTACCGCA,0.26561662474745396,0.26561662474745396,5,648,471
CTGCGGCA,0.2560714138457098,0.2560714138457098,5,648,471
GTGCGGCG,0.25492722549787655,0.25492722549787655,5,648,471
GCGCGACA,0.25448398136313033,0.25448398136313033,5,648,471
GCGCCCCA,0.25370057312497424,0.25370057312497424,5,648,471
TTACGGCA,0.2519069805797221,0.2519069805797221,5,648,471
GTGCGCAA,0.24819609945161422,0.24819609945161422,5,648,471
GCGCCAAA,0.24498000247392074,0.24498000247392074,5,648,471
GCAAGAAA,0.24267100977198697,0.24267100977198697,5,648,471
GCGCGTCA,0.23381643508019626,0.23381643508019626,5,648,471
GTCCGACG,0.23268255473549662,0.23268255473549662,5,648,471
GCGTGACA,0.2282501133880345,0.2282501133880345,5,648,471
GCGCTTCA,0.2268173009524595,0.2268173009524595,5,648,471
GCCCCACA,0.22130251927596586,0.22130251927596586,5,648,471
CTGCGGAA,0.21648868181255926,0.21648868181255926,5,648,471
GAGCGGCA,0.21247886859357604,0.21247886859357604,5,648,471
GCGCAACA,0.21114913618933742,0.21114913618933742,5,648,471
GCATGGCA,0.2082319713025193,0.2082319713025193,5,648,471
GTGCAGCA,0.2070156269327506,0.2070156269327506,5,648,471
GTGCGGCC,0.19485218323506368,0.19485218323506368,5,648,471
GCGCCGCA,0.1908114460066796,0.1908114460066796,5,648,471
GCGCGCCA,0.18614192058714388,0.18614192058714388,5,648,471
GCGCGGCA,0.18400816393848185,0.18400816393848185,5,648,471
GCGTATCA,0.9835071949861872,0.9835071949861872,6,729,555
CCGTATCA,0.9736527439904342,0.9736527439904342,6,729,555
GCCTATCA,0.8911474869088359,0.8911474869088359,6,729,555
GCGTATCT,0.8563167443202903,0.8563167443202903,6,729,555
ACCTACCC,0.6285098750670021,0.6285098750670021,6,729,555
CCCTACGA,0.6169339875479323,0.6169339875479323,6,729,555
GCGTATTA,0.6113367418463695,0.6113367418463695,6,729,555
GCGTATTT,0.6058013441636086,0.6058013441636086,6,729,555
GCCTACCT,0.5705376654434503,0.5705376654434503,6,729,555
ACCTAAAA,0.570238733352575,0.570238733352575,6,729,555
GCGTGTCA,0.5601781222941492,0.5601781222941492,6,729,555
GCGTAGGA,0.5532923762008823,0.5532923762008823,6,729,555
CCCAACCA,0.5436234692615346,0.5436234692615346,6,729,555
ACCAACCA,0.5274708283511318,0.5274708283511318,6,729,555
TCGTACCA,0.525388611718138,0.525388611718138,6,729,555
GCGTTACA,0.5203170741763905,0.5203170741763905,6,729,555
ACCTACGA,0.513565332123861,0.513565332123861,6,729,555
GCCCACCA,0.5126994598606358,0.5126994598606358,6,729,555
GGCTACGA,0.5102873871273657,0.5102873871273657,6,729,555
TCCTTCCA,0.49588710674968045,0.49588710674968045,6,729,555
GGCATACA,0.4949903104770544,0.4949903104770544,6,729,555
ACGTAACA,0.4935574980414794,0.4935574980414794,6,729,555
CCGTACCA,0.4922174576341071,0.4922174576341071,6,729,555
GCGTCTCA,0.4906712571640622,0.4906712571640622,6,729,555
GCTTACCA,0.4897435368820352,0.4897435368820352,6,729,555
ACCCACCA,0.48297117882323837,0.48297117882323837,6,729,555
GCGTCAGA,0.4778171772564219,0.4778171772564219,6,729,555
ACCAACGA,0.4661072856966148,0.4661072856966148,6,729,555
CCCTACAA,0.464530161217169,0.464530161217169,6,729,555
GCGTAACA,0.4625304086092442,0.4625304086092442,6,729,555
GCCTAACG,0.44652207974271224,0.44652207974271224,6,729,555
TCCTTCCC,0.44395538696243764,0.44395538696243764,6,729,555
ACGTAAGA,0.4345544881045644,0.4345544881045644,6,729,555
CCCTACCA,0.43428648002308995,0.43428648002308995,6,729,555
ACGTAGTA,0.42541128932503197,0.42541128932503197,6,729,555
TCGTAACA,0.42214365233167034,0.42214365233167034,6,729,555
ACCTACAA,0.42131901208097966,0.42131901208097966,6,729,555
GGCTACCA,0.4071867397847689,0.4071867397847689,6,729,555
GGCTAACA,0.40623840349647466,0.40623840349647466,6,729,555
TCCTACCA,0.40471281903269696,0.40471281903269696,6,729,555
GCGTAATT,0.3923638312786047,0.3923638312786047,6,729,555
GCGTACCT,0.39215767121593204,0.39215767121593204,6,729,555
TCCTAACA,0.39166288706551766,0.39166288706551766,6,729,555
GGCAACCA,0.3911577949119696,0.3911577949119696,6,729,555
GCGTAAGT,0.38666350554570567,0.38666350554570567,6,729,555
GCCTGCTA,0.3841174287716983,0.3841174287716983,6,729,555
ACCTACCA,0.37924174328949,0.37924174328949,6,729,555
ACGTACCA,0.37330433348451736,0.37330433348451736,6,729,555
TGGCAACT,0.373118789428112,0.373118789428112,6,729,555
GCGTACAA,0.3669133715416649,0.3669133715416649,6,729,555
GCCTAACC,0.36151197789964123,0.36151197789964123,6,729,555
GCCTGAAA,0.36116150579309775,0.36116150579309775,6,729,555
GCCTAAGA,0.3402465674349565,0.3402465674349565,6,729,555
GCCTAGGA,0.3378654187110873,0.3378654187110873,6,729,555
ACGTACAA,0.33245371706593,0.33245371706593,6,729,555
GCCTAAAA,0.3294850121634437,0.3294850121634437,6,729,555
GCCTACAA,0.3268255473549664,0.3268255473549664,6,729,555
GCCTAGCA,0.32271265410464683,0.32271265410464683,6,729,555
TCCTAGCA,0.31655877623386797,0.31655877623386797,6,729,555
CCCTTCCA,0.31574444398631096,0.31574444398631096,6,729,555
ACGTAAAC,0.31077598647589993,0.31077598647589993,6,729,555
ACCTGCCA,0.303302684204016,0.303302684204016,6,729,555
GCCAACCC,0.29942687502577,0.29942687502577,6,729,555
GGCTTCCA,0.29899393889415743,0.29899393889415743,6,729,555
GCCAACCA,0.29887024285655384,0.29887024285655384,6,729,555
GCCAAACA,0.28816022760070914,0.28816022760070914,6,729,555
GCGTACCA,0.28473797056034306,0.28473797056034306,6,729,555
GCCTACGA,0.28277944996495274,0.28277944996495274,6,729,555
CCCCACCA,0.2820475817424648,0.2820475817424648,6,729,555
GGCTACCC,0.2731105430256051,0.2731105430256051,6,729,555
GCCTAACA,0.2722962107780481,0.2722962107780481,6,729,555
GGCTACAA,0.2707603183111367,0.2707603183111367,6,729,555
GCCTTCCA,0.2662969529542737,0.2662969529542737,6,729,555
GCCAACGA,0.2552880056075537,0.2552880056075537,6,729,555
GGCCACCA,0.2409598812518039,0.2409598812518039,6,729,555
GCCAAACG,0.23501216344369766,0.23501216344369766,6,729,555
GCGTTCCA,0.23396074712406714,0.23396074712406714,6,729,555
GGCTAGGA,0.22633282480517875,0.22633282480517875,6,729,555
GCCAACAA,0.21770502618232795,0.21770502618232795,6,729,555
GCCCACGA,0.19366676287469592,0.19366676287469592,6,729,555
GCCTACCG,0.18338968375046388,0.18338968375046388,6,729,555
GCCTTCGA,0.1761740815569208,0.1761740815569208,6,729,555
GCCTACCC,0.16909248340411498,0.16909248340411498,6,729,555
GCCTACCA,0.14836308910237908,0.14836308910237908,6,729,555
GCGTATCA,0.9835071949861872,0.9835071949861872,7,803,635
GCGATCCA,0.7901702882117676,0.7901702882117676,7,803,635
GCGTATAA,0.7211375912258277,0.7211375912258277,7,803,635
TCGCATCA,0.7180245742794706,0.7180245742794706,7,803,635
CCGTATGA,0.7072424030016905,0.7072424030016905,7,803,635
GACGATAA,0.6560631674432029,0.6560631674432029,7,803,635
GCGCATCA,0.5761967591638149,0.5761967591638149,7,803,635
GCGTGTCA,0.5601781222941492,0.5601781222941492,7,803,635
GCTTCCCA,0.5473755824021771,0.5473755824021771,7,803,635
GCTCAGTA,0.5380365315631056,0.5380365315631056,7,803,635
GTGAACCA,0.49345441801014306,0.49345441801014306,7,803,635
CCGAATCA,0.482363006638354,0.482363006638354,7,803,635
GCGAAGTA,0.4641590731043582,0.4641590731043582,7,803,635
GCGAATCA,0.45952047169422344,0.45952047169422344,7,803,635
CCGAAGCA,0.4413371541664948,0.4413371541664948,7,803,635
GCGACTCA,0.4235146167484435,0.4235146167484435,7,803,635
GCCTAGCC,0.4138457098090958,0.4138457098090958,7,803,635
GCGCAGTA,0.4107533088690059,0.4107533088690059,7,803,635
GGGAGGCG,0.4030429225250485,0.4030429225250485,7,803,635
GCGTGGTA,0.39678596462293325,0.39678596462293325,7,803,635
GGGAGGCA,0.39500268008081474,0.39500268008081474,7,803,635
TCGACGCA,0.3896115944419247,0.3896115944419247,7,803,635
GCTCACCA,0.3891889663134458,0.3891889663134458,7,803,635
GCGTAGCA,0.38711705768358556,0.38711705768358556,7,803,635
TCGTAGCA,0.3870139776522492,0.3870139776522492,7,803,635
TCGCAGCA,0.3802210035871851,0.3802210035871851,7,803,635
GCGGAGCA,0.38020038758091784,0.38020038758091784,7,803,635
GCTCAGCA,0.3725724652620294,0.3725724652620294,7,803,635
GCGCACCG,0.3662227353317115,0.3662227353317115,7,803,635
GCGCACTA,0.36580010720323264,0.36580010720323264,7,803,635
GCTAAGCA,0.36369727456397144,0.36369727456397144,7,803,635
GCGATGCA,0.35971838535438916,0.35971838535438916,7,803,635
CCGCAGCA,0.3561724322764194,0.3561724322764194,7,803,635
GTTCAGCA,0.35563641611347047,0.35563641611347047,7,803,635
CCGAGGCG,0.3496783903022307,0.3496783903022307,7,803,635
CCGGGGCA,0.344359460685276,0.344359460685276,7,803,635
GCGTGGAA,0.343771904506659,0.343771904506659,7,803,635
TCGCAGCG,0.34290603224343374,0.34290603224343374,7,803,635
GGGTGGCA,0.33497917783367004,0.33497917783367004,7,803,635
CGGCAGCA,0.33112398466169135,0.33112398466169135,7,803,635
GGGAAGCA,0.3297736362511854,0.3297736362511854,7,803,635
GCTCAGCG,0.3295571681853791,0.3295571681853791,7,803,635
CCGAGGCA,0.32845421185008045,0.32845421185008045,7,803,635
TCGTTGCA,0.32522780686925323,0.32522780686925323,7,803,635
TCGTGGCA,0.31354883931884714,0.31354883931884714,7,803,635
GCGAGTCA,0.3129612831402301,0.3129612831402301,7,803,635
GCGTGGCG,0.31202325485506943,0.31202325485506943,7,803,635
GCGCAGCG,0.31202325485506943,0.31202325485506943,7,803,635
GCGTCGCA,0.31099245454170615,0.31099245454170615,7,803,635
GTGCCGCA,0.29430379746835444,0.29430379746835444,7,803,635
GTCCAGCA,0.28595431493011175,0.28595431493011175,7,803,635
GGGCAGCA,0.2856966148517709,0.2856966148517709,7,803,635
GCGAGGCG,0.28245990186781017,0.28245990186781017,7,803,635
GCGTGGGA,0.27665649610357484,0.27665649610357484,7,803,635
GCCCAGCG,0.2705026182327959,0.2705026182327959,7,803,635
GCCCAGCA,0.26613202490413557,0.26613202490413557,7,803,635
GTGCAGCG,0.2552776976044201,0.2552776976044201,7,803,635
GCGTTGCA,0.25222652867686474,0.25222652867686474,7,803,635
GCGACGCA,0.24804147940460972,0.24804147940460972,7,803,635
GCGCAGAA,0.24382550612295387,0.24382550612295387,7,803,635
CCGTAGCG,0.23963014884756523,0.23963014884756523,7,803,635
GCCAAGCA,0.23878489259060734,0.23878489259060734,7,803,635
GTGCACCA,0.23666144394507896,0.23666144394507896,7,803,635
GTTCACCA,0.2304766420648992,0.2304766420648992,7,803,635
GCGTGACA,0.2282501133880345,0.2282501133880345,7,803,635
GCGTGGCA,0.22445676823485755,0.22445676823485755,7,803,635
GGGCAGCG,0.22324042386508886,0.22324042386508886,7,803,635
GTGAAGCA,0.2229517997773471,0.2229517997773471,7,803,635
GCGACGAA,0.22065311507854696,0.22065311507854696,7,803,635
GCGAGGCA,0.2202820269657362,0.2202820269657362,7,803,635
GTGTAGCA,0.20965447573496065,0.20965447573496065,7,803,635
GTGCAGCA,0.2070156269327506,0.2070156269327506,7,803,635
GCGAAGAA,0.20678885086381069,0.20678885086381069,7,803,635
GCGCGGAG,0.20132560920298517,0.20132560920298517,7,803,635
GCGCCGCA,0.1908114460066796,0.1908114460066796,7,803,635
GCGAAGCG,0.1885643013235476,0.1885643013235476,7,803,635
GCGCGGCA,0.18400816393848185,0.18400816393848185,7,803,635
GCGAAGCA,0.1584133921576712,0.1584133921576712,7,803,635
GCGCACCA,0.11734630767327753,0.11734630767327753,7,803,635
GCGCAGCA,0.10679091246443737,0.10679091246443737,7,803,635
GCGTATCA,0.9835071949861872,0.9835071949861872,8,856,718
ACGTATCA,0.9831051828639755,0.9831051828639755,8,856,718
GTGTATCA,0.983063950851441,0.983063950851441,8,856,718
CCGTATCA,0.9736527439904342,0.9736527439904342,8,856,718
GGGTATAA,0.8935595596421061,0.8935595596421061,8,856,718
GCCTATCA,0.8911474869088359,0.8911474869088359,8,856,718
GCGTATCC,0.7786047086958314,0.7786047086958314,8,856,718
GCTTATCA,0.7193027666680412,0.7193027666680412,8,856,718
ACGTCTCA,0.6992021605574568,0.6992021605574568,8,856,718
GCGTATTA,0.6113367418463695,0.6113367418463695,8,856,718
GCGCATCA,0.5761967591638149,0.5761967591638149,8,856,718
AGGTAACA,0.541592792644209,0.541592792644209,8,856,718
GCGCAATA,0.5345008864882695,0.5345008864882695,8,856,718
GCACAACA,0.5062981899146497,0.5062981899146497,8,856,718
GCGAACCA,0.49766008328866534,0.49766008328866534,8,856,718
GCGTCTCA,0.4906712571640622,0.4906712571640622,8,856,718
GCATAACA,0.4776522492062838,0.4776522492062838,8,856,718
GCACGGTA,0.47418876015338307,0.47418876015338307,8,856,718
TCACAGCA,0.47216839153919105,0.47216839153919105,8,856,718
GCGAAGTA,0.4641590731043582,0.4641590731043582,8,856,718
GCGTAACA,0.4625304086092442,0.4625304086092442,8,856,718
ACAAATCA,0.4625097926029769,0.4625097926029769,8,856,718
GCGAATCA,0.45952047169422344,0.45952047169422344,8,856,718
ACGCCCCA,0.4578093431740404,0.4578093431740404,8,856,718
GCGCATAA,0.4517173133220633,0.4517173133220633,8,856,718
GAGTAGCA,0.44476971920999464,0.44476971920999464,8,856,718
GCACCGCA,0.43858491732981486,0.43858491732981486,8,856,718
GCTCAGGA,0.4367397847688946,0.4367397847688946,8,856,718
GAGCAGCG,0.4157320743825506,0.4157320743825506,8,856,718
GCGTAGCA,0.38711705768358556,0.38711705768358556,8,856,718
ACACTGCA,0.3860450253576877,0.3860450253576877,8,856,718
TCGCAACA,0.3827361563517915,0.3827361563517915,8,856,718
TTGCAGCA,0.3812414958974148,0.3812414958974148,8,856,718
TCGCAGCA,0.3802210035871851,0.3802210035871851,8,856,718
GCGGAGCA,0.38020038758091784,0.38020038758091784,8,856,718
ACACAGCA,0.3779532428977858,0.3779532428977858,8,856,718
GCACAGCT,0.37547932214571395,0.37547932214571395,8,856,718
ACGTACCA,0.37330433348451736,0.37330433348451736,8,856,718
GCTCAGCA,0.3725724652620294,0.3725724652620294,8,856,718
ACGCAGCA,0.36832556797097266,0.36832556797097266,8,856,718
GCGTACTA,0.36449099080526126,0.36449099080526126,8,856,718
GCACAGCC,0.3541005236465592,0.3541005236465592,8,856,718
GCGTAGAA,0.35375005154001565,0.35375005154001565,8,856,718
CAGTACCA,0.3508122706469303,0.3508122706469303,8,856,718
GCAGAACA,0.34944130623015707,0.34944130623015707,8,856,718
GCGCAGGC,0.34292664824970104,0.34292664824970104,8,856,718
GCATAGCA,0.32839236383127857,0.32839236383127857,8,856,718
TCGCAGCT,0.32432070259349355,0.32432070259349355,8,856,718
GCGCAGCT,0.3184039087947883,0.3184039087947883,8,856,718
GCGCAGCG,0.31202325485506943,0.31202325485506943,8,856,718
GCGTCGCA,0.31099245454170615,0.31099245454170615,8,856,718
ACGCAACA,0.2990248629035583,0.2990248629035583,8,856,718
CAGAGTTA,0.2955819898569249,0.2955819898569249,8,856,718
GGGCAGCA,0.2856966148517709,0.2856966148517709,8,856,718
GCACACAA,0.28539768276089555,0.28539768276089555,8,856,718
GCGTACCA,0.28473797056034306,0.28473797056034306,8,856,718
ACGCACCA,0.278223312579887,0.278223312579887,8,856,718
GCGCTGCA,0.27019337813878697,0.27019337813878697,8,856,718
GAGCAACA,0.2692862738630273,0.2692862738630273,8,856,718
GCGTGCCA,0.264183812311879,0.264183812311879,8,856,718
GAGCAGCA,0.2579577784191646,0.2579577784191646,8,856,718
GCGAGCCA,0.2564528099616542,0.2564528099616542,8,856,718
GCGTTGCA,0.25222652867686474,0.25222652867686474,8,856,718
GCGCAGAA,0.24382550612295387,0.24382550612295387,8,856,718
GCGTGGCA,0.22445676823485755,0.22445676823485755,8,856,718
GCGCACAA,0.22071496309734875,0.22071496309734875,8,856,718
GCGCAACA,0.21114913618933742,0.21114913618933742,8,856,718
GTGCAGCA,0.2070156269327506,0.2070156269327506,8,856,718
GCGCCACA,0.20389230198325978,0.20389230198325978,8,856,718
GCGCCTCC,0.19904754051045231,0.19904754051045231,8,856,718
GCACAGCA,0.19822290025976166,0.19822290025976166,8,856,718
GCGTAGCG,0.19731579598400195,0.19731579598400195,8,856,718
GCGCCGCA,0.1908114460066796,0.1908114460066796,8,856,718
GCGAAGCG,0.1885643013235476,0.1885643013235476,8,856,718
GCGCGGCA,0.18400816393848185,0.18400816393848185,8,856,718
ACGCAGCC,0.18263719952170865,0.18263719952170865,8,856,718
GCGCAGCC,0.1714427081185833,0.1714427081185833,8,856,718
GCGAAGCA,0.1584133921576712,0.1584133921576712,8,856,718
GCGTCCCA,0.14048777470828352,0.14048777470828352,8,856,718
GCACAGCG,0.11806786789263182,0.11806786789263182,8,856,718
GCGCACCA,0.11734630767327753,0.11734630767327753,8,856,718
GCACGGCA,0.11500639096194286,0.11500639096194286,8,856,718
GCGCAGCA,0.10679091246443737,0.10679091246443737,8,856,718
AGGTATCA,1.0,1.0,9,904,807
GGGTATCA,0.9973714592009236,0.9973714592009236,9,904,807
GCGTATCA,0.9835071949861872,0.9835071949861872,9,904,807
CCGTATCA,0.9736527439904342,0.9736527439904342,9,904,807
GCATATCA,0.9712303632540304,0.9712303632540304,9,904,807
GCGGATCA,0.9047849750546325,0.9047849750546325,9,904,807
CCGATCTA,0.8049931967179318,0.8049931967179318,9,904,807
GAGATCTA,0.7753061476930689,0.7753061476930689,9,904,807
ACGATCCA,0.7624211437760278,0.7624211437760278,9,904,807
CCGTATAA,0.746010802787284,0.746010802787284,9,904,807
ACTTATCA,0.7283428854162372,0.7283428854162372,9,904,807
TCGCATCA,0.7180245742794706,0.7180245742794706,9,904,807
GCGCATCA,0.5761967591638149,0.5761967591638149,9,904,807
CCTGACCA,0.5544777965612502,0.5544777965612502,9,904,807
GCGTAGGA,0.5532923762008823,0.5532923762008823,9,904,807
GGGCATCA,0.5480146785964624,0.5480146785964624,9,904,807
GAGCATCA,0.5080196264379665,0.5080196264379665,9,904,807
GCGAACCA,0.49766008328866534,0.49766008328866534,9,904,807
GCCCAGGA,0.4949078464519853,0.4949078464519853,9,904,807
CCGCAGGA,0.49404197418876017,0.49404197418876017,9,904,807
GCTTACCA,0.4897435368820352,0.4897435368820352,9,904,807
GCTCAACA,0.4533047458046427,0.4533047458046427,9,904,807
GCGTTTCG,0.44465633117552467,0.44465633117552467,9,904,807
ACGAAGCA,0.4393786335711046,0.4393786335711046,9,904,807
GGTCACAG,0.4363996206654847,0.4363996206654847,9,904,807
GCGCTGCT,0.42018513173628,0.42018513173628,9,904,807
GCTCAGCT,0.4193295674761885,0.4193295674761885,9,904,807
GCGCAGTA,0.4107533088690059,0.4107533088690059,9,904,807
GCGCGCAA,0.4044654269574898,0.4044654269574898,9,904,807
GCGCTCCA,0.3903537706675463,0.3903537706675463,9,904,807
GCTTTTGA,0.38966313445759293,0.38966313445759293,9,904,807
GCGTAGCA,0.38711705768358556,0.38711705768358556,9,904,807
TCGTAGCA,0.3870139776522492,0.3870139776522492,9,904,807
CCGCATCG,0.3868696656083783,0.3868696656083783,9,904,807
TCGCACCA,0.3821279841669072,0.3821279841669072,9,904,807
TCGCAGCA,0.3802210035871851,0.3802210035871851,9,904,807
GCGGAGCA,0.38020038758091784,0.38020038758091784,9,904,807
GCTCAGCA,0.3725724652620294,0.3725724652620294,9,904,807
ACGCAGCA,0.36832556797097266,0.36832556797097266,9,904,807
GCGATGCA,0.35971838535438916,0.35971838535438916,9,904,807
CCGCAGCA,0.3561724322764194,0.3561724322764194,9,904,807
CCTTAGCA,0.35484269987218076,0.35484269987218076,9,904,807
GCCAGTGA,0.34589535315218733,0.34589535315218733,9,904,807
GCGAACCG,0.3437822125097926,0.3437822125097926,9,904,807
GGGCGGCA,0.3385766709273079,0.3385766709273079,9,904,807
GCTCAGCG,0.3295571681853791,0.3295571681853791,9,904,807
GCGCAGCT,0.3184039087947883,0.3184039087947883,9,904,807
GCTGTCCG,0.312064486867604,0.312064486867604,9,904,807
GCGCAGCG,0.31202325485506943,0.31202325485506943,9,904,807
GAGCGCCA,0.30872469385230694,0.30872469385230694,9,904,807
CCGCACCA,0.30632292912217046,0.30632292912217046,9,904,807
GCGTTTCA,0.2994577990351709,0.2994577990351709,9,904,807
GCTAACGG,0.2971384983301035,0.2971384983301035,9,904,807
GCGCAGGA,0.28717065929988045,0.28717065929988045,9,904,807
GGGCAGCA,0.2856966148517709,0.2856966148517709,9,904,807
GCGTACCA,0.28473797056034306,0.28473797056034306,9,904,807
GGGCTGCA,0.2818826536923268,0.2818826536923268,9,904,807
GTGCAGCT,0.2707603183111367,0.2707603183111367,9,904,807
GCGCTGCA,0.27019337813878697,0.27019337813878697,9,904,807
GCCCAGCA,0.26613202490413557,0.26613202490413557,9,904,807
GCGGACCG,0.26587432482579476,0.26587432482579476,9,904,807
GCGTGCCA,0.264183812311879,0.264183812311879,9,904,807
GAGCAGCA,0.2579577784191646,0.2579577784191646,9,904,807
GCCCTGCA,0.2555147816764936,0.2555147816764936,9,904,807
GCGCGACA,0.25448398136313033,0.25448398136313033,9,904,807
GCGTTGCA,0.25222652867686474,0.25222652867686474,9,904,807
GCGCTCCG,0.24978353193419373,0.24978353193419373,9,904,807
GCGCTGCG,0.24780439533253618,0.24780439533253618,9,904,807
GCGGACCA,0.24682513503484105,0.24682513503484105,9,904,807
GAGCACCA,0.24381519811982022,0.24381519811982022,9,904,807
GCGCACCT,0.23798086834618398,0.23798086834618398,9,904,807
GCGCGTCA,0.23381643508019626,0.23381643508019626,9,904,807
GCTCGCCA,0.23198161052240956,0.23198161052240956,9,904,807
GCGCTTCA,0.2268173009524595,0.2268173009524595,9,904,807
GGGCGGCT,0.2176534861666598,0.2176534861666598,9,904,807
GCGCAACA,0.21114913618933742,0.21114913618933742,9,904,807
GTGCAGCA,0.2070156269327506,0.2070156269327506,9,904,807
GCTCTGCA,0.201387457221787,0.201387457221787,9,904,807
GCGTAGCG,0.19731579598400195,0.19731579598400195,9,904,807
GAGCGTCC,0.19082175400981322,0.19082175400981322,9,904,807
GCTTAGCA,0.19064651795654147,0.19064651795654147,9,904,807
GCGCTACA,0.19029604584999793,0.19029604584999793,9,904,807
GGGCGCCA,0.18712118088483895,0.18712118088483895,9,904,807
GCGCGCCA,0.18614192058714388,0.18614192058714388,9,904,807
GCGCGGCA,0.18400816393848185,0.18400816393848185,9,904,807
GCGAAGCA,0.1584133921576712,0.1584133921576712,9,904,807
GCGCTGAA,0.15605285944006925,0.15605285944006925,9,904,807
GCGCACCA,0.11734630767327753,0.11734630767327753,9,904,807
GCGCAGCA,0.10679091246443737,0.10679091246443737,9,904,807
AGGTATCA,1.0,1.0,10,980,882
AGGGATCA,0.9595307796973571,0.9595307796973571,10,980,882
TGGTATCA,0.9544077021399414,0.9544077021399414,10,980,882
GGCTATCA,0.9534799818579145,0.9534799818579145,10,980,882
AGCTATCA,0.9469653238774585,0.9469653238774585,10,980,882
TGGGATCA,0.8842308168061683,0.8842308168061683,10,980,882
TGGTATAA,0.8771079866408279,0.8771079866408279,10,980,882
AAGTATTA,0.870253164556962,0.870253164556962,10,980,882
TGGGATCG,0.8024677359501917,0.8024677359501917,10,980,882
AGATCGCA,0.7394033727786253,0.7394033727786253,10,980,882
AGTAAATA,0.6852348163113842,0.6852348163113842,10,980,882
AGGCATCA,0.6357873252793469,0.6357873252793469,10,980,882
TGGGAGTA,0.626994598606358,0.626994598606358,10,980,882
AGGGCTCA,0.6252731620830413,0.6252731620830413,10,980,882
GGGGCGTA,0.5672597204469549,0.5672597204469549,10,980,882
GGGCATCA,0.5480146785964624,0.5480146785964624,10,980,882
AGGAATCC,0.5456850698882613,0.5456850698882613,10,980,882
GGTCAGCA,0.5261204799406258,0.5261204799406258,10,980,882
TTGTAGCA,0.497752855316868,0.497752855316868,10,980,882
GGGGCGGA,0.496742671009772,0.496742671009772,10,980,882
AGGGCGTA,0.4851564754875685,0.4851564754875685,10,980,882
GGGCCGTA,0.4840741351585371,0.4840741351585371,10,980,882
TGGGAGCA,0.47928091370139775,0.47928091370139775,10,980,882
AGGTAGCA,0.468911062548963,0.468911062548963,10,980,882
AGCTAGCA,0.46692161794417186,0.46692161794417186,10,980,882
AGTGACCA,0.4425638065393972,0.4425638065393972,10,980,882
AGACCGCC,0.4246072650806086,0.4246072650806086,10,980,882
AGGAAACA,0.4193811074918567,0.4193811074918567,10,980,882
TGGGCGGA,0.4145157300127819,0.4145157300127819,10,980,882
TGGTAGCC,0.4071867397847689,0.4071867397847689,10,980,882
AGGGCGCC,0.39678596462293325,0.39678596462293325,10,980,882
AGCGCGCA,0.38965282645445926,0.38965282645445926,10,980,882
AGGGCCCC,0.3853956211602688,0.3853956211602688,10,980,882
AGGCCGCA,0.37724199068156516,0.37724199068156516,10,980,882
TGGCAGCA,0.37332494949078465,0.37332494949078465,10,980,882
AGGTCGTA,0.371067496804519,0.371067496804519,10,980,882
AGCGAGCA,0.3628726343132809,0.3628726343132809,10,980,882
AGAGCGCA,0.3626767822537418,0.3626767822537418,10,980,882
AGGGACCA,0.3391745351090587,0.3391745351090587,10,980,882
GGGGACCA,0.3385869789304416,0.3385869789304416,10,980,882
AGACCGCA,0.3273924875273162,0.3273924875273162,10,980,882
AGCCCGCA,0.3208159815280584,0.3208159815280584,10,980,882
GGCGCGCA,0.3138580794128561,0.3138580794128561,10,980,882
AGGCAGCA,0.3128685111120274,0.3128685111120274,10,980,882
CGGCCGTA,0.3060652290438296,0.3060652290438296,10,980,882
TGTTAGCA,0.3051581247680699,0.3051581247680699,10,980,882
GGGGCGCA,0.3001072032325897,0.3001072032325897,10,980,882
AGGTCGCA,0.29592215396033483,0.29592215396033483,10,980,882
AGCCAGCA,0.29243804890116687,0.29243804890116687,10,980,882
TGACGGCA,0.2896239640456851,0.2896239640456851,10,980,882
GGGGAGCC,0.2856966148517709,0.2856966148517709,10,980,882
GGGCACCA,0.2765431080691048,0.2765431080691048,10,980,882
AGTCCGCC,0.2747804395332536,0.2747804395332536,10,980,882
AGCCATCA,0.2745845874737146,0.2745845874737146,10,980,882
AGGCCGTC,0.25883395868552345,0.25883395868552345,10,980,882
TGGGACCC,0.25251515276460645,0.25251515276460645,10,980,882
AGTCAGCA,0.2501236960376036,0.2501236960376036,10,980,882
AGTCCGCA,0.2490619717148394,0.2490619717148394,10,980,882
TGGCCGCC,0.24817548344534698,0.24817548344534698,10,980,882
AGCCCGCC,0.23512555147816763,0.23512555147816763,10,980,882
GGCGAGCA,0.22768317321568468,0.22768317321568468,10,980,882
AGGCCGGC,0.22679668494619223,0.22679668494619223,10,980,882
TGGGCGCC,0.2263122087989115,0.2263122087989115,10,980,882
TGGTAGCA,0.22244670762379912,0.22244670762379912,10,980,882
AGGGAGCC,0.21866367047375582,0.21866367047375582,10,980,882
AGACCGGC,0.21109759617366922,0.21109759617366922,10,980,882
GGGCCCCC,0.19149177421349936,0.19149177421349936,10,980,882
GGGGCGCC,0.18874984537995299,0.18874984537995299,10,980,882
AGGGAGCA,0.18579144848060036,0.18579144848060036,10,980,882
GGGGAGCA,0.1816888632334144,0.1816888632334144,10,980,882
TGGCCGCA,0.17250443244134747,0.17250443244134747,10,980,882
AGGGGGCC,0.14368325567970974,0.14368325567970974,10,980,882
TGGGCGCA,0.13886941821630314,0.13886941821630314,10,980,882
AGGGCGCA,0.12493299797963137,0.12493299797963137,10,980,882
AGGCCGCC,0.12237661320249041,0.12237661320249041,10,980,882
