{"run_id": "07:42:45-01/09/2025", "exp_name": "Adalead_mu=1_threshold=0.05", "model_name": "NAMb_ss1", "landscape_name": "AdditiveAAVPackaging_phenotype=heart", "rounds": 5, "sequences_batch_size": 100, "model_queries_per_batch": 5000}
sequence,model_score,true_score,round,model_cost,measurement_cost
AUGGGCCGGACCCC,,0.4151251896932638,0,0,1
AUGGGCCPGAIYCC,0.464552395084919,0.464552395084919,1,5065,100
AAGICCVPECFSNI,0.4640840386453218,0.4640840386453218,1,5065,100
RAGICCVPECFSNI,0.4640840386453218,0.4640840386453218,1,5065,100
AUSGGCCPGAIYCC,0.46300327758317966,0.46300327758317966,1,5065,100
NUGGGCFPGACCAQ,0.46121699093715496,0.46121699093715496,1,5065,100
WUGGGCLGGAYCCN,0.4607605570756653,0.4607605570756653,1,5065,100
AUGGYNFPGTCLCC,0.4598505003620767,0.4598505003620767,1,5065,100
NUGGGGFPGYCAAQ,0.459795855782741,0.459795855782741,1,5065,100
SUGVGSVIGAACCQ,0.45948315523383915,0.45948315523383915,1,5065,100
AUGGACVGGALCCC,0.45917440349542477,0.45917440349542477,1,5065,100
AUGGGCVGGAYCCC,0.45846769119416675,0.45846769119416675,1,5065,100
FUGGGCLPGACCCC,0.45790471140405237,0.45790471140405237,1,5065,100
AUGHGCFGGKICCC,0.45720021978376535,0.45720021978376535,1,5065,100
SUGVGSVIGAACCC,0.4570684275419429,0.4570684275419429,1,5065,100
SUGGGSVIGAACCC,0.45634013874424534,0.45634013874424534,1,5065,100
SUGGGSVGGAACCC,0.45634013874424534,0.45634013874424534,1,5065,100
HUSGGYYRGWYATC,0.4561242691234006,0.4561242691234006,1,5065,100
AUGGGCVGGAVCCC,0.45592073504498254,0.45592073504498254,1,5065,100
TURIGCFCGAINQQ,0.45571473687806224,0.45571473687806224,1,5065,100
FUGGTCLPGACCCH,0.4545684727996149,0.4545684727996149,1,5065,100
TURRGCFPGAINQQ,0.4542531115501118,0.4542531115501118,1,5065,100
AUMYGCCPGAACCL,0.4535231107640804,0.4535231107640804,1,5065,100
SUGGGCVGGAACCC,0.45345504950975857,0.45345504950975857,1,5065,100
NUGGGGFPGYCCAQ,0.453306815429047,0.453306815429047,1,5065,100
FUGGTCLPGACCCC,0.45323705663983305,0.45323705663983305,1,5065,100
AUGLKFCGGAICCC,0.45321707423486546,0.45321707423486546,1,5065,100
AUGGKFCGGAICCC,0.45242638303282695,0.45242638303282695,1,5065,100
AUGGGYYGGAYCCC,0.45150425860252386,0.45150425860252386,1,5065,100
AUGGGYVGGACCDC,0.45084650516146757,0.45084650516146757,1,5065,100
AUMYGYCPGARCCL,0.4506722107504851,0.4506722107504851,1,5065,100
AUGGGYVGGACCCC,0.4506041494961633,0.4506041494961633,1,5065,100
AUGGGCIGGAAWCC,0.4502752324727315,0.4502752324727315,1,5065,100
HUSGGYYRGWYCCR,0.4500984027390338,0.4500984027390338,1,5065,100
AUSGGYYGGWYCCR,0.4500984027390338,0.4500984027390338,1,5065,100
MUSGGYYGGWYCCR,0.4500984027390338,0.4500984027390338,1,5065,100
HUSGGYYGGWYCCR,0.4500984027390338,0.4500984027390338,1,5065,100
YUQLGCHGGWFQCS,0.44777386029945737,0.44777386029945737,1,5065,100
AUGIGCCPGACHYC,0.4467729304549259,0.4467729304549259,1,5065,100
AUGMGCCGGALHCI,0.4466798169639568,0.4466798169639568,1,5065,100
AUGGYCCGGAIACC,0.44664880795861356,0.44664880795861356,1,5065,100
AUGSGCCIGGIICN,0.4465052862891223,0.4465052862891223,1,5065,100
AUGAGCCIGAIICV,0.4463694252430578,0.4463694252430578,1,5065,100
FUQGGCCGGAVASQ,0.44607636184081323,0.44607636184081323,1,5065,100
AUGIYLVPECMSNC,0.44581543119078393,0.44581543119078393,1,5065,100
YUQGGCHGGVFQCS,0.44571074001994776,0.44571074001994776,1,5065,100
AUGGYCFGGTCLCC,0.4455927367564484,0.4455927367564484,1,5065,100
AUGFGCCPGACWWT,0.445321838273327,0.445321838273327,1,5065,100
GUGYGSRTGCFVTG,0.44527498329501125,0.44527498329501125,1,5065,100
AUFIKCSGGAFWCL,0.4451651918114777,0.4451651918114777,1,5065,100
AUHGGCIGGAACCC,0.44493233417904005,0.44493233417904005,1,5065,100
AUGPGCCYGAYACC,0.44489273529360573,0.44489273529360573,1,5065,100
AUGAGCCIGGIICV,0.4446855109698933,0.4446855109698933,1,5065,100
EUTRGCFPGAINQQ,0.4445887031105845,0.4445887031105845,1,5065,100
AUGGGCVGDATYWC,0.4444988118995397,0.4444988118995397,1,5065,100
AUGGGCVRDATYWC,0.4444988118995397,0.4444988118995397,1,5065,100
AUGSGCCIGGIWCN,0.444465525183479,0.444465525183479,1,5065,100
WUGGGCLNGAYMCN,0.4444011252038554,0.4444011252038554,1,5065,100
AUGNGCCGGAYQCC,0.4443154308942084,0.4443154308942084,1,5065,100
EUTRGCFPGAINDQ,0.4440308807769723,0.4440308807769723,1,5065,100
ASGGWCLGGAYLVH,0.443854450741994,0.443854450741994,1,5065,100
AUGGGCLGGANYEC,0.44377630373651766,0.44377630373651766,1,5065,100
FUQGGCCGGAVASC,0.44366163414891696,0.44366163414891696,1,5065,100
AUGRGCFPGACNDQ,0.4435802033995157,0.4435802033995157,1,5065,100
MUQGGCLGGAPSCC,0.44357945717068475,0.44357945717068475,1,5065,100
YUHGGCHGGVFQCS,0.44351694674513314,0.44351694674513314,1,5065,100
AUGGGCVGDATSWC,0.4434637816654446,0.4434637816654446,1,5065,100
DUGGKCCGGIFLCC,0.4433448535062641,0.4433448535062641,1,5065,100
SAGGGCPGGALACE,0.44332093251217913,0.44332093251217913,1,5065,100
NUFCGCFGGACGCC,0.44322828321094615,0.44322828321094615,1,5065,100
AUGSGCCIGKIWCN,0.4431964367202666,0.4431964367202666,1,5065,100
YUGGGCHGGVFQCS,0.4431056976560102,0.4431056976560102,1,5065,100
AUGGGCFGGTCLCC,0.4431011088888693,0.4431011088888693,1,5065,100
AUGGGCCGGAFLCC,0.44309745345785057,0.44309745345785057,1,5065,100
PUGGGCCGGAYWCC,0.44300064237970993,0.44300064237970993,1,5065,100
RUGGGCCGGAYWCC,0.44300064237970993,0.44300064237970993,1,5065,100
AUGGGCCGGAYWCC,0.44300064237970993,0.44300064237970993,1,5065,100
AUGGGCCGGVYICC,0.44298053108416374,0.44298053108416374,1,5065,100
YUGGGCCGGVYICC,0.44298053108416374,0.44298053108416374,1,5065,100
AUEGGCCGGIVTCK,0.44290031031932653,0.44290031031932653,1,5065,100
AUGGWCLGGAYLVC,0.44283652206673285,0.44283652206673285,1,5065,100
TUIAACVNGACEGC,0.44283318503002084,0.44283318503002084,1,5065,100
AUGGGCLGGACHCC,0.44275629018610635,0.44275629018610635,1,5065,100
AUGGGCFGGACLCC,0.4427171997485981,0.4427171997485981,1,5065,100
AUGGGCCGGAIECC,0.4426984687209249,0.4426984687209249,1,5065,100
DUGGGCIGGAIRCC,0.4424764988613592,0.4424764988613592,1,5065,100
VUGGGCCGGAIDCL,0.442350897542617,0.442350897542617,1,5065,100
CUGGGCLGGATLCC,0.44207469176086395,0.44207469176086395,1,5065,100
CUGGGCLGGAELCC,0.44207469176086395,0.44207469176086395,1,5065,100
AUGGGCLGGACDCH,0.4419942829720933,0.4419942829720933,1,5065,100
AUGGGCCPGANTCC,0.44172853530258693,0.44172853530258693,1,5065,100
AUGGGCTPGANTCC,0.44172853530258693,0.44172853530258693,1,5065,100
AUGGKCFTGAMDCL,0.4417014187941166,0.4417014187941166,1,5065,100
AUGGKCFRGAMDCL,0.4417014187941166,0.4417014187941166,1,5065,100
AUGGKCFGGAMDCL,0.4417014187941166,0.4417014187941166,1,5065,100
AUGGGCCGGALGCC,0.4415115382588847,0.4415115382588847,1,5065,100
YUGGGCCGGVYQCC,0.4414189347653494,0.4414189347653494,1,5065,100
YUGGGCHGGVYQCC,0.4414189347653494,0.4414189347653494,1,5065,100
GUGYGSPTGAFVFV,0.4413638391204608,0.4413638391204608,1,5065,100
AUGGGCFGGACDCC,0.44130537480004556,0.44130537480004556,1,5065,100
AUEGGCVPGAIYQC,0.488997337992512,0.488997337992512,2,10070,199
IURDGFFPGSINKQ,0.4882589762598161,0.4882589762598161,2,10070,199
ASGDGCFPGAFNDQ,0.48706899932277026,0.48706899932277026,2,10070,199
ASGDGCFPGAFNIQ,0.4843659020193993,0.4843659020193993,2,10070,199
FULGSCLPGAICCS,0.48005909864564966,0.48005909864564966,2,10070,199
HUSLAYLRGWYATC,0.479742977930329,0.479742977930329,2,10070,199
AUGGGYCPGAIYNC,0.4792460869748484,0.4792460869748484,2,10070,199
AUGGGYRPGAIYNC,0.4792460869748484,0.4792460869748484,2,10070,199
AUGGKFFGGAIKCC,0.47718456258563385,0.47718456258563385,2,10070,199
TURMGCFPGAINQQ,0.47712336851961534,0.47712336851961534,2,10070,199
AUGGGCIPGAIYCC,0.47683962686234876,0.47683962686234876,2,10070,199
IURDCFFPGSINKS,0.47656546694446295,0.47656546694446295,2,10070,199
AUGYGCVPGAACRL,0.47655211470651926,0.47655211470651926,2,10070,199
AUYCGCVPGAIYQC,0.4764284303767816,0.4764284303767816,2,10070,199
TURHGCFPGAINQQ,0.4755426984667767,0.4755426984667767,2,10070,199
AUYGGCVPGAIYQC,0.4748168683950486,0.4748168683950486,2,10070,199
NUGGGGFPGYLCAQ,0.47469657628444134,0.47469657628444134,2,10070,199
AUGGGFFGGAICCC,0.4745974494235075,0.4745974494235075,2,10070,199
IULGGYVGGAICCC,0.47349028236448165,0.47349028236448165,2,10070,199
SUGGGFVGGAYCCC,0.4733647320372053,0.4733647320372053,2,10070,199
NUGGGEFPGYVCAQ,0.4728811645834946,0.4728811645834946,2,10070,199
NUGGGGFPGYVCAQ,0.4728811645834946,0.4728811645834946,2,10070,199
RAGISCVPECFSNI,0.4726310746420576,0.4726310746420576,2,10070,199
SUGGGSVYGAFQWN,0.4711896211869214,0.4711896211869214,2,10070,199
MSQGGCLGDALWYH,0.4707527782888525,0.4707527782888525,2,10070,199
ASQGGCLGDALWYH,0.4707527782888525,0.4707527782888525,2,10070,199
GUGYGSLYGAFVEN,0.4706329510305485,0.4706329510305485,2,10070,199
YUQLGCFGGWFQCS,0.46980612914258585,0.46980612914258585,2,10070,199
MSQGGCLGDALWYC,0.4694213621290706,0.4694213621290706,2,10070,199
SUGVGSVIGAIVCQ,0.46940945500919756,0.46940945500919756,2,10070,199
AUGMGCFGGAIECQ,0.46917894924846143,0.46917894924846143,2,10070,199
EUERGCFPGAINQQ,0.46910454448861,0.46910454448861,2,10070,199
GUGYGSLYGAFVEG,0.4689111595099557,0.4689111595099557,2,10070,199
AUSLYCFGGAIECQ,0.46887866682382784,0.46887866682382784,2,10070,199
TURRGYFPGAINQQ,0.46851087515574014,0.46851087515574014,2,10070,199
VUVIGCFIGAINQQ,0.46846747329607646,0.46846747329607646,2,10070,199
ETESGCFPGAINVQ,0.4683845155820354,0.4683845155820354,2,10070,199
SUGGGFVGGAACCC,0.4683520903527971,0.4683520903527971,2,10070,199
AUQGGCCPGAIYCP,0.46806293169270835,0.46806293169270835,2,10070,199
AUGLGCFGGAIECQ,0.4679361564579881,0.4679361564579881,2,10070,199
EUERGCFPGAINQY,0.4677696881667191,0.4677696881667191,2,10070,199
AUGAGCLIGAIICV,0.4677591860984521,0.4677591860984521,2,10070,199
ASGGYCLGGAYLVH,0.4677358394649674,0.4677358394649674,2,10070,199
MUQGGCLGDALWCC,0.4677328225511249,0.4677328225511249,2,10070,199
MSQGGCLGDALWAC,0.46767437892007646,0.46767437892007646,2,10070,199
AUGIYYVPECMSQC,0.46756944176079374,0.46756944176079374,2,10070,199
DUGNGCLGGAYQWT,0.4675373272083599,0.4675373272083599,2,10070,199
IURRGFFPGSINQQ,0.4674758458036254,0.4674758458036254,2,10070,199
MSQGGCLGDALWVC,0.46744962092423564,0.46744962092423564,2,10070,199
YMQGGYLRGCIKCV,0.4674057652634035,0.4674057652634035,2,10070,199
SUGVGSVIGAAICQ,0.4672770637222968,0.4672770637222968,2,10070,199
AUGIYYVPECMSNC,0.4672051920461782,0.4672051920461782,2,10070,199
AUQGGCCPGAIYCC,0.4671574374488565,0.4671574374488565,2,10070,199
AUGPGCCPGAYQKW,0.46712746064956123,0.46712746064956123,2,10070,199
GTASGCFPGAIEVQ,0.46707609041546827,0.46707609041546827,2,10070,199
AUGGGCDPGAIHEC,0.46706609892585854,0.46706609892585854,2,10070,199
EAGICSVPECFSNI,0.46696912787980854,0.46696912787980854,2,10070,199
IURRGFFPGSINKQ,0.4668692154044218,0.4668692154044218,2,10070,199
AUGNGCCPGAYQKW,0.4668068844342147,0.4668068844342147,2,10070,199
ASGGYCLGGCYLVH,0.46678875180845236,0.46678875180845236,2,10070,199
AAGAGCFIGGIICV,0.4667177798130217,0.4667177798130217,2,10070,199
NUFCGCFGGAIGQC,0.46657141125393947,0.46657141125393947,2,10070,199
MUGMGCFGGALGCA,0.46649307485932884,0.46649307485932884,2,10070,199
EULRGCFPGAINDQ,0.4664663362678341,0.4664663362678341,2,10070,199
DUGNGCLGGAYQCT,0.4663483170918599,0.4663483170918599,2,10070,199
AUGGGCDPGAIYEC,0.4663192537805944,0.4663192537805944,2,10070,199
AUGGGCCPGAIYEC,0.4663192537805944,0.4663192537805944,2,10070,199
AUGGGCVGGAYICC,0.46626159968262443,0.46626159968262443,2,10070,199
MUQGGCLGGAISCC,0.4661224072147615,0.4661224072147615,2,10070,199
AUGGACCPGAIYCC,0.4659906518344145,0.4659906518344145,2,10070,199
SUGGGSVIGAAQWN,0.46588576225376405,0.46588576225376405,2,10070,199
AUGGGCVGDAFSWC,0.4658763042178256,0.4658763042178256,2,10070,199
SAGVGSVIGAAQCQ,0.4657154674034824,0.4657154674034824,2,10070,199
SUIAACVNGAVEEC,0.4656781107445583,0.4656781107445583,2,10070,199
EUMRGCFPGAINQQ,0.46560841540631376,0.46560841540631376,2,10070,199
FUGGGCFGGAFLNC,0.4655656505852801,0.4655656505852801,2,10070,199
AUSGYCCPGAIYCC,0.4654949054507587,0.4654949054507587,2,10070,199
AUGGGCCPGAIYCR,0.46548310004688653,0.46548310004688653,2,10070,199
LUGGGCCPGAIYCR,0.46548310004688653,0.46548310004688653,2,10070,199
AUGGGCVGDAFSVV,0.4654791131468826,0.4654791131468826,2,10070,199
AUGGGCCPGAIYCW,0.4654605401698179,0.4654605401698179,2,10070,199
EUTGGCFPGAINQQ,0.46542547608757623,0.46542547608757623,2,10070,199
AUGMGCLPGACDCH,0.4654175278199994,0.4654175278199994,2,10070,199
AUGGACVGGALHCC,0.4654157431328731,0.4654157431328731,2,10070,199
AUGPGCLGGAYLVC,0.46538348286514336,0.46538348286514336,2,10070,199
VUQWGCLGGALSCC,0.46535867392581226,0.46535867392581226,2,10070,199
AUGGGCCPGAIYRC,0.4652876424591958,0.4652876424591958,2,10070,199
WUGGGCLGGAYSCN,0.46522002133375445,0.46522002133375445,2,10070,199
AUGGGCVGGAYQLC,0.4651752819089636,0.4651752819089636,2,10070,199
AUMYGCKPGALWCN,0.4651478150648177,0.4651478150648177,2,10070,199
AUNHGCFPGKIIRC,0.4650268638352739,0.4650268638352739,2,10070,199
AUVAGCCPGAIYCC,0.46502311110517436,0.46502311110517436,2,10070,199
AUVAGCGPGAIYCC,0.46502311110517436,0.46502311110517436,2,10070,199
SUGVGSVIGAAGYR,0.4649977472766035,0.4649977472766035,2,10070,199
AUGHGCFGGKIICC,0.46499412827222303,0.46499412827222303,2,10070,199
AUGGGCCPGAIYNC,0.4649883233692201,0.4649883233692201,2,10070,199
TUGGGCCPGAIYNC,0.4649883233692201,0.4649883233692201,2,10070,199
AUGDGCFPGACNDQ,0.46496996425491005,0.46496996425491005,2,10070,199
AUGGGCFPGANTWC,0.4649498142622153,0.4649498142622153,2,10070,199
IUETGFFPGSIYKQ,0.5055709054552042,0.5055709054552042,3,15131,298
AUQGGYFPGAIWWC,0.5048961329047434,0.5048961329047434,3,15131,298
AUGCGYVPGAIYNG,0.5024813548566353,0.5024813548566353,3,15131,298
EUEYGYFPGAINSY,0.5023692747594631,0.5023692747594631,3,15131,298
VUMCGYFPGAINQQ,0.5023145139706668,0.5023145139706668,3,15131,298
AUGGSFFPGAILCC,0.4994196602224749,0.4994196602224749,3,15131,298
AUGYGYVPGAAGRL,0.49580646602237416,0.49580646602237416,3,15131,298
QUVGGYVPGAAGRL,0.49569412278782904,0.49569412278782904,3,15131,298
AUGGGYVPGAAGRL,0.49536925059690773,0.49536925059690773,3,15131,298
EUEPGCFPGAIWQQ,0.49363999116391183,0.49363999116391183,3,15131,298
GUGCGSLPGAFVEN,0.49319705844220935,0.49319705844220935,3,15131,298
LUGCGSLPGAFVEN,0.49319705844220935,0.49319705844220935,3,15131,298
IURDGFFPGSIIKQ,0.49284021112075344,0.49284021112075344,3,15131,298
AUQCGCVPGAIYQP,0.49169586787062913,0.49169586787062913,3,15131,298
IURDGFFPGSIHKQ,0.4912876422697441,0.4912876422697441,3,15131,298
EUEPGCFPGAINQQ,0.4910985174086179,0.4910985174086179,3,15131,298
EURDGFFPGSIIKG,0.49082799313163983,0.49082799313163983,3,15131,298
QURDGFFPGSIIKG,0.49082799313163983,0.49082799313163983,3,15131,298
IURDGFFPGSIIKG,0.49082799313163983,0.49082799313163983,3,15131,298
AUEIGCVPGAITQC,0.4907310414606098,0.4907310414606098,3,15131,298
EUEIGCFPGAINQY,0.4906210743500639,0.4906210743500639,3,15131,298
DMQGGYLPGCIKCQ,0.49044872062276856,0.49044872062276856,3,15131,298
YMQGGYLPGCIKCQ,0.49044872062276856,0.49044872062276856,3,15131,298
TUCLGSFPGAINQQ,0.49025410453997526,0.49025410453997526,3,15131,298
TUCTGSFPGAINQQ,0.49019507660856526,0.49019507660856526,3,15131,298
EUEAGCFPGAINQQ,0.49008716129493585,0.49008716129493585,3,15131,298
AUEGGCFPGAIYQC,0.48980841063836933,0.48980841063836933,3,15131,298
SUEGGCFPGAIYQC,0.48980841063836933,0.48980841063836933,3,15131,298
AURCGYVPGAITNG,0.48977258089128695,0.48977258089128695,3,15131,298
AUETGCVPGAIYQC,0.4897290012631406,0.4897290012631406,3,15131,298
AUYGGFVPGAIYQC,0.4897139092380873,0.4897139092380873,3,15131,298
AUEHGCFPGKIIRC,0.4895427052132994,0.4895427052132994,3,15131,298
IURDGFFPGSIDKQ,0.4891942188959491,0.4891942188959491,3,15131,298
AUQGGCFPGAIYCC,0.489189706291985,0.489189706291985,3,15131,298
AUGPGCFPGAYQKW,0.48915972949268965,0.48915972949268965,3,15131,298
DUEGGCVPGAIYQC,0.488997337992512,0.488997337992512,3,15131,298
TUYDGFFPGSINKQ,0.48892993960085096,0.48892993960085096,3,15131,298
ASGDGCFPGAFGDQ,0.4888529134054765,0.4888529134054765,3,15131,298
AUGNGCFPGAYQKW,0.4888391532773431,0.4888391532773431,3,15131,298
YMQGGYLPGCIKCV,0.48879552611879784,0.48879552611879784,3,15131,298
VUAHGCFPGKIIEY,0.48852810738207225,0.48852810738207225,3,15131,298
TUMMGCFPGAINQQ,0.4884786723758173,0.4884786723758173,3,15131,298
ASIDGCFPGAFNDQ,0.4884450867642565,0.4884450867642565,3,15131,298
TUHHGCFPGAINQQ,0.4883818117829926,0.4883818117829926,3,15131,298
IURDGFFPGSINAQ,0.48832047251357535,0.48832047251357535,3,15131,298
GURDGFFPGSINKQ,0.4882589762598161,0.4882589762598161,3,15131,298
YURDGFFPGSINKQ,0.4882589762598161,0.4882589762598161,3,15131,298
AUEGGCVPGWIYQC,0.4882098946687937,0.4882098946687937,3,15131,298
ASGGYCLPGCYLVH,0.4881785126638467,0.4881785126638467,3,15131,298
YURYGFFPGSINKQ,0.48814320380688,0.48814320380688,3,15131,298
EULNGCFPGAINDQ,0.48813973297249547,0.48813973297249547,3,15131,298
EUEYGCFPGAINSY,0.4881115111538348,0.4881115111538348,3,15131,298
EULLGCFPGAINDQ,0.48809380044686435,0.48809380044686435,3,15131,298
ASGDGCLPGIFVDQ,0.4880920286539867,0.4880920286539867,3,15131,298
ASGDGCLPGTFVDQ,0.4880897401982924,0.4880897401982924,3,15131,298
ASGDGCVPGTFVDQ,0.4879211755401692,0.4879211755401692,3,15131,298
ASDDGCFPGAFNDQ,0.48782233425198007,0.48782233425198007,3,15131,298
ASGDGCFPGAFNRQ,0.48756189103174274,0.48756189103174274,3,15131,298
AUGGGCVPGAIYEC,0.4875404499778656,0.4875404499778656,3,15131,298
EULAGCFPGAINDQ,0.48744895307416,0.48744895307416,3,15131,298
VUAHGCFPGKIIEC,0.48744823601206694,0.48744823601206694,3,15131,298
ASGDGCFPGAFNTQ,0.48729417465010627,0.48729417465010627,3,15131,298
EUEAGCFPGTICQQ,0.4872583968076866,0.4872583968076866,3,15131,298
ASDDSCFPDAFNDQ,0.48716396438366794,0.48716396438366794,3,15131,298
DMAGGYLPGCIKCQ,0.4871411664476052,0.4871411664476052,3,15131,298
TURVGYFPGKINQQ,0.4871229341940526,0.4871229341940526,3,15131,298
WSGDGCFPGAFNDQ,0.48706899932277026,0.48706899932277026,3,15131,298
TUCHGCFPGAINQQ,0.4870311380431231,0.4870311380431231,3,15131,298
KUEAGCFPGTICQD,0.4870260919844878,0.4870260919844878,3,15131,298
ASGDGCFPGAFNKQ,0.4870201912571789,0.4870201912571789,3,15131,298
AUHGGCVPGAIYQC,0.48698501837022967,0.48698501837022967,3,15131,298
AULGGCVPGAIYQC,0.4869169521053484,0.4869169521053484,3,15131,298
TUMHGCFPGAINQQ,0.48689800232297875,0.48689800232297875,3,15131,298
TUCHGCFPGAINQD,0.48679883321992423,0.48679883321992423,3,15131,298
AUGIYYVPECVSNC,0.48677954120062583,0.48677954120062583,3,15131,298
ASGDGCFPGAFNSQ,0.48669465624104,0.48669465624104,3,15131,298
ASGDGCFPGAFNDI,0.4865443144162126,0.4865443144162126,3,15131,298
ASGDGCLPGAFNDQ,0.4864264913350362,0.4864264913350362,3,15131,298
AUGGGCFPGALTWC,0.48633957511760967,0.48633957511760967,3,15131,298
PUSGGCFPGAINQQ,0.4859686312524571,0.4859686312524571,3,15131,298
YMAGGYLPGCIKAA,0.4858972663739851,0.4858972663739851,3,15131,298
AUEGGCVPGAIYIC,0.4857364183555288,0.4857364183555288,3,15131,298
WAGDGCFPGGFNDQ,0.4856985725341266,0.4856985725341266,3,15131,298
IUETGFFPCSIYKQ,0.4856500660001305,0.4856500660001305,3,15131,298
YMAGGYLPGCIKCA,0.48564222252051287,0.48564222252051287,3,15131,298
FULGSCLPGAIYCS,0.48555359313783386,0.48555359313783386,3,15131,298
IURFGFFPDSINFQ,0.4854522427415506,0.4854522427415506,3,15131,298
NURFGFFPDSINFQ,0.4854522427415506,0.4854522427415506,3,15131,298
TUCWGCFPGAINQV,0.4853145854992123,0.4853145854992123,3,15131,298
ASGDGCFPGAFNDL,0.4851891131724973,0.4851891131724973,3,15131,298
KUEAGCFPGTICQK,0.48502108952610584,0.48502108952610584,3,15131,298
AUGYYCVPGAAYWL,0.4849919998085057,0.4849919998085057,3,15131,298
VULGYCLPGAICCS,0.4846780177818615,0.4846780177818615,3,15131,298
LULGYCLPGAICCS,0.4846780177818615,0.4846780177818615,3,15131,298
ASGVGCFPGAVNDQ,0.48440612684413187,0.48440612684413187,3,15131,298
QSGDGCFPGAFNIQ,0.4843659020193993,0.4843659020193993,3,15131,298
IURFGFFPGSINFQ,0.48398332134122996,0.48398332134122996,3,15131,298
ASGAGCFPGAFNIQ,0.4839587579703308,0.4839587579703308,3,15131,298
IUHRGFFPGAITTQ,0.4836575298294985,0.4836575298294985,3,15131,298
AUQGGYFPGAIWWD,0.5070785557734409,0.5070785557734409,4,20218,397
IUETGFFPDSIYKQ,0.5070398268555248,0.5070398268555248,4,20218,397
IUVDGFFPGSIIQQ,0.5061995779379712,0.5061995779379712,4,20218,397
SUEGGFFPDAIYQC,0.5061743728817285,0.5061743728817285,4,20218,397
WUQTGFFPGSIYKQ,0.5057523791077364,0.5057523791077364,4,20218,397
DUETGFFPGSIYKQ,0.5055709054552042,0.5055709054552042,4,20218,397
AUETGFFPGSIYKQ,0.5055709054552042,0.5055709054552042,4,20218,397
AUQGGYFPGAIQWC,0.5053742976915724,0.5053742976915724,4,20218,397
AUQGGYFPGTIWWC,0.5052800420450148,0.5052800420450148,4,20218,397
IUETGFFPGSIYSQ,0.5052453704390653,0.5052453704390653,4,20218,397
IUETGFFPGSYYKQ,0.5051492607147592,0.5051492607147592,4,20218,397
SUEGGFFPGAIYQC,0.5047054514814079,0.5047054514814079,4,20218,397
ESDIGFFPGSILKN,0.5046449543757133,0.5046449543757133,4,20218,397
IUETGFFPDSIFKQ,0.5044443542248256,0.5044443542248256,4,20218,397
IUEGGFFPGSIEKQ,0.5043750766759758,0.5043750766759758,4,20218,397
EUEYGYFPGAIGSY,0.5041531888421693,0.5041531888421693,4,20218,397
CUQGGYFPGAIWNC,0.5041430510725445,0.5041430510725445,4,20218,397
VUDCGYFPGAINQQ,0.5041404092707674,0.5041404092707674,4,20218,397
IUVDSFFPGSIIQQ,0.5040722866693385,0.5040722866693385,4,20218,397
AUGGYFFPGAILCC,0.5040385793586868,0.5040385793586868,4,20218,397
CUACGYVPDAIYWG,0.5040008462779288,0.5040008462779288,4,20218,397
GSGDAYVPGTFVNQ,0.5038107685142899,0.5038107685142899,4,20218,397
AUQGGYFPGAIWVC,0.503737408645875,0.503737408645875,4,20218,397
VUVCGYFPGAINQQ,0.503711946532479,0.503711946532479,4,20218,397
QSDIGFFPGSILKY,0.5036005245223433,0.5036005245223433,4,20218,397
ESDIGFFPGSILKY,0.5036005245223433,0.5036005245223433,4,20218,397
AUGCGYVPGAIGYG,0.5035495468528429,0.5035495468528429,4,20218,397
ASIDGFFPGAFNDQ,0.5033421276072951,0.5033421276072951,4,20218,397
EUEYGYFPGAIDSY,0.5033045173955961,0.5033045173955961,4,20218,397
EUEYGYFPGAIGSK,0.5032507378824793,0.5032507378824793,4,20218,397
AUGCGYVPGAIYWG,0.503234436688834,0.503234436688834,4,20218,397
ASIYGFFPGAFNDQ,0.503226355154359,0.503226355154359,4,20218,397
EUEYGFFPGAINSY,0.5030085519968733,0.5030085519968733,4,20218,397
CUEYGYFPGAINLY,0.5029765407210427,0.5029765407210427,4,20218,397
AUETGFFPGSIFKQ,0.502975432824505,0.502975432824505,4,20218,397
VUMCGFFPGAINQQ,0.5029537912080772,0.5029537912080772,4,20218,397
EUEYGYFPGLIDSY,0.5028413070403033,0.5028413070403033,4,20218,397
AUQGGYFPGVIWWC,0.502836260503554,0.502836260503554,4,20218,397
AUGCGYVPGAIYRG,0.5027806739466109,0.5027806739466109,4,20218,397
AUGCGYVPGAIWNG,0.5027410077472654,0.5027410077472654,4,20218,397
AUGTGYVPGAIGYG,0.5026696481417385,0.5026696481417385,4,20218,397
CUACGYVPGAIYWG,0.5025319248776082,0.5025319248776082,4,20218,397
AUVCGYVPGAITNG,0.5025253173093012,0.5025253173093012,4,20218,397
NUGFGFFPDSINSQ,0.5024978438757856,0.5024978438757856,4,20218,397
RUGCGYVPGAIYNG,0.5024813548566353,0.5024813548566353,4,20218,397
SUGCGYVPGAIYNG,0.5024813548566353,0.5024813548566353,4,20218,397
KUGCGYVPGAIYNG,0.5024813548566353,0.5024813548566353,4,20218,397
QUMDGFFPGSIIKT,0.5024239126273163,0.5024239126273163,4,20218,397
AUEYGYFPGAINSY,0.5023692747594631,0.5023692747594631,4,20218,397
GSGPAYVPGGFVNQ,0.5023471571654677,0.5023471571654677,4,20218,397
QUMDGFFPGSIIKG,0.5021832969878418,0.5021832969878418,4,20218,397
VUMCGYFPGAINQD,0.5020822091474679,0.5020822091474679,4,20218,397
GUEVGYFPGKINQQ,0.5019743671325508,0.5019743671325508,4,20218,397
AUVLGYVPGAIYQC,0.5019470962796948,0.5019470962796948,4,20218,397
AUQGGYFPGAVWWC,0.5019275320151143,0.5019275320151143,4,20218,397
KUEAGFFPGTICQD,0.5019231328275264,0.5019231328275264,4,20218,397
AUHGGFVPGAIYQC,0.5018820592132682,0.5018820592132682,4,20218,397
IUGDGFFPGSINWQ,0.501682303003696,0.501682303003696,4,20218,397
AUQYYYVPGFAGRN,0.5016792106380645,0.5016792106380645,4,20218,397
IUDDGFFPGSINAQ,0.501501671669878,0.501501671669878,4,20218,397
AUACGYVPGAITNG,0.501497933307154,0.501497933307154,4,20218,397
AUFDGFVPGAIYQC,0.5014864729851423,0.5014864729851423,4,20218,397
AUGCGYVPGAISNG,0.5014463246225401,0.5014463246225401,4,20218,397
AUMCGYVPGAIYNG,0.5014087944857443,0.5014087944857443,4,20218,397
EUDYGFFPGSINKQ,0.5013244029631826,0.5013244029631826,4,20218,397
EUIYGYFPGAINSY,0.5013217934895441,0.5013217934895441,4,20218,397
SSQGGYLPGCIKCQ,0.5011905306782339,0.5011905306782339,4,20218,397
DSQGGYLPGCIKCQ,0.5011905306782339,0.5011905306782339,4,20218,397
EUDYGFFPGSINKN,0.5010339764946619,0.5010339764946619,4,20218,397
IUETTFFPGSIYKQ,0.5009032506909848,0.5009032506909848,4,20218,397
AUGGSFFPDAILCC,0.5008885816227956,0.5008885816227956,4,20218,397
TUGVGYFPGGINQQ,0.5008198868843579,0.5008198868843579,4,20218,397
AUGVGYFPGGINQQ,0.5008198868843579,0.5008198868843579,4,20218,397
ASGDGYLPGAFNDQ,0.5006842549406645,0.5006842549406645,4,20218,397
VUMCGYFPGAINQV,0.500661319466696,0.500661319466696,4,20218,397
AUGCGYVPAAIYNT,0.5006488328326558,0.5006488328326558,4,20218,397
EUEYGYFPGVINSY,0.5003094023582737,0.5003094023582737,4,20218,397
WUDVGYFPGKINQQ,0.5003041333503553,0.5003041333503553,4,20218,397
TUDVGYFPGKINQQ,0.5003041333503553,0.5003041333503553,4,20218,397
VUMCGYFPGAINQE,0.5002167278885976,0.5002167278885976,4,20218,397
TUCWGFFPGAINQV,0.5002116263422509,0.5002116263422509,4,20218,397
ASGDGFFPGAFNTG,0.5001789975040313,0.5001789975040313,4,20218,397
AUGIYYVPGCVSNC,0.5000228054658125,0.5000228054658125,4,20218,397
AUGYYYVPGAAGRN,0.4998875535717055,0.4998875535717055,4,20218,397
GUFDGFFPGSINKN,0.4998590890009827,0.4998590890009827,4,20218,397
HAQGGYLPGCIKCV,0.49985082365878397,0.49985082365878397,4,20218,397
GUCDGFFPGSINKQ,0.4997474158361625,0.4997474158361625,4,20218,397
AUGGSFFPGAILKC,0.49961320782218793,0.49961320782218793,4,20218,397
AUGGSFFPGAILCK,0.4995970806327903,0.4995970806327903,4,20218,397
TUGVGYFPGKINQQ,0.4995507984211455,0.4995507984211455,4,20218,397
FULCGFFPDGIHFE,0.49953551913574,0.49953551913574,4,20218,397
FULCGFFPDFINFQ,0.49947516818346716,0.49947516818346716,4,20218,397
TUFVGYFPGKINQQ,0.4990134734037399,0.4990134734037399,4,20218,397
AUGGSFFPGCILCK,0.49864999297627527,0.49864999297627527,4,20218,397
IULCGFFPDSINFQ,0.49861424689152073,0.49861424689152073,4,20218,397
DSAWGYLPGCIKCQ,0.4982724324028037,0.4982724324028037,4,20218,397
WUDVGYFPGKINQE,0.49820634726828605,0.49820634726828605,4,20218,397
AUGGSFFPAAILTC,0.49781405355166136,0.49781405355166136,4,20218,397
VUMCTYFPGAINQQ,0.4976468592064475,0.4976468592064475,4,20218,397
QUETGFFPGTIYKQ,0.5076291211850004,0.5076291211850004,5,25285,496
IUETGFFPGTIYKQ,0.5076291211850004,0.5076291211850004,5,25285,496
QUEVGFFPGTIYKQ,0.5076257467120693,0.5076257467120693,5,25285,496
SUETGFFPGYIYKQ,0.506467033786387,0.506467033786387,5,25285,496
QUIDGFFPGSIIKD,0.5064118579661337,0.5064118579661337,5,25285,496
IUETGFFPGSIYNQ,0.5058132861397923,0.5058132861397923,5,25285,496
MUQGGYFPGAIWWP,0.5058016271485953,0.5058016271485953,5,25285,496
IUETKFFPGSIYNQ,0.5056744885922402,0.5056744885922402,5,25285,496
AUQGGFFPGAIWWC,0.5055354101421538,0.5055354101421538,5,25285,496
IUETSFFPGIIYKQ,0.505504118372062,0.505504118372062,5,25285,496
IUESGFFPGSIYKQ,0.5054420932976886,0.5054420932976886,5,25285,496
KUQCGYVPGAITNT,0.505046103121792,0.505046103121792,5,25285,496
IUETGYFPGSIYKQ,0.5049316282177939,0.5049316282177939,5,25285,496
DUEDGFFPGSINYQ,0.5049188886610677,0.5049188886610677,5,25285,496
MUQGGYFPGAIWWC,0.5048961329047434,0.5048961329047434,5,25285,496
AUQGGYFPGLIWWC,0.5044329225494506,0.5044329225494506,5,25285,496
EUEYYYFPGLINSY,0.5043976922717494,0.5043976922717494,5,25285,496
AUQGGYFPGAITWC,0.504355570275858,0.504355570275858,5,25285,496
DAQGGYLPGCILCQ,0.5043378486652821,0.5043378486652821,5,25285,496
QUADGFFPGSIIKD,0.5043332587134216,0.5043332587134216,5,25285,496
IUEPKFFPGSIYNT,0.5043284229149887,0.5043284229149887,5,25285,496
AUEGGYFPGAIYQK,0.504243594654313,0.504243594654313,5,25285,496
IUETGFFPGSIDKQ,0.5042243272266733,0.5042243272266733,5,25285,496
PUFDGFFPGSIHWQ,0.5041736439962183,0.5041736439962183,5,25285,496
AUQGGYFPGWIWWC,0.5041086895810252,0.5041086895810252,5,25285,496
EUETAYFPGAINSY,0.5041019793541208,0.5041019793541208,5,25285,496
EUINGFFPGAINDQ,0.5040696784327786,0.5040696784327786,5,25285,496
AUEGGYFPGAIYQC,0.5040661742439977,0.5040661742439977,5,25285,496
AUEHGYFPGKIIRC,0.5038004688189277,0.5038004688189277,5,25285,496
AUGCGYVPGAIANG,0.503475900718145,0.503475900718145,5,25285,496
QSQMGFFPGAFNIQ,0.5033484813404847,0.5033484813404847,5,25285,496
AUGCGYFPGAIYNG,0.5032924275024925,0.5032924275024925,5,25285,496
DUEGGYVPGAIYQC,0.5032551015981404,0.5032551015981404,5,25285,496
AUEHGYLPGKIIRC,0.5031579608311936,0.5031579608311936,5,25285,496
EUEFGYFPGAINSY,0.5031526642170941,0.5031526642170941,5,25285,496
VUEDGFFPGSINKQ,0.5031104091983143,0.5031104091983143,5,25285,496
EULNGFFPGAINDQ,0.503036773815534,0.503036773815534,5,25285,496
VUAHGFFPGKYIEY,0.5030035034846659,0.5030035034846659,5,25285,496
IUQDGFFPGSINKN,0.5030014563823259,0.5030014563823259,5,25285,496
AUGGGFVPGAIYEL,0.5029723323625275,0.5029723323625275,5,25285,496
DUEDGFFPGSINVQ,0.5029471474562328,0.5029471474562328,5,25285,496
AUGCGYVPGIIYNG,0.5028675524526008,0.5028675524526008,5,25285,496
IULCGYVPGAIYNG,0.5028245376808769,0.5028245376808769,5,25285,496
QSQMGYFPGAFNIQ,0.5027092041030744,0.5027092041030744,5,25285,496
AUGCGYVPGAIYTG,0.5025129575649745,0.5025129575649745,5,25285,496
LUGCGYVPGAIYNG,0.5024813548566353,0.5024813548566353,5,25285,496
IUGCGYVPGAIYNG,0.5024813548566353,0.5024813548566353,5,25285,496
IULFGYVPGAIYNG,0.5024335805822413,0.5024335805822413,5,25285,496
DAEDGYFPGGFNDQ,0.5023799048511602,0.5023799048511602,5,25285,496
AUQGGYFPGAINWC,0.5023546591494494,0.5023546591494494,5,25285,496
VUAHGFFPGKIIEC,0.5023452768551055,0.5023452768551055,5,25285,496
DUCDGFFPGSIIKG,0.5023164327079862,0.5023164327079862,5,25285,496
EUCDGFFPGSIIKG,0.5023164327079862,0.5023164327079862,5,25285,496
CUMCGYFPGAINQQ,0.5023145139706668,0.5023145139706668,5,25285,496
AUGCGYVPGAIYAG,0.5023004704258064,0.5023004704258064,5,25285,496
NUDGGFVPGAIYQC,0.502224145053355,0.502224145053355,5,25285,496
DUMDGFFPGSIIKG,0.5021832969878418,0.5021832969878418,5,25285,496
IUIDGFFPGSINAQ,0.5021244241821545,0.5021244241821545,5,25285,496
TULMGYFPGKIVNQ,0.5021142664485709,0.5021142664485709,5,25285,496
EUEAGYFPGAINSY,0.5020779031633308,0.5020779031633308,5,25285,496
AUGCGYVPGLIYNG,0.5020181445013424,0.5020181445013424,5,25285,496
ASQDGFFPGAFNIQ,0.5018679852263754,0.5018679852263754,5,25285,496
VUSCGYFPGAINQQ,0.5018379568398184,0.5018379568398184,5,25285,496
AUGCGYVPGGIANG,0.5017919864449806,0.5017919864449806,5,25285,496
AUIHGYVPGAYEDL,0.5017516432268608,0.5017516432268608,5,25285,496
AUACGYVPGAITNT,0.5017385489466286,0.5017385489466286,5,25285,496
AUIYGYVPGAYGDL,0.5017023034392962,0.5017023034392962,5,25285,496
AUGCGYVPGWIYNG,0.5016939115329169,0.5016939115329169,5,25285,496
AUGLGYVPGAIYNG,0.5016604840769407,0.5016604840769407,5,25285,496
AUGGSFFPGAILCD,0.5016020830911723,0.5016020830911723,5,25285,496
TUCTGYFPGAINQQ,0.5015677509797067,0.5015677509797067,5,25285,496
MUCTGYFPGAINQQ,0.5015677509797067,0.5015677509797067,5,25285,496
AUGGSFFPGAILCN,0.5015439614458503,0.5015439614458503,5,25285,496
VUMCGYFPGYINQQ,0.5015363357123248,0.5015363357123248,5,25285,496
TUAVYYFPGKINQQ,0.5013399144774987,0.5013399144774987,5,25285,496
NUDGGFVPGAIYSC,0.5012919796380125,0.5012919796380125,5,25285,496
ASGDGYFPGAFNKQ,0.5012779548628072,0.5012779548628072,5,25285,496
AULGGYFPGAIVQK,0.5011607276254705,0.5011607276254705,5,25285,496
AUMCGYVPGAITNG,0.5011278847474889,0.5011278847474889,5,25285,496
AUGIYYVPGCVLNC,0.5011230824199293,0.5011230824199293,5,25285,496
TULMGYFPGKINNQ,0.5008349267255859,0.5008349267255859,5,25285,496
AUGGSFFPGAILLP,0.5008004330114805,0.5008004330114805,5,25285,496
AUGCGYVPGGIYNG,0.5007974405834708,0.5007974405834708,5,25285,496
AUGGSFFPGAILCH,0.5007510763822568,0.5007510763822568,5,25285,496
IUCDGFFPGSIDKQ,0.5006826584722954,0.5006826584722954,5,25285,496
AUGGGYFPGALTWC,0.500597338723238,0.500597338723238,5,25285,496
AUGCSYVPGAIYNG,0.5003540635880025,0.5003540635880025,5,25285,496
DUHDGFVPGSINKQ,0.5002870169301747,0.5002870169301747,5,25285,496
VUMCSYFPGAINQQ,0.5001872227020341,0.5001872227020341,5,25285,496
AUGVSFFPGAILCC,0.5001479490201726,0.5001479490201726,5,25285,496
VUAHGFFPGKILEC,0.5001111095788537,0.5001111095788537,5,25285,496
VUMCGYFPGAINQK,0.500077206689086,0.500077206689086,5,25285,496
TUADGFFPGSINKQ,0.49998432867568315,0.49998432867568315,5,25285,496
LUGYGFLPGSINKQ,0.49992856004623876,0.49992856004623876,5,25285,496
KUEAGFFPGTICQK,0.4999181303691444,0.4999181303691444,5,25285,496
VUMCGYFPGAINQC,0.49989978627877063,0.49989978627877063,5,25285,496
VUMNGYFPGSINQQ,0.4998652691270785,0.4998652691270785,5,25285,496
AAGGSFFPGAILCG,0.49982216992525763,0.49982216992525763,5,25285,496
AUGGSFFPGAILCG,0.49982216992525763,0.49982216992525763,5,25285,496
