{"run_id": "14:24:28-01/17/2025", "exp_name": "BO_method=EI", "model_name": "Ens(LandscapeAsModel=TF_Binding)", "landscape_name": "TF_Binding", "rounds": 10, "sequences_batch_size": 100, "model_queries_per_batch": 5000}
sequence,model_score,true_score,round,model_cost,measurement_cost
GCTCGAGC,,0.5502102832639261,0,0,1
ACGGCCGG,0.3560178122294149,0.3560178122294149,1,5100,101
CCTGCCGC,0.08550488599348531,0.08550488599348531,1,5100,101
AGTAACGC,0.14768276089555932,0.14768276089555932,1,5100,101
CAGGCGTG,0.440687749969076,0.440687749969076,1,5100,101
CGGGCCAC,0.2629674679421103,0.2629674679421103,1,5100,101
CTTAGTGA,0.48349688698305365,0.48349688698305365,1,5100,101
TAGGTCTC,0.5741248505339546,0.5741248505339546,1,5100,101
GCGTCTGG,0.32048612542778215,0.32048612542778215,1,5100,101
TCGACCCC,0.5038036531563106,0.5038036531563106,1,5100,101
GAGAAATG,0.42752442996742673,0.42752442996742673,1,5100,101
GCGACATG,0.41685564672411657,0.41685564672411657,1,5100,101
GATATGGA,0.9239887848925906,0.9239887848925906,1,5100,101
CATATGAC,0.7065208427823362,0.7065208427823362,1,5100,101
GCGTCAGA,0.4778171772564219,0.4778171772564219,1,5100,101
GATTCGAG,0.3665319754257205,0.3665319754257205,1,5100,101
TAGGTGGG,0.5220385106997073,0.5220385106997073,1,5100,101
TCCGGCAC,0.5634045272749763,0.5634045272749763,1,5100,101
AGGGGCAC,0.2770069682101184,0.2770069682101184,1,5100,101
CATTCGGG,0.4780130293159609,0.4780130293159609,1,5100,101
TCGCGGGT,0.48268255473549665,0.48268255473549665,1,5100,101
GCGGATGG,0.4308436069764565,0.4308436069764565,1,5100,101
TAGCGGGT,0.364748690883602,0.364748690883602,1,5100,101
TGGACACG,0.3993423494000742,0.3993423494000742,1,5100,101
CACGCCGT,0.35844019296581864,0.35844019296581864,1,5100,101
GCGCAAGG,0.3697996124190822,0.3697996124190822,1,5100,101
GCGCCAGG,0.19073928998474415,0.19073928998474415,1,5100,101
GACTAGTG,0.4081763080855977,0.4081763080855977,1,5100,101
CCGGCAGG,0.43698717684410177,0.43698717684410177,1,5100,101
TATCTCCC,0.9374407289819816,0.9374407289819816,1,5100,101
CCGGCCAC,0.12758215478497506,0.12758215478497506,1,5100,101
ACGGCCCC,0.132694924339257,0.132694924339257,1,5100,101
TGCGGCAC,0.29430379746835444,0.29430379746835444,1,5100,101
TCGTCCGA,0.583690677441966,0.583690677441966,1,5100,101
CCTCCGAG,0.4691378386179029,0.4691378386179029,1,5100,101
TCCCCGGT,0.4020533542242197,0.4020533542242197,1,5100,101
GCGATCTG,0.7340432111491362,0.7340432111491362,1,5100,101
GATATCAC,0.9942172102420319,0.9942172102420319,1,5100,101
TTGTCCGG,0.41903063538531315,0.41903063538531315,1,5100,101
GCGGACCC,0.3436172844596545,0.3436172844596545,1,5100,101
TCGAGGGT,0.4704881870284089,0.4704881870284089,1,5100,101
GGTATCAC,0.9939079701480229,0.9939079701480229,1,5100,101
ACGGGCAC,0.36153259390590853,0.36153259390590853,1,5100,101
CATCCGTG,0.5315734135983178,0.5315734135983178,1,5100,101
GCGAGGAG,0.3536366635055457,0.3536366635055457,1,5100,101
ACGGGGGC,0.28590277491444355,0.28590277491444355,1,5100,101
CACTCGGC,0.44074959798787783,0.44074959798787783,1,5100,101
GACTCGGG,0.5536222323011586,0.5536222323011586,1,5100,101
TATCGGCC,0.7294561497546695,0.7294561497546695,1,5100,101
ACGCGCGG,0.2985610027625449,0.2985610027625449,1,5100,101
GCGCACGG,0.2669772811610935,0.2669772811610935,1,5100,101
CACTCGCG,0.29072692038098374,0.29072692038098374,1,5100,101
GATACATA,0.9525522615758876,0.9525522615758876,1,5100,101
GATATATA,0.9730445718055498,0.9730445718055498,1,5100,101
ACGTACGA,0.4269574897950769,0.4269574897950769,1,5100,101
GCGAGGGC,0.40191935018348246,0.40191935018348246,1,5100,101
CCGGCCTG,0.21955015874324826,0.21955015874324826,1,5100,101
GATCGATA,0.9319774873211562,0.9319774873211562,1,5100,101
TAGGTCGG,0.6075433966931926,0.6075433966931926,1,5100,101
TCTCGCCC,0.4352451243145178,0.4352451243145178,1,5100,101
GCTTTCTG,0.16876262730383867,0.16876262730383867,1,5100,101
CCGTGCAC,0.36552179111862454,0.36552179111862454,1,5100,101
GATTCATA,0.6914711582072322,0.6914711582072322,1,5100,101
GCGCAAGA,0.2811404774667051,0.2811404774667051,1,5100,101
GCACCGCC,0.3528635632705232,0.3528635632705232,1,5100,101
TGCCCGGT,0.26253453181049763,0.26253453181049763,1,5100,101
CCCGCCCC,0.5334803941780398,0.5334803941780398,1,5100,101
ACTAACGC,0.28329485012163447,0.28329485012163447,1,5100,101
CCATCCAC,0.448325980291098,0.448325980291098,1,5100,101
ACGCCGAG,0.30457056858945286,0.30457056858945286,1,5100,101
ACGACTAC,0.26827608955593124,0.26827608955593124,1,5100,101
GAGCAAGG,0.4610357481548674,0.4610357481548674,1,5100,101
CCGTACGG,0.2990248629035583,0.2990248629035583,1,5100,101
ACTCGATC,0.6555993073021894,0.6555993073021894,1,5100,101
GACTTCTG,0.17965818661608873,0.17965818661608873,1,5100,101
TCGACACG,0.36276955428194446,0.36276955428194446,1,5100,101
ACGTCCAC,0.24482538242691626,0.24482538242691626,1,5100,101
TATACCAC,0.8198882612460314,0.8198882612460314,1,5100,101
GCGATGGG,0.46957077474951553,0.46957077474951553,1,5100,101
TCGAGCCT,0.4196697315795984,0.4196697315795984,1,5100,101
GTGCCAGG,0.3109512225291716,0.3109512225291716,1,5100,101
ATGTACGG,0.5120294396569497,0.5120294396569497,1,5100,101
CCGACAGC,0.21338597286933572,0.21338597286933572,1,5100,101
TCGGCGGT,0.4134333896837505,0.4134333896837505,1,5100,101
ACTAGCAC,0.36199645404692204,0.36199645404692204,1,5100,101
GCGGCGAG,0.213829217004082,0.213829217004082,1,5100,101
GCGGCGCC,0.27491444357399086,0.27491444357399086,1,5100,101
ACGGCTAG,0.34647260132767077,0.34647260132767077,1,5100,101
CGGGCCTG,0.30920916999958764,0.30920916999958764,1,5100,101
CGTATCAC,0.9751680204510782,0.9751680204510782,1,5100,101
AAGACCAC,0.2245907722755948,0.2245907722755948,1,5100,101
TCGGTTGG,0.5508699954644787,0.5508699954644787,1,5100,101
TCGAGCCG,0.4726013276708036,0.4726013276708036,1,5100,101
GCCTTCTG,0.32290850616418587,0.32290850616418587,1,5100,101
GCCTTCGC,0.3893951263761184,0.3893951263761184,1,5100,101
TCCGGAAT,0.556023997031295,0.556023997031295,1,5100,101
CCTGTCCC,0.37544839813631303,0.37544839813631303,1,5100,101
ACTAAGGC,0.24747453923225993,0.24747453923225993,1,5100,101
TAGGTCTG,0.25760730631262113,0.25760730631262113,1,5100,101
GCGGTCCC,0.11797509586442914,0.11797509586442914,1,5100,101
GCGCGCCC,0.14334309157629985,0.14334309157629985,1,5100,101
ATGCGCTT,0.411959345235641,0.411959345235641,2,10200,201
ATCGGCCG,0.5924937121180885,0.5924937121180885,2,10200,201
CCGCCCTA,0.47762132519688283,0.47762132519688283,2,10200,201
GTACATTA,0.5630643631715664,0.5630643631715664,2,10200,201
GCAACCCA,0.4427596585989362,0.4427596585989362,2,10200,201
CAGCGGTG,0.33526780192141176,0.33526780192141176,2,10200,201
GCGTCCCG,0.3670886075949367,0.3670886075949367,2,10200,201
ACGTCCAG,0.33188677689358015,0.33188677689358015,2,10200,201
CCTCCCTG,0.3639446666391787,0.3639446666391787,2,10200,201
GCACGCCA,0.18612130458087658,0.18612130458087658,2,10200,201
CCTGTGGG,0.3767162825217499,0.3767162825217499,2,10200,201
GATTCGAG,0.3665319754257205,0.3665319754257205,2,10200,201
CCTCCCTA,0.5535191522698223,0.5535191522698223,2,10200,201
CCGTGGGG,0.530078753143941,0.530078753143941,2,10200,201
CCGCGGTG,0.5270585082257866,0.5270585082257866,2,10200,201
CCTCCCAG,0.28757267142209214,0.28757267142209214,2,10200,201
GCACGTCA,0.15660949160928547,0.15660949160928547,2,10200,201
CCCCCCCG,0.5168638931266235,0.5168638931266235,2,10200,201
AAGTTCGG,0.28211973776440025,0.28211973776440025,2,10200,201
TCGCCCTT,0.34895683008287637,0.34895683008287637,2,10200,201
ACGTCCGC,0.15789799200098956,0.15789799200098956,2,10200,201
GTGGATTA,0.688553993320414,0.688553993320414,2,10200,201
CCTTCTGG,0.4648187853049107,0.4648187853049107,2,10200,201
TCGCCCCG,0.4996804519028574,0.4996804519028574,2,10200,201
TCACCTCA,0.38960128643879105,0.38960128643879105,2,10200,201
CTATATCC,0.9028264544592421,0.9028264544592421,2,10200,201
TGGTCCTT,0.29981857914484805,0.29981857914484805,2,10200,201
ACCCCCCT,0.49963921989032284,0.49963921989032284,2,10200,201
ACGCGCTT,0.24913412773677482,0.24913412773677482,2,10200,201
ACCGCTTC,0.4619840844431617,0.4619840844431617,2,10200,201
CATCCCAG,0.572568342060776,0.572568342060776,2,10200,201
ACGGTCAG,0.23856842452480106,0.23856842452480106,2,10200,201
CAGGCCCA,0.29213911681029153,0.29213911681029153,2,10200,201
CCTTCCAG,0.37959221539603344,0.37959221539603344,2,10200,201
TCGGAGGG,0.3269904754051045,0.3269904754051045,2,10200,201
CACTCGGG,0.32713478744897534,0.32713478744897534,2,10200,201
CCACCTTG,0.39284830742588545,0.39284830742588545,2,10200,201
ACCCGTTC,0.3172287964375541,0.3172287964375541,2,10200,201
CCCTCAGG,0.3331134292664825,0.3331134292664825,2,10200,201
TCCCCCCC,0.5404382962932421,0.5404382962932421,2,10200,201
CCCTCGGG,0.3223003339793015,0.3223003339793015,2,10200,201
GTGGTCTA,0.38991052653280006,0.38991052653280006,2,10200,201
TGGGACGG,0.29789098255885865,0.29789098255885865,2,10200,201
TCGTGGAG,0.3557601121510741,0.3557601121510741,2,10200,201
TCGTCGGG,0.418278151156558,0.418278151156558,2,10200,201
CCGGCTCA,0.6452706881622893,0.6452706881622893,2,10200,201
TCGTCGTT,0.40801138003545956,0.40801138003545956,2,10200,201
CCTGTCTG,0.30238527192512266,0.30238527192512266,2,10200,201
CCGCGCTT,0.30403455242650396,0.30403455242650396,2,10200,201
CGGCGCTG,0.14966189749721684,0.14966189749721684,2,10200,201
GCGGTCTA,0.33011380035459537,0.33011380035459537,2,10200,201
GCTTCGAG,0.17488558116521666,0.17488558116521666,2,10200,201
GATTCGAA,0.4450274192883355,0.4450274192883355,2,10200,201
TCGCTCTT,0.4785490454789098,0.4785490454789098,2,10200,201
AAGTCGGC,0.383931884715293,0.383931884715293,2,10200,201
CCTGGCGG,0.22012740691873173,0.22012740691873173,2,10200,201
TGGGACCG,0.2897888920958232,0.2897888920958232,2,10200,201
GATAGGAA,0.69231641446419,0.69231641446419,2,10200,201
CCCGGGGG,0.252247144683132,0.252247144683132,2,10200,201
GCGGCCAC,0.19029604584999793,0.19029604584999793,2,10200,201
CGTCCCTA,0.4684368944048159,0.4684368944048159,2,10200,201
TGGGACCT,0.287912835525502,0.287912835525502,2,10200,201
CATAGATA,0.9019399661897497,0.9019399661897497,2,10200,201
TCTGCTGG,0.5176473013647795,0.5176473013647795,2,10200,201
CCGGCCTG,0.21955015874324826,0.21955015874324826,2,10200,201
TCGGACCG,0.31603306807405274,0.31603306807405274,2,10200,201
GGACGCCA,0.18602853255267393,0.18602853255267393,2,10200,201
TAGCCCTT,0.48921782872221997,0.48921782872221997,2,10200,201
TCGTCCTT,0.4692409186492393,0.4692409186492393,2,10200,201
GCCGTGGG,0.24316579392240137,0.24316579392240137,2,10200,201
CCTGCAGG,0.29692203026429725,0.29692203026429725,2,10200,201
CCTCTCTT,0.536057394961448,0.536057394961448,2,10200,201
CCGCGCTG,0.39446666391786583,0.39446666391786583,2,10200,201
AGCCCCCT,0.38640580546736486,0.38640580546736486,2,10200,201
CCCCCCTG,0.4645507772234363,0.4645507772234363,2,10200,201
TCGCGTTT,0.3314332247557003,0.3314332247557003,2,10200,201
GCCTTGGT,0.1730198325980291,0.1730198325980291,2,10200,201
TGATACCT,1.0,1.0,2,10200,201
GCGGTTTA,0.39024038263307637,0.39024038263307637,2,10200,201
CGTTGCGT,0.24366057807281574,0.24366057807281574,2,10200,201
TCCCCGCG,0.33204139694058465,0.33204139694058465,2,10200,201
CCGTTCGG,0.18048282686677938,0.18048282686677938,2,10200,201
TGGTGCGT,0.278223312579887,0.278223312579887,2,10200,201
CCTTGCGT,0.2670803611924298,0.2670803611924298,2,10200,201
TCGCCGGG,0.34600874118665736,0.34600874118665736,2,10200,201
AAGTTCGC,0.219220302642972,0.219220302642972,2,10200,201
CCGGCGGG,0.5109161753185173,0.5109161753185173,2,10200,201
ACCCGCCG,0.5526532800065971,0.5526532800065971,2,10200,201
ACGTGTTG,0.4639322970354183,0.4639322970354183,2,10200,201
GCGGCGAG,0.213829217004082,0.213829217004082,2,10200,201
ACGCACCA,0.278223312579887,0.278223312579887,2,10200,201
GCGTAGGG,0.43034882282604214,0.43034882282604214,2,10200,201
TCGCCCCA,0.3569970725271101,0.3569970725271101,2,10200,201
AGGTGCCT,0.39137426297777594,0.39137426297777594,2,10200,201
TGGTCCGG,0.3297736362511854,0.3297736362511854,2,10200,201
CACCCCTG,0.6278398548633158,0.6278398548633158,2,10200,201
CCCTCTCG,0.44680039582732034,0.44680039582732034,2,10200,201
ACGTGGGG,0.3601513214860017,0.3601513214860017,2,10200,201
ACACGCTG,0.5726198820764441,0.5726198820764441,2,10200,201
CAACCCCA,0.4139178658310312,0.4139178658310312,2,10200,201
CCCCACGG,0.530078753143941,0.530078753143941,3,15300,301
CATCAAGC,0.41255720941739166,0.41255720941739166,3,15300,301
CGATCAGA,0.7630499319671794,0.7630499319671794,3,15300,301
TCCCCCGG,0.45316043376077186,0.45316043376077186,3,15300,301
ACGCTGGT,0.36577949119696535,0.36577949119696535,3,15300,301
GGGACCGT,0.1976868840968128,0.1976868840968128,3,15300,301
CCGAGTAG,0.5084010225539108,0.5084010225539108,3,15300,301
TAGCCCGC,0.2818001896672576,0.2818001896672576,3,15300,301
CAGAGTAG,0.38040654764359044,0.38040654764359044,3,15300,301
CGGAGCGG,0.3256916670102668,0.3256916670102668,3,15300,301
GTGCGCGA,0.2196532387745846,0.2196532387745846,3,15300,301
TCGCCAGC,0.5055766296952955,0.5055766296952955,3,15300,301
CCTCAAGC,0.391456727002845,0.391456727002845,3,15300,301
GGGACGGG,0.2941388694182163,0.2941388694182163,3,15300,301
CATCAGCG,0.5652599678390302,0.5652599678390302,3,15300,301
AGCGACCT,0.2219622314765184,0.2219622314765184,3,15300,301
AAGCTGGT,0.18768812105718882,0.18768812105718882,3,15300,301
ACACACGG,0.37624211437760274,0.37624211437760274,3,15300,301
CTTCGCGA,0.3196924091864924,0.3196924091864924,3,15300,301
TTGCGCCA,0.21821011833587597,0.21821011833587597,3,15300,301
CATAATCG,0.5672081804312868,0.5672081804312868,3,15300,301
ACGGACGT,0.3663258153630479,0.3663258153630479,3,15300,301
GAGGCTGG,0.3687688121057189,0.3687688121057189,3,15300,301
GGGACCGC,0.11797509586442914,0.11797509586442914,3,15300,301
GCGACTGG,0.23881581660000825,0.23881581660000825,3,15300,301
TCGCGCGC,0.4242980249865996,0.4242980249865996,3,15300,301
TCAGTCTA,0.615645487156228,0.615645487156228,3,15300,301
GATTCTGG,0.38496268502865627,0.38496268502865627,3,15300,301
TCACCCGG,0.63176720405723,0.63176720405723,3,15300,301
ACGTTAAT,0.5138127241990682,0.5138127241990682,3,15300,301
AGGGACGT,0.47751824516554653,0.47751824516554653,3,15300,301
TCCTTCCA,0.49588710674968045,0.49588710674968045,3,15300,301
AATAACGT,0.4044138869418217,0.4044138869418217,3,15300,301
GAGAACGG,0.4249268131777512,0.4249268131777512,3,15300,301
GCGACTGC,0.36640827938811693,0.36640827938811693,3,15300,301
CCGAGGGG,0.4665711458376283,0.4665711458376283,3,15300,301
CCCCACGA,0.5272028202696574,0.5272028202696574,3,15300,301
CCTAATCA,0.6689069393477095,0.6689069393477095,3,15300,301
TCGCGCCG,0.39463159196800396,0.39463159196800396,3,15300,301
GGATACGA,0.7260132767080362,0.7260132767080362,3,15300,301
GGAGGCGT,0.24789716736073888,0.24789716736073888,3,15300,301
GCCGCTCT,0.28994351214282765,0.28994351214282765,3,15300,301
TGATACCG,0.9879293283305158,0.9879293283305158,3,15300,301
TAAGGTTA,0.5467777182204264,0.5467777182204264,3,15300,301
GTCGCTCT,0.2859336989238445,0.2859336989238445,3,15300,301
GGATAAGA,0.6996866367047375,0.6996866367047375,3,15300,301
TAGACGGG,0.4311528470704655,0.4311528470704655,3,15300,301
GCGACGGG,0.30598276501876054,0.30598276501876054,3,15300,301
TGGACCGC,0.2498659959592628,0.2498659959592628,3,15300,301
CCCAGTCG,0.3215890817630809,0.3215890817630809,3,15300,301
AAGACTAG,0.44340906279635506,0.44340906279635506,3,15300,301
TCCGCTCT,0.48567187564425024,0.48567187564425024,3,15300,301
ATGGGTAG,0.59323588834371,0.59323588834371,3,15300,301
GCGATCGG,0.8031480641570116,0.8031480641570116,3,15300,301
TGGGACCG,0.2897888920958232,0.2897888920958232,3,15300,301
GATAACGT,0.6825856595060406,0.6825856595060406,3,15300,301
CCTCAGCG,0.437121180884839,0.437121180884839,3,15300,301
TCCTCATC,0.573609450377273,0.573609450377273,3,15300,301
CTCGGTAG,0.3830453964458005,0.3830453964458005,3,15300,301
GAGACGGG,0.45623221869459446,0.45623221869459446,3,15300,301
AATGGTGA,0.478600585494578,0.478600585494578,3,15300,301
ACGTTGGT,0.3870242856553829,0.3870242856553829,3,15300,301
AGTCCACT,0.3384942069022389,0.3384942069022389,3,15300,301
CCTTTAAT,0.6317878200634973,0.6317878200634973,3,15300,301
CCTCGCGA,0.3303302684204016,0.3303302684204016,3,15300,301
TCGGACCG,0.31603306807405274,0.31603306807405274,3,15300,301
GTGACCGG,0.49529955057106334,0.49529955057106334,3,15300,301
CCGAAAGG,0.35225539108563886,0.35225539108563886,3,15300,301
CCCAACAA,0.4501298808394838,0.4501298808394838,3,15300,301
TCGACGGA,0.5292747288995177,0.5292747288995177,3,15300,301
CCTCGGCG,0.4812909743124562,0.4812909743124562,3,15300,301
CCGTCCGA,0.4234836927390426,0.4234836927390426,3,15300,301
CGTTTCCA,0.41589700243268873,0.41589700243268873,3,15300,301
GGAGACGG,0.5206263142703995,0.5206263142703995,3,15300,301
CCTTTCCA,0.546087082010473,0.546087082010473,3,15300,301
CCTCACCG,0.3017152517214365,0.3017152517214365,3,15300,301
CGGAACGG,0.3182389807446502,0.3182389807446502,3,15300,301
GCCGCGGT,0.2219622314765184,0.2219622314765184,3,15300,301
CAGAAGGG,0.43006019873830037,0.43006019873830037,3,15300,301
TCCTAACA,0.39166288706551766,0.39166288706551766,3,15300,301
TGGACCTA,0.43006019873830037,0.43006019873830037,3,15300,301
CCGAACGG,0.18048282686677938,0.18048282686677938,3,15300,301
CCGAGCGA,0.3671504556137385,0.3671504556137385,3,15300,301
AAGGACGT,0.41023790871232424,0.41023790871232424,3,15300,301
CCGAACGA,0.37009854450995755,0.37009854450995755,3,15300,301
ACGGGTAG,0.38198367212303636,0.38198367212303636,3,15300,301
CTCCACGA,0.3557601121510741,0.3557601121510741,3,15300,301
GGATCCGT,0.8424834041149548,0.8424834041149548,3,15300,301
GCGACCGG,0.30291098008493794,0.30291098008493794,3,15300,301
TCAGGTTA,0.5674040324908258,0.5674040324908258,3,15300,301
TCGTAATA,0.5821960169875892,0.5821960169875892,3,15300,301
TCGACGTA,0.33149507277450213,0.33149507277450213,3,15300,301
CCGCGGGT,0.3713664288953944,0.3713664288953944,3,15300,301
ACCGATCT,0.7798622850781347,0.7798622850781347,3,15300,301
TCGACGGG,0.41709273079619014,0.41709273079619014,3,15300,301
TAACAAGC,0.3747886859357605,0.3747886859357605,3,15300,301
CGTTTAAT,0.6766070176885334,0.6766070176885334,3,15300,301
CCGGGTCG,0.5640745474786625,0.5640745474786625,3,15300,301
ACATGTCC,0.4703541829876716,0.4703541829876716,3,15300,301
TCGACCGG,0.17817383416484558,0.17817383416484558,3,15300,301
GGGTGCTT,0.32792850369026516,0.32792850369026516,4,20400,401
GGTCAGGG,0.26718344122376614,0.26718344122376614,4,20400,401
ACACTCAC,0.5549828887147982,0.5549828887147982,4,20400,401
TCCACCGC,0.43173009524594896,0.43173009524594896,4,20400,401
GCGTCACG,0.26072032325897826,0.26072032325897826,4,20400,401
ATACCGAC,0.7909949284624583,0.7909949284624583,4,20400,401
AAGTGGCG,0.4736836679998351,0.4736836679998351,4,20400,401
CAGGCACT,0.17925617449387704,0.17925617449387704,4,20400,401
CCGCGAGT,0.407856759988455,0.407856759988455,4,20400,401
GAGCGCTG,0.24939182781511565,0.24939182781511565,4,20400,401
GCTCAGGG,0.5484682307343421,0.5484682307343421,4,20400,401
GCTAACCC,0.3510184307096029,0.3510184307096029,4,20400,401
CTTTGTGG,0.4038572547726054,0.4038572547726054,4,20400,401
CCTACACG,0.3218055498288871,0.3218055498288871,4,20400,401
CTCTGTCG,0.2979837545870614,0.2979837545870614,4,20400,401
GCTTACGG,0.37495361398589866,0.37495361398589866,4,20400,401
CGTCACGC,0.2331051828639756,0.2331051828639756,4,20400,401
ACGTCACA,0.3208984455531274,0.3208984455531274,4,20400,401
CCCGAGGT,0.37203644909908057,0.37203644909908057,4,20400,401
GGATGTCG,0.33678307838205584,0.33678307838205584,4,20400,401
GAACCGAC,0.2509483362882942,0.2509483362882942,4,20400,401
GCGCGGGG,0.3725312332494949,0.3725312332494949,4,20400,401
TCTACCCC,0.5756504349977323,0.5756504349977323,4,20400,401
ACGACAAT,0.35043087453098587,0.35043087453098587,4,20400,401
GTGGCCTT,0.14302354347915722,0.14302354347915722,4,20400,401
GCATGCCG,0.33028903640786705,0.33028903640786705,4,20400,401
CGGGCACG,0.25433966931925944,0.25433966931925944,4,20400,401
CCCAGAGG,0.2561951098833134,0.2561951098833134,4,20400,401
TAGCAGGC,0.3841174287716983,0.3841174287716983,4,20400,401
CCGGCCTT,0.2384241124809302,0.2384241124809302,4,20400,401
TCTCGGGG,0.5199872180761143,0.5199872180761143,4,20400,401
ACGTCCCC,0.3263101471982848,0.3263101471982848,4,20400,401
GCCCAAGG,0.3191770090298108,0.3191770090298108,4,20400,401
CAGGCCTT,0.12297447738424115,0.12297447738424115,4,20400,401
GAGCGGGG,0.4800230899270193,0.4800230899270193,4,20400,401
TGGCAAGC,0.20871644744980003,0.20871644744980003,4,20400,401
GTTTCTGT,0.43130746711747003,0.43130746711747003,4,20400,401
GACCAAGG,0.24963921989032287,0.24963921989032287,4,20400,401
CACGACCT,0.41259844142992624,0.41259844142992624,4,20400,401
GCGGCCTT,0.21210778048076528,0.21210778048076528,4,20400,401
ACATTCCG,0.3531934193707995,0.3531934193707995,4,20400,401
TTATAGGC,0.7738114872386921,0.7738114872386921,4,20400,401
GCGTGCTT,0.22538448851688453,0.22538448851688453,4,20400,401
ATTTCCGG,0.23797056034305036,0.23797056034305036,4,20400,401
CGGTCACC,0.24586649074341319,0.24586649074341319,4,20400,401
GAGCGCTT,0.42433925699913416,0.42433925699913416,4,20400,401
GCATGTCG,0.46594235764647673,0.46594235764647673,4,20400,401
CCTCGCGT,0.3389580670432523,0.3389580670432523,4,20400,401
CCGCGCGT,0.2985610027625449,0.2985610027625449,4,20400,401
TATGACCG,0.5959262771615882,0.5959262771615882,4,20400,401
GAACGCTC,0.14795076897703377,0.14795076897703377,4,20400,401
TCTCGCCG,0.3333608213416897,0.3333608213416897,4,20400,401
CCGGCCCG,0.29355131323959927,0.29355131323959927,4,20400,401
ACGTGGCG,0.3254751989444605,0.3254751989444605,4,20400,401
TCTTATGG,0.5695171731332206,0.5695171731332206,4,20400,401
GCAAGCTC,0.30347792025728776,0.30347792025728776,4,20400,401
GAGGACTT,0.3459675091741228,0.3459675091741228,4,20400,401
ACATCGCG,0.23531109553457302,0.23531109553457302,4,20400,401
CAACCCTT,0.3960437883973117,0.3960437883973117,4,20400,401
CTTTGTGT,0.47295179977734714,0.47295179977734714,4,20400,401
TCGACCTC,0.2825939059085474,0.2825939059085474,4,20400,401
CACGAGGT,0.47754916917494744,0.47754916917494744,4,20400,401
ACACCGAC,0.43173009524594896,0.43173009524594896,4,20400,401
CATCAGGC,0.17312291262936544,0.17312291262936544,4,20400,401
CCCTGCTT,0.40979466457757807,0.40979466457757807,4,20400,401
CCTCGGCG,0.4812909743124562,0.4812909743124562,4,20400,401
ATGTCACG,0.34589535315218733,0.34589535315218733,4,20400,401
GGACAAGG,0.4953923225992661,0.4953923225992661,4,20400,401
CCTCAAGG,0.4296169546035542,0.4296169546035542,4,20400,401
ACGACCAT,0.5068342060775987,0.5068342060775987,4,20400,401
TCTGACCG,0.5129674679421102,0.5129674679421102,4,20400,401
GAATGGCG,0.39318847152929537,0.39318847152929537,4,20400,401
TCGTCCCG,0.32141384570980913,0.32141384570980913,4,20400,401
GCGGAGGG,0.49835071949861875,0.49835071949861875,4,20400,401
CCGGCACG,0.3309693646146869,0.3309693646146869,4,20400,401
GCATACCG,0.30768358553581004,0.30768358553581004,4,20400,401
GCACCGAC,0.2345173792932833,0.2345173792932833,4,20400,401
CAGCGAGT,0.3201047293118377,0.3201047293118377,4,20400,401
CCGAGCTT,0.4060013194244011,0.4060013194244011,4,20400,401
GCGTCGGG,0.23714592009235969,0.23714592009235969,4,20400,401
CCTCACGA,0.32932008411330554,0.32932008411330554,4,20400,401
ACACCCAT,0.643786335711046,0.643786335711046,4,20400,401
CCTACCTT,0.6624953613985899,0.6624953613985899,4,20400,401
GCGTACCG,0.43173009524594896,0.43173009524594896,4,20400,401
CCGGCACT,0.2753061476930689,0.2753061476930689,4,20400,401
CATGACTT,0.3964251845132561,0.3964251845132561,4,20400,401
ATTTCGGG,0.35226569908877253,0.35226569908877253,4,20400,401
CCCTCGGT,0.3872304457180555,0.3872304457180555,4,20400,401
CATACCTT,0.7077474951552385,0.7077474951552385,4,20400,401
CCAGCCTT,0.12289201335917206,0.12289201335917206,4,20400,401
GCCAAAGG,0.5047107574320703,0.5047107574320703,4,20400,401
TCTGCCCG,0.5328619139900218,0.5328619139900218,4,20400,401
CCGTACCG,0.2583597905413763,0.2583597905413763,4,20400,401
CGGGCCCG,0.2442172102420319,0.2442172102420319,4,20400,401
GTTTACGG,0.5080196264379665,0.5080196264379665,4,20400,401
TCTTCTGT,0.5100709190615594,0.5100709190615594,4,20400,401
CCTACCAT,0.43317321568465755,0.43317321568465755,4,20400,401
GCTAAACG,0.46514864140518697,0.46514864140518697,4,20400,401
GGGGAGGG,0.48713561208922607,0.48713561208922607,4,20400,401
CCTTCGGG,0.5674658805096278,0.5674658805096278,4,20400,401
CCTGCCAC,0.37749969075990597,0.37749969075990597,5,25500,501
CCTATCGG,0.815321815857832,0.815321815857832,5,25500,501
GCCGTCCC,0.26502906856883685,0.26502906856883685,5,25500,501
ATCGTCAG,0.6230466334061766,0.6230466334061766,5,25500,501
GCTCGGCG,0.2845524265039377,0.2845524265039377,5,25500,501
GATCTTGC,0.7374654681895023,0.7374654681895023,5,25500,501
CCTACGGT,0.228291345400569,0.228291345400569,5,25500,501
CCGAACTG,0.24629942687502576,0.24629942687502576,5,25500,501
GCTCACTG,0.46867397847688946,0.46867397847688946,5,25500,501
CCCTGACT,0.32871191192842125,0.32871191192842125,5,25500,501
ACCTCGGC,0.19792396816888636,0.19792396816888636,5,25500,501
AGCAACCC,0.22654929287098502,0.22654929287098502,5,25500,501
GGCGTCCC,0.10978023337319093,0.10978023337319093,5,25500,501
GCTTACCC,0.37950975137096443,0.37950975137096443,5,25500,501
GCTCAGGG,0.5484682307343421,0.5484682307343421,5,25500,501
GTTGGCAG,0.3219704778790253,0.3219704778790253,5,25500,501
CATGCGGC,0.2827382179524183,0.2827382179524183,5,25500,501
CCTTTCGC,0.3749948459984332,0.3749948459984332,5,25500,501
CACCCGAG,0.4800746299426875,0.4800746299426875,5,25500,501
GTGTCCCT,0.3978992289613656,0.3978992289613656,5,25500,501
CCCCCCAG,0.45332536181091,0.45332536181091,5,25500,501
GCCCCACG,0.36467653486166657,0.36467653486166657,5,25500,501
CCTGTGGC,0.2654413886941822,0.2654413886941822,5,25500,501
GCCCGGTA,0.38154042798829013,0.38154042798829013,5,25500,501
CCCCTCCG,0.53016121716901,0.53016121716901,5,25500,501
GCTTCCCC,0.40032160969776936,0.40032160969776936,5,25500,501
GGCCGGTA,0.3903846946769472,0.3903846946769472,5,25500,501
CTGGGCAG,0.3995691254690142,0.3995691254690142,5,25500,501
TAGGCTGC,0.17103038799323797,0.17103038799323797,5,25500,501
CCTGCTGC,0.23801179235558487,0.23801179235558487,5,25500,501
CCCGCGGG,0.3725312332494949,0.3725312332494949,5,25500,501
ATTGTCGC,0.41177380117923557,0.41177380117923557,5,25500,501
CATGTGGC,0.23804271636498578,0.23804271636498578,5,25500,501
GCCGACAG,0.28004782913454007,0.28004782913454007,5,25500,501
GCGGTCAC,0.21718962602564632,0.21718962602564632,5,25500,501
GCAGTCAG,0.23327011091411373,0.23327011091411373,5,25500,501
ACAGCCAA,0.20584051457551641,0.20584051457551641,5,25500,501
ACCTTCGC,0.35024533047458045,0.35024533047458045,5,25500,501
GTAAGGTC,0.42493712118088484,0.42493712118088484,5,25500,501
GCCCACCG,0.06696078835607967,0.06696078835607967,5,25500,501
ACAGCCAG,0.2990248629035583,0.2990248629035583,5,25500,501
CCTGGCAG,0.35043087453098587,0.35043087453098587,5,25500,501
ACTGTCGC,0.2542262812847895,0.2542262812847895,5,25500,501
ACCAACCC,0.29126293654393276,0.29126293654393276,5,25500,501
CACGTCCG,0.2052117263843648,0.2052117263843648,5,25500,501
TCTCCCTG,0.4807034181338391,0.4807034181338391,5,25500,501
GCATCGTC,0.250505092153548,0.250505092153548,5,25500,501
ACGGCCAC,0.19891353646971507,0.19891353646971507,5,25500,501
CACCGCCC,0.636374881457964,0.636374881457964,5,25500,501
ACCGTCAG,0.34201954397394135,0.34201954397394135,5,25500,501
CCCTGCCC,0.48417721518987344,0.48417721518987344,5,25500,501
GCTTCGCG,0.26853378963427205,0.26853378963427205,5,25500,501
CCTGGCAT,0.4827650187605657,0.4827650187605657,5,25500,501
CCTCGCCC,0.3959200923597081,0.3959200923597081,5,25500,501
GCTTTTGC,0.4505318929616955,0.4505318929616955,5,25500,501
CATGCTGC,0.28395456232218697,0.28395456232218697,5,25500,501
CACGCGGG,0.311559394714056,0.311559394714056,5,25500,501
CTCCGGCG,0.5186265616624747,0.5186265616624747,5,25500,501
TGTTCGGA,0.20308827773883642,0.20308827773883642,5,25500,501
TCTCGTCC,0.5377375994722302,0.5377375994722302,5,25500,501
GATTTTGC,0.4653754174741269,0.4653754174741269,5,25500,501
GTATCGTC,0.9469137838617903,0.9469137838617903,5,25500,501
CAGGTCAG,0.43870861336741845,0.43870861336741845,5,25500,501
CCGCCATG,0.38636457345483033,0.38636457345483033,5,25500,501
CAGGCGAG,0.32854698387828307,0.32854698387828307,5,25500,501
CCGTCGGC,0.1867294767657609,0.1867294767657609,5,25500,501
TATCCTGC,0.6547540510452315,0.6547540510452315,5,25500,501
GCGGCACG,0.18874984537995299,0.18874984537995299,5,25500,501
CGGTCGGC,0.1841215519729518,0.1841215519729518,5,25500,501
CCCCGTCG,0.3601100894734672,0.3601100894734672,5,25500,501
CCCCGAAG,0.537603595431493,0.537603595431493,5,25500,501
ACGTACCC,0.4372964169381108,0.4372964169381108,5,25500,501
CATCGCCC,0.30564260091535067,0.30564260091535067,5,25500,501
CCTGTCGC,0.47797179730342637,0.47797179730342637,5,25500,501
CCCCCCAC,0.5775161835649197,0.5775161835649197,5,25500,501
CCCCGGGG,0.544200717437018,0.544200717437018,5,25500,501
GCGTCCCT,0.0952562569579021,0.0952562569579021,5,25500,501
GCGGCCCG,0.42535974930936377,0.42535974930936377,5,25500,501
TCCTTACT,0.44280089061147077,0.44280089061147077,5,25500,501
CCTATCGT,0.8817775120603636,0.8817775120603636,5,25500,501
CCTGCGGC,0.38339586855234403,0.38339586855234403,5,25500,501
GTGGACAA,0.29789098255885865,0.29789098255885865,5,25500,501
TCGGACTA,0.36113058178369684,0.36113058178369684,5,25500,501
CCTACCTT,0.6624953613985899,0.6624953613985899,5,25500,501
GTGGACAG,0.13939512637611845,0.13939512637611845,5,25500,501
CCGGGTGC,0.32064074547478666,0.32064074547478666,5,25500,501
CCAGCGGC,0.230538490083701,0.230538490083701,5,25500,501
GCTCTCTG,0.3566981404362347,0.3566981404362347,5,25500,501
CCCCGCCG,0.5558487609780233,0.5558487609780233,5,25500,501
GCTGTCGC,0.18232795942769964,0.18232795942769964,5,25500,501
GTAGTCAG,0.38239599224838167,0.38239599224838167,5,25500,501
CCCCCACG,0.49321733393806955,0.49321733393806955,5,25500,501
GAAATCTC,0.4017338061270771,0.4017338061270771,5,25500,501
ACTGTCGG,0.2732342390632087,0.2732342390632087,5,25500,501
GCTCGCCC,0.38070547973446583,0.38070547973446583,5,25500,501
ACCTCCCC,0.4832701109141137,0.4832701109141137,5,25500,501
GTCCGGGG,0.400414381725972,0.400414381725972,5,25500,501
TTGGACTA,0.4340700119572836,0.4340700119572836,5,25500,501
CCTTCCCC,0.334587473714592,0.334587473714592,5,25500,501
GCCCAGCG,0.2705026182327959,0.2705026182327959,5,25500,501
CCGTCAGC,0.1711747000371088,0.1711747000371088,6,30600,601
GCGTCCCG,0.3670886075949367,0.3670886075949367,6,30600,601
GAGGGGTC,0.5134107120768565,0.5134107120768565,6,30600,601
CCGTGCCT,0.3620170700531893,0.3620170700531893,6,30600,601
ACGATGGC,0.31789881664124026,0.31789881664124026,6,30600,601
GAACGGTC,0.33680369438832314,0.33680369438832314,6,30600,601
TCTACGGG,0.37266523729023215,0.37266523729023215,6,30600,601
ACTTCGCG,0.2925411289325032,0.2925411289325032,6,30600,601
TCCACGCG,0.20415000206160064,0.20415000206160064,6,30600,601
ACTAAGCG,0.4711685152352286,0.4711685152352286,6,30600,601
GCCTCGCG,0.10647136436729476,0.10647136436729476,6,30600,601
GCGTCCGC,0.11668659547272504,0.11668659547272504,6,30600,601
GAGGGGTG,0.5188945697439492,0.5188945697439492,6,30600,601
GACGGGCG,0.44200717437018106,0.44200717437018106,6,30600,601
CATAGGGA,0.5554570568589453,0.5554570568589453,6,30600,601
CACATGCG,0.4227724405228219,0.4227724405228219,6,30600,601
CATCGACG,0.25314394095575804,0.25314394095575804,6,30600,601
CGCCGCTG,0.29229373685729604,0.29229373685729604,6,30600,601
CCAGTCCG,0.22611635673937244,0.22611635673937244,6,30600,601
GCAGACGG,0.1761740815569208,0.1761740815569208,6,30600,601
GCGCGCGC,0.33058796849874245,0.33058796849874245,6,30600,601
TCCGCGGC,0.35537871603512966,0.35537871603512966,6,30600,601
TCCTCGCG,0.38459159691584544,0.38459159691584544,6,30600,601
ACCGCCGG,0.26759576134911145,0.26759576134911145,6,30600,601
GCGGGGTG,0.38236506823898075,0.38236506823898075,6,30600,601
GGCGGCCG,0.2513812724199068,0.2513812724199068,6,30600,601
GATGGGAT,0.7092936956252834,0.7092936956252834,6,30600,601
AGCGCCGG,0.4217828722219932,0.4217828722219932,6,30600,601
TAGGCAAT,0.5935863604502536,0.5935863604502536,6,30600,601
GCGGACCG,0.26587432482579476,0.26587432482579476,6,30600,601
GCTTCCAT,0.35387374757761925,0.35387374757761925,6,30600,601
GTATACGA,0.7699150620541788,0.7699150620541788,6,30600,601
GCTTCGGT,0.18460602812023252,0.18460602812023252,6,30600,601
ACGGCAGC,0.39612625242238075,0.39612625242238075,6,30600,601
GCCTCGCT,0.3857976332824805,0.3857976332824805,6,30600,601
TGCGCCTG,0.34935884220508806,0.34935884220508806,6,30600,601
ACGACGGG,0.3453490289861048,0.3453490289861048,6,30600,601
GCATACGA,0.56869253288253,0.56869253288253,6,30600,601
TACGCGGC,0.3136931513627181,0.3136931513627181,6,30600,601
TAACCAAT,0.596359213293201,0.596359213293201,6,30600,601
TAACCCGG,0.44520265534160725,0.44520265534160725,6,30600,601
CCAGGCCT,0.23133220632499074,0.23133220632499074,6,30600,601
ACGATGCT,0.3059724570156269,0.3059724570156269,6,30600,601
GCCCACCG,0.06696078835607967,0.06696078835607967,6,30600,601
CCCTGTTG,0.4248958891683503,0.4248958891683503,6,30600,601
CCCTGGCG,0.3187956129138663,0.3187956129138663,6,30600,601
CCTGGGCC,0.24761885127613079,0.24761885127613079,6,30600,601
TGGGCCGT,0.46277780068445146,0.46277780068445146,6,30600,601
CCAGTGCC,0.36192429802498666,0.36192429802498666,6,30600,601
CCTAGGGA,0.5431493011173875,0.5431493011173875,6,30600,601
TCCACGCC,0.3802828516059869,0.3802828516059869,6,30600,601
CCCATTCG,0.31495072774502125,0.31495072774502125,6,30600,601
TGCGCCGC,0.2442069022388983,0.2442069022388983,6,30600,601
AACTCTTG,0.36982022842534945,0.36982022842534945,6,30600,601
CCGAGCCT,0.5709912175813302,0.5709912175813302,6,30600,601
CCGGTTCG,0.36295509833834994,0.36295509833834994,6,30600,601
TCGGCAAT,0.43027666680410676,0.43027666680410676,6,30600,601
CATATGGG,0.5217395786088319,0.5217395786088319,6,30600,601
GCCCGCCC,0.24613449882488764,0.24613449882488764,6,30600,601
TGCTCCCG,0.3122500309240094,0.3122500309240094,6,30600,601
CCGTTACA,0.4328639755906486,0.4328639755906486,6,30600,601
ACGGCATT,0.41523729023213624,0.41523729023213624,6,30600,601
CATCGGGG,0.36174906197171486,0.36174906197171486,6,30600,601
CCTCGGGG,0.3761081103368656,0.3761081103368656,6,30600,601
GCCCGGGC,0.3792005112769555,0.3792005112769555,6,30600,601
ATATGCGA,0.7779553044984125,0.7779553044984125,6,30600,601
GCCTCCCT,0.39423988784892594,0.39423988784892594,6,30600,601
GAGCTAGT,0.45959262771615883,0.45959262771615883,6,30600,601
CACCGTTG,0.4551086463530285,0.4551086463530285,6,30600,601
ACCGTCGC,0.3427720282026966,0.3427720282026966,6,30600,601
ATTACCGA,0.5918958479363378,0.5918958479363378,6,30600,601
GCGGCAAG,0.2301467859646229,0.2301467859646229,6,30600,601
GCCACAAG,0.22098297117882326,0.22098297117882326,6,30600,601
CACTGTTG,0.5563950851441058,0.5563950851441058,6,30600,601
GATGTCAT,0.39745598482661937,0.39745598482661937,6,30600,601
GATCTACG,0.6811837710798665,0.6811837710798665,6,30600,601
GCTCGAAT,0.40437265492928715,0.40437265492928715,6,30600,601
GCCGCCCG,0.32584628705727126,0.32584628705727126,6,30600,601
CCTATGGG,0.463324124850534,0.463324124850534,6,30600,601
GCGGTACA,0.38258153630478703,0.38258153630478703,6,30600,601
TACACGCC,0.5102358471116976,0.5102358471116976,6,30600,601
TCGGCCGT,0.3349276378180019,0.3349276378180019,6,30600,601
TGAGCCGG,0.6452706881622893,0.6452706881622893,6,30600,601
CCTTCGGC,0.3189090009483363,0.3189090009483363,6,30600,601
GCTATAAT,0.7819135777017276,0.7819135777017276,6,30600,601
ACTACAAG,0.35893497711623307,0.35893497711623307,6,30600,601
CTAGTGCC,0.23381643508019626,0.23381643508019626,6,30600,601
ATTAGTGT,0.6955943594606853,0.6955943594606853,6,30600,601
TCGGCGGT,0.4134333896837505,0.4134333896837505,6,30600,601
GCTGTCAT,0.40153795406753806,0.40153795406753806,6,30600,601
GCCGGGCG,0.3404836515070301,0.3404836515070301,6,30600,601
GCGACCCG,0.3928689234321527,0.3928689234321527,6,30600,601
CCCCGCCG,0.5558487609780233,0.5558487609780233,6,30600,601
CCAGTCCC,0.379860223477508,0.379860223477508,6,30600,601
CCGTTCCC,0.3851997691007298,0.3851997691007298,6,30600,601
CAGCCAGC,0.376881210571888,0.376881210571888,6,30600,601
TCCTCCCG,0.40229043829629324,0.40229043829629324,6,30600,601
GCACGATC,0.7648332165092978,0.7648332165092978,6,30600,601
ACGACCGG,0.2862944790335216,0.2862944790335216,6,30600,601
CCTATGGC,0.35873912505669403,0.35873912505669403,6,30600,601
CCCTCCCG,0.3177029645817012,0.3177029645817012,7,35700,701
GGATACTA,0.8437822125097927,0.8437822125097927,7,35700,701
GCCGAGCG,0.26048323918690475,0.26048323918690475,7,35700,701
CCGTCCTC,0.3757885622397229,0.3757885622397229,7,35700,701
CCGGGCAT,0.3377211066672164,0.3377211066672164,7,35700,701
CACCCGGC,0.511627427534738,0.511627427534738,7,35700,701
AGCTGCCA,0.31014719828474835,0.31014719828474835,7,35700,701
ACCTCACA,0.36222323011586194,0.36222323011586194,7,35700,701
CCTGACCA,0.5544777965612502,0.5544777965612502,7,35700,701
CCCTCCAC,0.4957737187152105,0.4957737187152105,7,35700,701
GCCGGTGT,0.42700902981074507,0.42700902981074507,7,35700,701
CCTTGCTC,0.4610357481548674,0.4610357481548674,7,35700,701
TCCGACGG,0.31142539067331876,0.31142539067331876,7,35700,701
GCCTCGCG,0.10647136436729476,0.10647136436729476,7,35700,701
GGATAGGA,0.8028285160598688,0.8028285160598688,7,35700,701
CCGGGGAT,0.6841833999917536,0.6841833999917536,7,35700,701
GGATCCTA,0.8347214777553292,0.8347214777553292,7,35700,701
CCAGGTAG,0.40164103409887436,0.40164103409887436,7,35700,701
CGGGGCAT,0.42375170082051705,0.42375170082051705,7,35700,701
CATGAACC,0.4089391003174865,0.4089391003174865,7,35700,701
TGTGCCAG,0.22321980785882162,0.22321980785882162,7,35700,701
CCCACTGC,0.3706861006885746,0.3706861006885746,7,35700,701
GTTCTGAT,0.5635797633282481,0.5635797633282481,7,35700,701
CACCCGGG,0.4707871191192842,0.4707871191192842,7,35700,701
ACTTCGTT,0.37791201088525134,0.37791201088525134,7,35700,701
ATCCCCGG,0.6841833999917536,0.6841833999917536,7,35700,701
TGCGCCAG,0.16558776233867975,0.16558776233867975,7,35700,701
CCTGAACA,0.3128891271182947,0.3128891271182947,7,35700,701
CCGGCAGG,0.43698717684410177,0.43698717684410177,7,35700,701
CCTTCGCG,0.22729146909660658,0.22729146909660658,7,35700,701
TCGGCAAC,0.27192512266523733,0.27192512266523733,7,35700,701
CCCCCCGC,0.5988331340452727,0.5988331340452727,7,35700,701
TCCGCCAG,0.3777573908382468,0.3777573908382468,7,35700,701
TCCGCACC,0.4398940337277863,0.4398940337277863,7,35700,701
CCATCCTC,0.47013771492186535,0.47013771492186535,7,35700,701
CCTACCAC,0.29847853873747576,0.29847853873747576,7,35700,701
CCTTCGCA,0.4896816888632334,0.4896816888632334,7,35700,701
CGGGTCCA,0.25260792479280914,0.25260792479280914,7,35700,701
CACGGGGG,0.4785799694883107,0.4785799694883107,7,35700,701
CCCCCCGG,0.2800375211314064,0.2800375211314064,7,35700,701
TCCGCTAG,0.21808642229827235,0.21808642229827235,7,35700,701
CAACCCTC,0.45990186781016784,0.45990186781016784,7,35700,701
TGCTACGT,0.3294850121634437,0.3294850121634437,7,35700,701
CCAACGGG,0.3386282109429761,0.3386282109429761,7,35700,701
GCTGAGAT,0.6881829052076032,0.6881829052076032,7,35700,701
CCAACAAG,0.3066321692161795,0.3066321692161795,7,35700,701
CGATCATA,0.8207025934935884,0.8207025934935884,7,35700,701
CCTGGGAT,0.6052962520100607,0.6052962520100607,7,35700,701
GCTCTGAA,0.43347214777553295,0.43347214777553295,7,35700,701
CCTGTGAA,0.5250072156021935,0.5250072156021935,7,35700,701
ACGGAGAT,0.5397888920958233,0.5397888920958233,7,35700,701
CCCGGGGG,0.252247144683132,0.252247144683132,7,35700,701
ATTCCGCG,0.4920628375871026,0.4920628375871026,7,35700,701
GCCACCAC,0.1791634024656744,0.1791634024656744,7,35700,701
CCCTGCCT,0.6195006803282068,0.6195006803282068,7,35700,701
CCTGCACC,0.07147569372861091,0.07147569372861091,7,35700,701
CCCGGGAG,0.24159897744608916,0.24159897744608916,7,35700,701
ATTCGGGT,0.5713004576753391,0.5713004576753391,7,35700,701
TCCGCTCG,0.43315259967839026,0.43315259967839026,7,35700,701
TCCTACGT,0.4771883890652703,0.4771883890652703,7,35700,701
CCGTCGGC,0.1867294767657609,0.1867294767657609,7,35700,701
CCCCCGGG,0.252247144683132,0.252247144683132,7,35700,701
AACTCGCA,0.34954438626149337,0.34954438626149337,7,35700,701
GCCGTTGC,0.449449552632664,0.449449552632664,7,35700,701
TTTGCTAG,0.619212056240465,0.619212056240465,7,35700,701
GGCACGAC,0.3027151280253989,0.3027151280253989,7,35700,701
CCGGTCCA,0.3501834824557787,0.3501834824557787,7,35700,701
CCTGGCTG,0.2350430874530986,0.2350430874530986,7,35700,701
CCTTTCCA,0.546087082010473,0.546087082010473,7,35700,701
AACAATTG,0.4535109058673154,0.4535109058673154,7,35700,701
CCCGGGAT,0.746660206984703,0.746660206984703,7,35700,701
CGGGTCGC,0.3928689234321527,0.3928689234321527,7,35700,701
ATTCGCCT,0.4458005195233579,0.4458005195233579,7,35700,701
CCTGCCAG,0.27322393106007503,0.27322393106007503,7,35700,701
GTATACGG,0.8182080567352493,0.8182080567352493,7,35700,701
ATTCTCCG,0.41248505339545627,0.41248505339545627,7,35700,701
TCCGCTGT,0.459139075578279,0.459139075578279,7,35700,701
ACAGCAAG,0.5593019420277904,0.5593019420277904,7,35700,701
CCGGGCTC,0.2495052158495856,0.2495052158495856,7,35700,701
TCCTCTAC,0.4850533954562322,0.4850533954562322,7,35700,701
CCTTGGTT,0.3639652826454459,0.3639652826454459,7,35700,701
AGCTCACA,0.5569001772976538,0.5569001772976538,7,35700,701
GCATCCTA,0.5994413062301571,0.5994413062301571,7,35700,701
CGCACTGC,0.308106213664289,0.308106213664289,7,35700,701
GAACTGTA,0.40214612625242235,0.40214612625242235,7,35700,701
TCTGCCAG,0.368542036036779,0.368542036036779,7,35700,701
TACGAGGG,0.5879684987424236,0.5879684987424236,7,35700,701
GCGGTGAA,0.3917968911062549,0.3917968911062549,7,35700,701
TCGGCTGG,0.2200964829093308,0.2200964829093308,7,35700,701
CCACCCTC,0.5040510452315178,0.5040510452315178,7,35700,701
ATTCTCGT,0.5483239186904713,0.5483239186904713,7,35700,701
GGCGTGGC,0.20512926235929577,0.20512926235929577,7,35700,701
CCCTCTCG,0.44680039582732034,0.44680039582732034,7,35700,701
AGGTCATA,0.6139755906485795,0.6139755906485795,7,35700,701
CGCGGGAT,0.7343112192306106,0.7343112192306106,7,35700,701
GAATCGTA,0.575011338803447,0.575011338803447,7,35700,701
ACCTCGCA,0.28559353482043454,0.28559353482043454,7,35700,701
CGCGCGAG,0.2288789015791861,0.2288789015791861,7,35700,701
GCCACGAC,0.20219148146621035,0.20219148146621035,7,35700,701
CTTGTTGC,0.26551354471611766,0.26551354471611766,7,35700,701
ACTACCCT,0.6676905949779409,0.6676905949779409,8,40800,801
GTGTCCGA,0.6054921040695996,0.6054921040695996,8,40800,801
CCTTCTGC,0.4048880550859687,0.4048880550859687,8,40800,801
CGGGTCAG,0.42089638395250073,0.42089638395250073,8,40800,801
CCGGACAG,0.2931389931142539,0.2931389931142539,8,40800,801
TCGTACGA,0.5346142745227395,0.5346142745227395,8,40800,801
TATTGTTA,0.7513297324042386,0.7513297324042386,8,40800,801
GCTTCCGG,0.2086752154372655,0.2086752154372655,8,40800,801
TAACCCCC,0.6891827815115656,0.6891827815115656,8,40800,801
CTTCGGCC,0.18957448563064366,0.18957448563064366,8,40800,801
CAACACCG,0.5774337195398508,0.5774337195398508,8,40800,801
CAGGAGGC,0.30304498412567515,0.30304498412567515,8,40800,801
CCGCCAAG,0.26666804106708447,0.26666804106708447,8,40800,801
ACGTTCTT,0.44261534655506535,0.44261534655506535,8,40800,801
GCCGATGG,0.32057889745598483,0.32057889745598483,8,40800,801
AAGTTCTT,0.24174328948996002,0.24174328948996002,8,40800,801
AATACCCT,0.8503896425184514,0.8503896425184514,8,40800,801
GGTGACGA,0.35199769100729805,0.35199769100729805,8,40800,801
CAGAGGGA,0.4157320743825506,0.4157320743825506,8,40800,801
CATTAGGG,0.3689646641652579,0.3689646641652579,8,40800,801
ACGTCCGG,0.2613594194532635,0.2613594194532635,8,40800,801
GTTGATGG,0.5521688038593163,0.5521688038593163,8,40800,801
CTTCATCA,0.3866016575269039,0.3866016575269039,8,40800,801
GATGATTG,0.4847853873747578,0.4847853873747578,8,40800,801
GACGAGGG,0.18577083247433307,0.18577083247433307,8,40800,801
TCGGGCGG,0.4419968663670474,0.4419968663670474,8,40800,801
TCTGTTCA,0.4247309611182121,0.4247309611182121,8,40800,801
CTTTACTG,0.37306724941244385,0.37306724941244385,8,40800,801
CCGCCAAT,0.4769203809837958,0.4769203809837958,8,40800,801
GTGCATGA,0.3570176885333773,0.3570176885333773,8,40800,801
TCGGGTGA,0.5832371253040861,0.5832371253040861,8,40800,801
CCCTACTG,0.5975137096441677,0.5975137096441677,8,40800,801
TGGGGCGA,0.3569970725271101,0.3569970725271101,8,40800,801
GTTTCTGG,0.42618438956005444,0.42618438956005444,8,40800,801
GCGTCCCA,0.14048777470828352,0.14048777470828352,8,40800,801
ACGGTTCA,0.4096812765431081,0.4096812765431081,8,40800,801
CATTAGGC,0.3448233208262895,0.3448233208262895,8,40800,801
ACATAAGG,0.5292644208963839,0.5292644208963839,8,40800,801
CCGGAGGC,0.28947965200181425,0.28947965200181425,8,40800,801
TCTTTCGA,0.508957654723127,0.508957654723127,8,40800,801
CTCTCCAA,0.4745392322599266,0.4745392322599266,8,40800,801
CCTCGTCC,0.3018286397559065,0.3018286397559065,8,40800,801
AGGTCCGC,0.2380839483775203,0.2380839483775203,8,40800,801
ACGGTACA,0.40851647218900755,0.40851647218900755,8,40800,801
TATCGCTA,0.864047746670515,0.864047746670515,8,40800,801
CAGCCAAT,0.27152311054302564,0.27152311054302564,8,40800,801
CCTTACGA,0.3880757019750134,0.3880757019750134,8,40800,801
CTTTCCGC,0.11685152352286317,0.11685152352286317,8,40800,801
CCGGTCAT,0.4361006885746093,0.4361006885746093,8,40800,801
TCTTGCGT,0.4874654681895023,0.4874654681895023,8,40800,801
CTTTACGC,0.3300519523357935,0.3300519523357935,8,40800,801
ACATTGCA,0.3401022553910857,0.3401022553910857,8,40800,801
CCTAGCCG,0.28435657444439866,0.28435657444439866,8,40800,801
CCTCGCCC,0.3959200923597081,0.3959200923597081,8,40800,801
GACGATCG,0.5879581907392899,0.5879581907392899,8,40800,801
CGTTACGA,0.3641095946893168,0.3641095946893168,8,40800,801
ACAGCTCA,0.3714592009235971,0.3714592009235971,8,40800,801
ACGTTTGG,0.25517461757308374,0.25517461757308374,8,40800,801
CTTAGCCG,0.40541376324578404,0.40541376324578404,8,40800,801
AAATTGCA,0.28178988166412405,0.28178988166412405,8,40800,801
TCTTATGA,0.6212427328577907,0.6212427328577907,8,40800,801
CACTCGAA,0.42331876468890445,0.42331876468890445,8,40800,801
CCTCGGGG,0.3761081103368656,0.3761081103368656,8,40800,801
CCTAGCCT,0.5123386797509586,0.5123386797509586,8,40800,801
TCGGGCGA,0.2424339256999134,0.2424339256999134,8,40800,801
CCTCGCCG,0.3099925782377438,0.3099925782377438,8,40800,801
ATCTACTG,0.7275285531686803,0.7275285531686803,8,40800,801
GGTTCCGG,0.2672349812394343,0.2672349812394343,8,40800,801
CATGATGG,0.3722941491774214,0.3722941491774214,8,40800,801
TCGTTCGT,0.37911804725188636,0.37911804725188636,8,40800,801
TCAGACCC,0.35984208139199275,0.35984208139199275,8,40800,801
AGATTCCA,0.5135756401269946,0.5135756401269946,8,40800,801
CCGAGGGA,0.37693275058755615,0.37693275058755615,8,40800,801
CATTATGC,0.5721147899228961,0.5721147899228961,8,40800,801
GCGTCGCA,0.31099245454170615,0.31099245454170615,8,40800,801
AGTGCCGA,0.20370675792685444,0.20370675792685444,8,40800,801
CCGACAAT,0.4095575805055045,0.4095575805055045,8,40800,801
TATGGTTG,0.619974848472354,0.619974848472354,8,40800,801
CCACATCG,0.4366573207438255,0.4366573207438255,8,40800,801
CAGCTGAA,0.15430049890735165,0.15430049890735165,8,40800,801
AAATAGGG,0.573609450377273,0.573609450377273,8,40800,801
AGGTCCGG,0.14225044324413477,0.14225044324413477,8,40800,801
CTTTCCCG,0.38060239970312953,0.38060239970312953,8,40800,801
GCGAAGCA,0.1584133921576712,0.1584133921576712,8,40800,801
GTGTCTGA,0.6438584917329815,0.6438584917329815,8,40800,801
ATTGCTGA,0.5817012328371748,0.5817012328371748,8,40800,801
CAGGTGAG,0.48740362017070055,0.48740362017070055,8,40800,801
TTACGGCC,0.17060775986475898,0.17060775986475898,8,40800,801
GCGTCCGA,0.2662866449511401,0.2662866449511401,8,40800,801
CCGCGGGT,0.3713664288953944,0.3713664288953944,8,40800,801
CATCGCCG,0.34107120768564714,0.34107120768564714,8,40800,801
CGATACCG,0.8815919680039583,0.8815919680039583,8,40800,801
CCGGTCAG,0.5322949738176721,0.5322949738176721,8,40800,801
TGGTTCGT,0.3563992083453593,0.3563992083453593,8,40800,801
CCGGTTAG,0.25867933863851894,0.25867933863851894,8,40800,801
CCGCCGGG,0.3691811322310642,0.3691811322310642,8,40800,801
CTTTCTCA,0.6105739496144807,0.6105739496144807,8,40800,801
CAGACCCA,0.3911784109182369,0.3911784109182369,8,40800,801
TCATCCCC,0.6960582196016988,0.6960582196016988,8,40800,801
CAGGACAG,0.34227724405228216,0.34227724405228216,8,40800,801
ACGGACGC,0.21457139322970356,0.21457139322970356,9,45900,901
GCACTGTA,0.32088813754999385,0.32088813754999385,9,45900,901
GCGTAGTT,0.27513091163979714,0.27513091163979714,9,45900,901
GCAGAGGT,0.500309240094009,0.500309240094009,9,45900,901
CACCCCCA,0.5411392405063292,0.5411392405063292,9,45900,901
CGCACTGT,0.33797880674555725,0.33797880674555725,9,45900,901
ACGCGGTT,0.3426586401682266,0.3426586401682266,9,45900,901
CAACGGGC,0.24874242361769677,0.24874242361769677,9,45900,901
CTTCGTTG,0.37754092277244056,0.37754092277244056,9,45900,901
CCGTTTGG,0.24535109058673155,0.24535109058673155,9,45900,901
GATGTGGC,0.4574485630643632,0.4574485630643632,9,45900,901
CCCGCCGC,0.42535974930936377,0.42535974930936377,9,45900,901
GCATCCGG,0.30264297200346346,0.30264297200346346,9,45900,901
CCCCCCCG,0.5168638931266235,0.5168638931266235,9,45900,901
CAGCCGGG,0.3020760318311137,0.3020760318311137,9,45900,901
CTTATTTG,0.4019708901991506,0.4019708901991506,9,45900,901
CCTGCTGT,0.45262441759782296,0.45262441759782296,9,45900,901
CATTCGGG,0.4780130293159609,0.4780130293159609,9,45900,901
ACGTCCGG,0.2613594194532635,0.2613594194532635,9,45900,901
AAACTGTT,0.5084422545664454,0.5084422545664454,9,45900,901
TCAGCGGG,0.45002680080814744,0.45002680080814744,9,45900,901
CCGTCGGG,0.26820393353399585,0.26820393353399585,9,45900,901
GTTCCGCA,0.3641714427081186,0.3641714427081186,9,45900,901
CCCCCCCA,0.6048736238815816,0.6048736238815816,9,45900,901
TGTGCTGC,0.3491526821424154,0.3491526821424154,9,45900,901
GCCGACGC,0.41667010266771126,0.41667010266771126,9,45900,901
GCTGTTGC,0.19123407413515855,0.19123407413515855,9,45900,901
GATGTGCG,0.28504721065435207,0.28504721065435207,9,45900,901
GCACGGTT,0.2941697934276172,0.2941697934276172,9,45900,901
CCGTTGGG,0.2815424895889168,0.2815424895889168,9,45900,901
ACGCCGGG,0.45062466498989817,0.45062466498989817,9,45900,901
CCAAGGGG,0.4524801055539521,0.4524801055539521,9,45900,901
ACGCCGGC,0.22031295097513706,0.22031295097513706,9,45900,901
CCGCTCGG,0.35915144518203934,0.35915144518203934,9,45900,901
TCGCCATG,0.32237249000123697,0.32237249000123697,9,45900,901
CATCGCGA,0.4543561621242733,0.4543561621242733,9,45900,901
CAGGCCTG,0.21556096153053228,0.21556096153053228,9,45900,901
GTACTGTT,0.42501958520595395,0.42501958520595395,9,45900,901
CCTCCGCA,0.37074794870737643,0.37074794870737643,9,45900,901
CGTCCCCT,0.38596256133261864,0.38596256133261864,9,45900,901
ACGGGCGT,0.5224920628375871,0.5224920628375871,9,45900,901
TCGACTTT,0.37111903682018715,0.37111903682018715,9,45900,901
GTTCTCCA,0.3496165422834288,0.3496165422834288,9,45900,901
CCCTCCCA,0.43980126169958356,0.43980126169958356,9,45900,901
GCGGACTG,0.195769595513957,0.195769595513957,9,45900,901
CACCCTGT,0.2698325980291098,0.2698325980291098,9,45900,901
CAACCCGT,0.33856636292417436,0.33856636292417436,9,45900,901
CAACGCCC,0.4487589164227106,0.4487589164227106,9,45900,901
AGGCCTTG,0.22123036325403042,0.22123036325403042,9,45900,901
CCTCGTTG,0.5500350472106543,0.5500350472106543,9,45900,901
CCTCCTCT,0.5031645569620253,0.5031645569620253,9,45900,901
GTTGTCCG,0.3419267719457387,0.3419267719457387,9,45900,901
CCGCGGGG,0.28227435781140475,0.28227435781140475,9,45900,901
CCTCCTTG,0.5909165876386426,0.5909165876386426,9,45900,901
GCGGACGT,0.15789799200098956,0.15789799200098956,9,45900,901
TCGTCCGG,0.6461056364161135,0.6461056364161135,9,45900,901
GCGTACGG,0.28783037150043295,0.28783037150043295,9,45900,901
TATGACGA,0.485424483569043,0.485424483569043,9,45900,901
CCGGCCTG,0.21955015874324826,0.21955015874324826,9,45900,901
CCTCGCGA,0.3303302684204016,0.3303302684204016,9,45900,901
TCGGCTGT,0.5371603512967468,0.5371603512967468,9,45900,901
TGTGTCGC,0.3806745557250649,0.3806745557250649,9,45900,901
CCTGTCGT,0.391879355131324,0.391879355131324,9,45900,901
CCTTCCGG,0.39972374551601864,0.39972374551601864,9,45900,901
CCGTCGGC,0.1867294767657609,0.1867294767657609,9,45900,901
TCACTGGT,0.47995093390508387,0.47995093390508387,9,45900,901
TCGGATGT,0.4968457510411083,0.4968457510411083,9,45900,901
CAAGCCCC,0.24168144147115822,0.24168144147115822,9,45900,901
CCCCGTCG,0.3601100894734672,0.3601100894734672,9,45900,901
CAGCCCTC,0.3551519399661897,0.3551519399661897,9,45900,901
ATGTCCGG,0.2775945243887354,0.2775945243887354,9,45900,901
TAGGCCGT,0.5667340122871397,0.5667340122871397,9,45900,901
CATCCGCT,0.6031624953613985,0.6031624953613985,9,45900,901
CAGTTGGG,0.4084443161670721,0.4084443161670721,9,45900,901
CCGTTCGG,0.18048282686677938,0.18048282686677938,9,45900,901
TCGGCCGT,0.3349276378180019,0.3349276378180019,9,45900,901
GCGGAGGG,0.49835071949861875,0.49835071949861875,9,45900,901
TCGCCGGG,0.34600874118665736,0.34600874118665736,9,45900,901
TCTGACGA,0.431111615057931,0.431111615057931,9,45900,901
CCACGGGC,0.21343751288500395,0.21343751288500395,9,45900,901
CCGTCCGG,0.3012513915804231,0.3012513915804231,9,45900,901
CCAGCCCC,0.32950562816971096,0.32950562816971096,9,45900,901
TCGATTGG,0.5325320578897456,0.5325320578897456,9,45900,901
GCGGAGTG,0.38116933987547935,0.38116933987547935,9,45900,901
GCGGCGGT,0.3259699830948749,0.3259699830948749,9,45900,901
TCTGTCGA,0.39051869871768446,0.39051869871768446,9,45900,901
GCAGTCGT,0.292097884797757,0.292097884797757,9,45900,901
CCAGCCGT,0.38032408361852144,0.38032408361852144,9,45900,901
CCTGGCGA,0.323805302436812,0.323805302436812,9,45900,901
GCGGCCGT,0.22431245619098666,0.22431245619098666,9,45900,901
CCTTCCGA,0.6553416072238486,0.6553416072238486,9,45900,901
CGATTGAT,0.768987341772152,0.768987341772152,9,45900,901
TCGAAGGC,0.1761740815569208,0.1761740815569208,9,45900,901
CGTCCTTG,0.33906114707458873,0.33906114707458873,9,45900,901
ATTCCTTG,0.5934935884220509,0.5934935884220509,9,45900,901
CACCCCTG,0.6278398548633158,0.6278398548633158,9,45900,901
CCTCCGCT,0.18764688904465426,0.18764688904465426,9,45900,901
TCAGCTTG,0.5233579351008122,0.5233579351008122,9,45900,901
ACTGCGGT,0.36560425514369355,0.36560425514369355,9,45900,901
CCTTCGGG,0.5674658805096278,0.5674658805096278,9,45900,901
CCTGCCGC,0.08550488599348531,0.08550488599348531,10,51000,1001
TACCCCCA,0.8359584381313653,0.8359584381313653,10,51000,1001
GACGAACT,0.2659464808477302,0.2659464808477302,10,51000,1001
GTGTAAAG,0.5666515482620706,0.5666515482620706,10,51000,1001
AAGCTTTT,0.38558116521667424,0.38558116521667424,10,51000,1001
TAGGCCGC,0.3410608996825135,0.3410608996825135,10,51000,1001
CCCTCCGG,0.3828392363831279,0.3828392363831279,10,51000,1001
CCTCCTTT,0.2699356780604461,0.2699356780604461,10,51000,1001
CATGCCGC,0.4421514864140519,0.4421514864140519,10,51000,1001
GTGTCGGG,0.4127324454706634,0.4127324454706634,10,51000,1001
CCAGCTCG,0.5302127571846782,0.5302127571846782,10,51000,1001
TCAGATAG,0.8227745021234486,0.8227745021234486,10,51000,1001
GCCTCGCG,0.10647136436729476,0.10647136436729476,10,51000,1001
TCTGCCTA,0.426730713726137,0.426730713726137,10,51000,1001
GGGGATGG,0.5975755576629695,0.5975755576629695,10,51000,1001
GAGCGCGT,0.22613697274563974,0.22613697274563974,10,51000,1001
GTGGACTT,0.28271760194615103,0.28271760194615103,10,51000,1001
CCTGCCTG,0.46944707871191194,0.46944707871191194,10,51000,1001
CCTTCCTG,0.3002927472889952,0.3002927472889952,10,51000,1001
GCGGATGG,0.4308436069764565,0.4308436069764565,10,51000,1001
ATGTTCGG,0.4157011503731497,0.4157011503731497,10,51000,1001
CCCCAATG,0.509380282851606,0.509380282851606,10,51000,1001
GCATACTA,0.5858038180843608,0.5858038180843608,10,51000,1001
GCCTACCT,0.5705376654434503,0.5705376654434503,10,51000,1001
TCTGCCGC,0.355172555972457,0.355172555972457,10,51000,1001
GCGGCCTG,0.2022224054756113,0.2022224054756113,10,51000,1001
TCCGCGGT,0.5242238073640375,0.5242238073640375,10,51000,1001
GCCCGCCT,0.3097348781594029,0.3097348781594029,10,51000,1001
GGATAATA,0.8951469921246857,0.8951469921246857,10,51000,1001
CCGGGCTT,0.39800230899270195,0.39800230899270195,10,51000,1001
CCACCTCA,0.388622026141096,0.388622026141096,10,51000,1001
GAGCAGGT,0.5347276625572095,0.5347276625572095,10,51000,1001
GCGCGCGT,0.22435368820352122,0.22435368820352122,10,51000,1001
CAAGCGCG,0.3399476353440812,0.3399476353440812,10,51000,1001
ACGGCCTA,0.5667340122871397,0.5667340122871397,10,51000,1001
CTTTGCGT,0.5362017070053189,0.5362017070053189,10,51000,1001
CTCTGGGG,0.24809301942027792,0.24809301942027792,10,51000,1001
TAGGCCAA,0.45745887106749683,0.45745887106749683,10,51000,1001
CCACTGAT,0.8225580340576424,0.8225580340576424,10,51000,1001
CCCTCGGG,0.3223003339793015,0.3223003339793015,10,51000,1001
CTCTTCGG,0.4225044324413475,0.4225044324413475,10,51000,1001
CCAGCCCG,0.3205273574403167,0.3205273574403167,10,51000,1001
GCCTCCCG,0.2513091163979714,0.2513091163979714,10,51000,1001
TCGTCGGG,0.418278151156558,0.418278151156558,10,51000,1001
GCCGCCTG,0.32409392652455365,0.32409392652455365,10,51000,1001
GAGCACGG,0.30523028079000536,0.30523028079000536,10,51000,1001
CATGCAGT,0.2304147940460974,0.2304147940460974,10,51000,1001
TGCGCCCT,0.12493299797963137,0.12493299797963137,10,51000,1001
GACGCGTG,0.5752278068692532,0.5752278068692532,10,51000,1001
CCCTCATG,0.43234857543396693,0.43234857543396693,10,51000,1001
GCCGATCG,0.743681194079083,0.743681194079083,10,51000,1001
TCCGCTCT,0.48567187564425024,0.48567187564425024,10,51000,1001
GAAGAGCG,0.4508205170494372,0.4508205170494372,10,51000,1001
TCCGACCT,0.4272564218859523,0.4272564218859523,10,51000,1001
CCGGGTTT,0.5231517750381396,0.5231517750381396,10,51000,1001
TACGACCT,0.371067496804519,0.371067496804519,10,51000,1001
TCGCCTTT,0.5232342390632088,0.5232342390632088,10,51000,1001
TCCGCCCT,0.3189296169546036,0.3189296169546036,10,51000,1001
GCGGCATG,0.4421514864140519,0.4421514864140519,10,51000,1001
CCTCGCGT,0.3389580670432523,0.3389580670432523,10,51000,1001
GAGCACTT,0.2687502577000784,0.2687502577000784,10,51000,1001
GCGAAGGA,0.4174432029027337,0.4174432029027337,10,51000,1001
GAGCAGGG,0.4489032284665814,0.4489032284665814,10,51000,1001
CTTTTCGG,0.3569352245083082,0.3569352245083082,10,51000,1001
GCATAATA,0.667968911062549,0.667968911062549,10,51000,1001
CCGGCCTG,0.21955015874324826,0.21955015874324826,10,51000,1001
GCCGATCT,0.5631365191935018,0.5631365191935018,10,51000,1001
TGTGCCTA,0.40871232424854653,0.40871232424854653,10,51000,1001
GCCGCTTG,0.21565373355873502,0.21565373355873502,10,51000,1001
GCGTCCTA,0.30883808188677686,0.30883808188677686,10,51000,1001
TCTGCCAT,0.47271471570527357,0.47271471570527357,10,51000,1001
CCCTCTTG,0.5814847647713685,0.5814847647713685,10,51000,1001
CCTCTCTG,0.4263390096070589,0.4263390096070589,10,51000,1001
GCACAGAT,0.6139652826454459,0.6139652826454459,10,51000,1001
GCGGACTA,0.4659114336370758,0.4659114336370758,10,51000,1001
GCGGAGGG,0.49835071949861875,0.49835071949861875,10,51000,1001
GAGCACGC,0.3663979713849833,0.3663979713849833,10,51000,1001
CCTTGCGT,0.2670803611924298,0.2670803611924298,10,51000,1001
TCCGATCG,0.7458355667340123,0.7458355667340123,10,51000,1001
GCCGCCTC,0.28564507483610274,0.28564507483610274,10,51000,1001
TCCTCCCT,0.5552199727868716,0.5552199727868716,10,51000,1001
GCTTACGT,0.3388962190244506,0.3388962190244506,10,51000,1001
TCTCCATT,0.5471178823238362,0.5471178823238362,10,51000,1001
TCCCCAGT,0.4352863563270523,0.4352863563270523,10,51000,1001
CCCGGTTG,0.3458747371459201,0.3458747371459201,10,51000,1001
GAATAAGG,0.5171731332206324,0.5171731332206324,10,51000,1001
TCTGCAAT,0.5484682307343421,0.5484682307343421,10,51000,1001
ACGGCCGA,0.3349276378180019,0.3349276378180019,10,51000,1001
TCTGCCAG,0.368542036036779,0.368542036036779,10,51000,1001
GTCGATCG,0.6194800643219396,0.6194800643219396,10,51000,1001
ACGCTTTT,0.3329381932132107,0.3329381932132107,10,51000,1001
CCGGCTTG,0.294540881540428,0.294540881540428,10,51000,1001
ATGGGCTT,0.4005174617573084,0.4005174617573084,10,51000,1001
GTCTCGCG,0.5400259761678967,0.5400259761678967,10,51000,1001
CAACTGAT,0.7263946728239806,0.7263946728239806,10,51000,1001
TGAGACAG,0.5310786294479033,0.5310786294479033,10,51000,1001
GCGAACTA,0.5093905908547396,0.5093905908547396,10,51000,1001
GCCACATG,0.23804271636498578,0.23804271636498578,10,51000,1001
GCGCTTGT,0.2234362759246279,0.2234362759246279,10,51000,1001
TGACACAT,0.5022986846988001,0.5022986846988001,10,51000,1001
