{"run_id": "07:53:29-01/18/2025", "exp_name": "DirichletPPO", "model_name": "CNN_hidden_size_100_num_filters_32", "landscape_name": "TF_Binding", "rounds": 10, "sequences_batch_size": 100, "model_queries_per_batch": 5000}
sequence,model_score,true_score,round,model_cost,measurement_cost
GCTCGAGC,,0.5502102832639261,0,0,1
GCTCGAGC,0.5460461,0.5502102832639261,1,12000,38
GCCCGAGC,0.5442398,0.21069558405145752,1,12000,38
GATCGAGC,0.5359413,0.6426112233538119,1,12000,38
GCTAGAGC,0.5331575,0.3601100894734672,1,12000,38
TCCCGAGC,0.5274592,0.2588854987011916,1,12000,38
GCCCGACC,0.52718586,0.37523193007050676,1,12000,38
GATCGAGA,0.52687174,0.7499381519811982,1,12000,38
GCTCGAGA,0.52647823,0.2924689729105677,1,12000,38
GCTCGAGT,0.52067035,0.3047767286521255,1,12000,38
GGTCGAGC,0.5169086,0.35574980414794044,1,12000,38
GCCAGAGC,0.5164493,0.17543190533129924,1,12000,38
GACCGAGC,0.5154425,0.18854368531728036,1,12000,38
GCTGGAGC,0.5150617,0.2950253576877087,1,12000,38
GCCCGATC,0.5149413,0.7908196924091866,1,12000,38
GATCGAGT,0.5146777,0.6555993073021894,1,12000,38
GATGGAGC,0.51428854,0.3794066713396281,1,12000,38
GATAGAGC,0.5098605,0.5012266523729023,1,12000,38
GCTCGATC,0.5096284,0.6426112233538119,1,12000,38
CCCCGAGC,0.509112,0.37176844101760603,1,12000,38
GCCCGAGA,0.50863844,0.3305570444893415,1,12000,38
GCCCGTGC,0.50824875,0.3431740403249083,1,12000,38
GCCGGAGC,0.5077495,0.23334226693604918,1,12000,38
GTTCGAGC,0.5065979,0.21334474085680122,1,12000,38
GCTCTAGC,0.505771,0.3601100894734672,1,12000,38
GCTAGAGA,0.5054478,0.5609512225291716,1,12000,38
TCTCGAGC,0.50396353,0.2924689729105677,1,12000,38
GCTAGATC,0.5030387,0.6526821424153713,1,12000,38
GGCCGAGC,0.50271684,0.19329567476188514,1,12000,38
GCTAGAGT,0.5024239,0.4594895476848225,1,12000,38
GCTCGAGG,0.5015422,0.3609759617366924,1,12000,38
GCACGAGC,0.5013092,0.4142271059250402,1,12000,38
ACCCGAGC,0.5012273,0.525244299674267,1,12000,38
GCTGGAGA,0.50104594,0.2616171195316044,1,12000,38
GCCCTAGC,0.50090617,0.33920545911845956,1,12000,38
CATCGAGC,0.50082886,0.41728858285572923,1,12000,38
CCTCGAGC,0.50048125,0.3609759617366924,1,12000,38
GCCCGAGT,0.50041324,0.42809137013977655,1,12000,38
GATAGATC,0.5471035,0.8524203191357771,2,24000,58
GCTAGATC,0.5447344,0.6526821424153713,2,24000,58
GATCGATC,0.53364825,0.7932523811487239,2,24000,58
GATCGATA,0.5333854,0.9319774873211562,2,24000,58
GATAGATA,0.5322909,0.9238135488393188,2,24000,58
GATCGATT,0.52349955,0.7759246278810868,2,24000,58
GCTAGATA,0.5218458,0.7679977734713231,2,24000,58
GCTCGATC,0.5201945,0.6426112233538119,2,24000,58
GATCGAGA,0.5190502,0.7499381519811982,2,24000,58
CCTAGATC,0.5170217,0.7653486166659795,2,24000,58
GATCGAGC,0.51591796,0.6426112233538119,2,24000,58
GATAGATT,0.515191,0.6554549952583185,2,24000,58
CATAGATC,0.51213133,0.8221354059291635,2,24000,58
TCTAGATC,0.5087703,0.8317424648497094,2,24000,58
GATAGAGC,0.50606096,0.5012266523729023,2,24000,58
GCTAGATT,0.50508124,0.5560549210406961,2,24000,58
GATAGATG,0.5036984,0.7231785758462871,2,24000,58
GATAGAGA,0.5036744,0.5933080443656454,2,24000,58
TATAGATC,0.50314534,0.8654290190904217,2,24000,58
GATCGAGT,0.50303894,0.6555993073021894,2,24000,58
GATAGATA,0.9120702,0.9238135488393188,3,36000,157
CATAGATA,0.8978566,0.9019399661897497,3,36000,157
GATCGATA,0.8974166,0.9319774873211562,3,36000,157
TATAGATA,0.88833606,0.923947552880056,3,36000,157
GATAGATC,0.8734307,0.8524203191357771,3,36000,157
TATAGATC,0.86615884,0.8654290190904217,3,36000,157
TATCGATA,0.8658978,0.903001690512514,3,36000,157
CATAGATC,0.8639577,0.8221354059291635,3,36000,157
CATCGATA,0.86245376,0.8720158330928133,3,36000,157
AATAGATA,0.85770136,0.8815816600008246,3,36000,157
GATCGATC,0.8490451,0.7932523811487239,3,36000,157
GATCGATT,0.83809495,0.7759246278810868,3,36000,157
AATAGATC,0.83803606,0.8787675751453429,3,36000,157
GATAGATG,0.8340395,0.7231785758462871,3,36000,157
CATAGATG,0.8317478,0.4207623799117635,3,36000,157
GATAGATT,0.8307725,0.6554549952583185,3,36000,157
GATCGATG,0.8258761,0.7170762379911764,3,36000,157
AATCGATA,0.8239354,0.9179173710468809,3,36000,157
TATAGATG,0.8236547,0.7703995382014596,3,36000,157
CATAGATT,0.82260716,0.5673937244876923,3,36000,157
TATAGATT,0.8156225,0.7940873294025481,3,36000,157
GATCTATA,0.8117556,0.8654290190904217,3,36000,157
CATCGATT,0.8102028,0.5873087865418711,3,36000,157
GATATATA,0.8075806,0.9730445718055498,3,36000,157
TATCGATC,0.8061524,0.9319774873211562,3,36000,157
CATCGATG,0.8035112,0.4242052529583969,3,36000,157
TATCGATT,0.80238813,0.9179173710468809,3,36000,157
CATCGATC,0.7986695,0.7170762379911764,3,36000,157
AATAGATG,0.79784024,0.6111511977899642,3,36000,157
AATAGATT,0.79405224,0.6090174411413022,3,36000,157
GATACATC,0.7938622,0.9289881664124026,3,36000,157
TATCGATG,0.7914201,0.8720158330928133,3,36000,157
CATATATA,0.78983766,0.9319774873211562,3,36000,157
TATATATA,0.78225327,0.9487692244258442,3,36000,157
TATCTATA,0.7809994,0.923947552880056,3,36000,157
GATATATC,0.7809789,0.9725188636457345,3,36000,157
GATACATA,0.7791459,0.9525522615758876,3,36000,157
CATCTATA,0.77676296,0.7703995382014596,3,36000,157
AATCGATT,0.774975,0.4666948418752319,3,36000,157
CATACATC,0.77171654,0.5879684987424236,3,36000,157
TATATATC,0.7716751,0.9730445718055498,3,36000,157
AATACATC,0.77034295,0.7507834082381561,3,36000,157
TATACATC,0.76979643,0.8130746711747001,3,36000,157
AATCGATC,0.7697183,0.7759246278810868,3,36000,157
GATTGATA,0.76873094,0.9094751164804354,3,36000,157
CATACATA,0.7637666,0.47519894446047917,3,36000,157
TATACATA,0.7611549,0.8208159815280583,3,36000,157
AATCGATG,0.758516,0.5873087865418711,3,36000,157
CATATATC,0.75756377,0.9251948212592257,3,36000,157
GAGAGATA,0.7568143,0.9031047705438503,3,36000,157
AATATATA,0.755318,0.8876633818496681,3,36000,157
GATAGTTA,0.7497555,0.8253102708943223,3,36000,157
GATCTATT,0.7489762,0.8787675751453429,3,36000,157
AATACATA,0.7438675,0.7380221003587185,3,36000,157
GATCCATA,0.7433439,0.8607801096771532,3,36000,157
GATAGTTC,0.7418408,0.8434832804189173,3,36000,157
GATTGATC,0.74184066,0.8586257370222241,3,36000,157
CATAGTTA,0.7415824,0.4912588133426793,3,36000,157
GAGCGATA,0.7404523,0.8173215684657568,3,36000,157
GCTAGATC,0.7394133,0.6526821424153713,3,36000,157
AATATATC,0.7384701,0.9091452603801592,3,36000,157
CATTGATA,0.73786634,0.9128355255019998,3,36000,157
TATTGATA,0.7375302,0.9604275759699831,3,36000,157
GAGAGATC,0.7366822,0.7970251102956335,3,36000,157
GATCTATC,0.7354465,0.8524203191357771,3,36000,157
GATATATT,0.7340182,0.9091452603801592,3,36000,157
TATAGTTA,0.73394006,0.7640291922648744,3,36000,157
GATAAATA,0.73323655,0.7781511565579516,3,36000,157
GATATATG,0.7312114,0.9251948212592257,3,36000,157
TATAGTTC,0.7311461,0.6776996660206984,3,36000,157
TAGAGATA,0.7306927,0.8527192512266524,3,36000,157
CAGAGATA,0.7305299,0.8414010637859234,3,36000,157
CCTAGATC,0.7302275,0.7653486166659795,3,36000,157
CATAGTTC,0.73022485,0.3418133839112687,3,36000,157
GATAGGTA,0.72923034,0.87373726961613,3,36000,157
AATAGTTA,0.72340435,0.6050900919473879,3,36000,157
GCTAGATA,0.72281647,0.7679977734713231,3,36000,157
TCTAGATC,0.72205836,0.8317424648497094,3,36000,157
GATCTATG,0.72161406,0.8221354059291635,3,36000,157
TATATATG,0.72118765,0.9319774873211562,3,36000,157
GATCCATC,0.720414,0.8020863398342473,3,36000,157
GAAAGATA,0.72034776,0.8339277615140395,3,36000,157
GATAGCTC,0.7194343,0.7918504927225497,3,36000,157
CATAAATA,0.7187572,0.6778852100771038,3,36000,157
CATTGATC,0.71809214,0.7955922978600585,3,36000,157
CATAGGTA,0.7180646,0.5813404527274976,3,36000,157
GATTGATT,0.7178139,0.6421164392033976,3,36000,157
GATACATT,0.7177568,0.906454871562281,3,36000,157
AATTGATA,0.7175767,0.8980538490083702,3,36000,157
CATCGTTA,0.7174218,0.4719313074671175,3,36000,157
CATATATT,0.7163625,0.8517709149383581,3,36000,157
TATCTATT,0.716171,0.8815816600008246,3,36000,157
CATCTATT,0.7161668,0.6111511977899642,3,36000,157
TAGAGATC,0.71606237,0.7564528099616542,3,36000,157
TCTAGATA,0.71590364,0.7674205252958397,3,36000,157
CATATATG,0.71536267,0.8332062012946851,3,36000,157
GATGGATA,0.71527153,0.8318249288747783,3,36000,157
TATTGATC,0.71521276,0.9107945408815404,3,36000,157
TATAAATA,0.7147556,0.8519358429884962,3,36000,157
TATATATA,1.0104018,0.9487692244258442,4,48000,256
GATATATA,0.9954319,0.9730445718055498,4,48000,256
TATTTATA,0.975574,0.8519358429884962,4,48000,256
GATTTATA,0.9737141,0.6364882694924339,4,48000,256
TATATATC,0.9633758,0.9730445718055498,4,48000,256
TATCTATA,0.9581876,0.923947552880056,4,48000,256
GATCTATA,0.9569328,0.8654290190904217,4,48000,256
GATATATC,0.946085,0.9725188636457345,4,48000,256
TATAGATA,0.94028544,0.923947552880056,4,48000,256
TATTTATC,0.93052876,0.7781511565579516,4,48000,256
GATTTATC,0.93022025,0.5355626108110337,4,48000,256
GATAGATA,0.92902946,0.9238135488393188,4,48000,256
GATTGATA,0.9264078,0.9094751164804354,4,48000,256
TATTGATA,0.9244008,0.9604275759699831,4,48000,256
TAGATATA,0.9157741,0.931925947305488,4,48000,256
AATATATA,0.91350734,0.8876633818496681,4,48000,256
CATATATA,0.9094174,0.9319774873211562,4,48000,256
GAGATATA,0.9083152,0.9376984290603225,4,48000,256
AATTTATA,0.90517926,0.6829773636251185,4,48000,256
CATTTATA,0.90329504,0.7020162454129386,4,48000,256
TATCGATA,0.8990035,0.903001690512514,4,48000,256
GATCGATA,0.8958583,0.9319774873211562,4,48000,256
TAGAGATA,0.8814317,0.8527192512266524,4,48000,256
TATCTATC,0.87894595,0.9238135488393188,4,48000,256
GATCTATC,0.87793267,0.8524203191357771,4,48000,256
AATATATC,0.8729321,0.9091452603801592,4,48000,256
GAGAGATA,0.8721626,0.9031047705438503,4,48000,256
TATAGATC,0.8714751,0.8654290190904217,4,48000,256
TATACATA,0.8708223,0.8208159815280583,4,48000,256
TCTATATA,0.8694228,0.7917474126912134,4,48000,256
TATATATG,0.8693726,0.9319774873211562,4,48000,256
TATATATT,0.8687991,0.8876633818496681,4,48000,256
TATTGATC,0.86743915,0.9107945408815404,4,48000,256
TATGTATA,0.8661722,0.8208159815280583,4,48000,256
GATGTATA,0.86231697,0.8130746711747001,4,48000,256
GAGTTATA,0.8606951,0.6919453263513793,4,48000,256
TAGTTATA,0.8579005,0.8145177916134086,4,48000,256
GCTATATA,0.8576424,0.8788809631798128,4,48000,256
GATACATA,0.8569881,0.9525522615758876,4,48000,256
GAGCTATA,0.85689247,0.6736589287923143,4,48000,256
CATCTATA,0.854041,0.7703995382014596,4,48000,256
CATTTATC,0.8522502,0.7208901991506206,4,48000,256
GATTGATC,0.8521222,0.8586257370222241,4,48000,256
GATAGATC,0.8518994,0.8524203191357771,4,48000,256
CATATATC,0.85086787,0.9251948212592257,4,48000,256
GATATATT,0.850381,0.9091452603801592,4,48000,256
GAGCGATA,0.8498781,0.8173215684657568,4,48000,256
TAGCTATA,0.8484384,0.8381643508019627,4,48000,256
TAGATATC,0.84722364,0.9729827237867481,4,48000,256
AATCTATA,0.84701943,0.7940873294025481,4,48000,256
TAGCGATA,0.84598684,0.864047746670515,4,48000,256
TATTCATA,0.8430884,0.7762441759782295,4,48000,256
GCTTTATA,0.8415344,0.6215210489423989,4,48000,256
GATATATG,0.83839273,0.9251948212592257,4,48000,256
TATAAATA,0.8383405,0.8519358429884962,4,48000,256
GAGATATC,0.8364576,0.9650352533707169,4,48000,256
TATATACA,0.8359939,0.8666556714633241,4,48000,256
CATTGATA,0.8349154,0.9128355255019998,4,48000,256
TCTTTATA,0.8339076,0.7275594771780811,4,48000,256
AATTGATA,0.8317151,0.8980538490083702,4,48000,256
TAGTGATA,0.83146095,0.9022492062837587,4,48000,256
GAGTGATA,0.83132315,0.9481816682472273,4,48000,256
GATTTATT,0.8299507,0.5972663175689606,4,48000,256
GATTCATA,0.8271383,0.6914711582072322,4,48000,256
TATTTATG,0.82591295,0.6778852100771038,4,48000,256
GAAATATA,0.8254678,0.7970560343050344,4,48000,256
AATAGATA,0.82487893,0.8815816600008246,4,48000,256
GATATACA,0.82403743,0.9114336370758257,4,48000,256
CATAGATA,0.82253337,0.9019399661897497,4,48000,256
TAAATATA,0.819958,0.840122871397353,4,48000,256
GAGTTATC,0.8192967,0.7624314517791613,4,48000,256
GATTTATG,0.8183665,0.6857811404774666,4,48000,256
TATACATC,0.81807196,0.8130746711747001,4,48000,256
TATTAATA,0.8172667,0.904795283057766,4,48000,256
TATCGATC,0.81702495,0.9319774873211562,4,48000,256
GATTAATA,0.81490386,0.8546056158001072,4,48000,256
GATCTATT,0.8136165,0.8787675751453429,4,48000,256
GATCCATA,0.8136147,0.8607801096771532,4,48000,256
GATCAATA,0.81281877,0.9107945408815404,4,48000,256
GATAAATA,0.8124231,0.7781511565579516,4,48000,256
TATCAATA,0.8123381,0.9604275759699831,4,48000,256
TATGGATA,0.81082857,0.8797571434461716,4,48000,256
GATCGATC,0.81074286,0.7932523811487239,4,48000,256
CAGATATA,0.80998254,0.8144147115820723,4,48000,256
TATCCATA,0.8091525,0.8797571434461716,4,48000,256
TATATCTA,0.8031883,0.931925947305488,4,48000,256
GATTTACA,0.8022889,0.46367459695707747,4,48000,256
AAGATATA,0.8016888,0.8998989815692905,4,48000,256
GATACATC,0.8011167,0.9289881664124026,4,48000,256
TAGAGATC,0.7989781,0.7564528099616542,4,48000,256
CATCGATA,0.79746616,0.8720158330928133,4,48000,256
GCTCTATA,0.79663455,0.5882571228301653,4,48000,256
GATGGATA,0.79584,0.8318249288747783,4,48000,256
GATCTACA,0.7956383,0.7239619840844432,4,48000,256
AATCGATA,0.79466367,0.9179173710468809,4,48000,256
GAATTATA,0.7943233,0.7040366140271307,4,48000,256
GATGTATC,0.7914331,0.9289881664124026,4,48000,256
TATATGTA,0.79054475,0.7848719746010803,4,48000,256
TATCTATG,0.78979576,0.9019399661897497,4,48000,256
TATATATA,1.0234557,0.9487692244258442,5,60000,355
TATATATC,1.0048045,0.9730445718055498,5,60000,355
TATAGATA,1.0021933,0.923947552880056,5,60000,355
GATATATA,0.99625033,0.9730445718055498,5,60000,355
TATCGATA,0.97102135,0.903001690512514,5,60000,355
GATATATC,0.9635341,0.9725188636457345,5,60000,355
GATAGATA,0.9616073,0.9238135488393188,5,60000,355
TATCTATA,0.9605958,0.923947552880056,5,60000,355
TAGATATA,0.9537767,0.931925947305488,5,60000,355
TATAGATC,0.94813997,0.8654290190904217,5,60000,355
TAGAGATA,0.9445879,0.8527192512266524,5,60000,355
GATCTATA,0.9361382,0.8654290190904217,5,60000,355
GATCGATA,0.93569577,0.9319774873211562,5,60000,355
TATTGATA,0.926359,0.9604275759699831,5,60000,355
GAGATATA,0.91592854,0.9376984290603225,5,60000,355
TAGCGATA,0.9100639,0.864047746670515,5,60000,355
TAGATATC,0.9068266,0.9729827237867481,5,60000,355
AATATATA,0.90654886,0.8876633818496681,5,60000,355
GAGAGATA,0.90411204,0.9031047705438503,5,60000,355
AATATATC,0.9026905,0.9091452603801592,5,60000,355
GATAGATC,0.9014973,0.8524203191357771,5,60000,355
TATACATA,0.8996371,0.8208159815280583,5,60000,355
TATAAATA,0.8994774,0.8519358429884962,5,60000,355
TATATATT,0.8973289,0.8876633818496681,5,60000,355
TATCTATC,0.8952767,0.9238135488393188,5,60000,355
CATATATA,0.89059097,0.9319774873211562,5,60000,355
TATCGATC,0.88905746,0.9319774873211562,5,60000,355
GATTGATA,0.8856637,0.9094751164804354,5,60000,355
TATATATG,0.8827087,0.9319774873211562,5,60000,355
TATCAATA,0.8825987,0.9604275759699831,5,60000,355
TAGAGATC,0.87880605,0.7564528099616542,5,60000,355
GATACATA,0.87324005,0.9525522615758876,5,60000,355
GATATATT,0.8727662,0.9091452603801592,5,60000,355
TATTTATA,0.87245005,0.8519358429884962,5,60000,355
TATTGATC,0.869036,0.9107945408815404,5,60000,355
TATCCATA,0.8668752,0.8797571434461716,5,60000,355
TATATACA,0.8650675,0.8666556714633241,5,60000,355
TATACATC,0.8641295,0.8130746711747001,5,60000,355
GAGATATC,0.8632364,0.9650352533707169,5,60000,355
GATCTATC,0.8631212,0.8524203191357771,5,60000,355
AATAGATA,0.85833406,0.8815816600008246,5,60000,355
GATAAATA,0.85783964,0.7781511565579516,5,60000,355
TAAAGATA,0.85522276,0.8577598647589989,5,60000,355
CATATATC,0.85505354,0.9251948212592257,5,60000,355
GATCAATA,0.8548028,0.9107945408815404,5,60000,355
TATATCTA,0.8527917,0.931925947305488,5,60000,355
GATCGATC,0.8523214,0.7932523811487239,5,60000,355
TATGTATA,0.8484081,0.8208159815280583,5,60000,355
TATGGATA,0.84827,0.8797571434461716,5,60000,355
AATCGATA,0.8443222,0.9179173710468809,5,60000,355
TAGAAATA,0.84315073,0.5466127901702882,5,60000,355
CATAGATA,0.8430498,0.9019399661897497,5,60000,355
TAGCTATA,0.84197813,0.8381643508019627,5,60000,355
GATACATC,0.8399024,0.9289881664124026,5,60000,355
TAGTGATA,0.8398167,0.9022492062837587,5,60000,355
GATATACA,0.8397095,0.9114336370758257,5,60000,355
GAGAGATC,0.8395736,0.7970251102956335,5,60000,355
GATATATG,0.83913016,0.9251948212592257,5,60000,355
TCTATATA,0.8371951,0.7917474126912134,5,60000,355
TATCTATT,0.8344701,0.8815816600008246,5,60000,355
AATAGATC,0.8335184,0.8787675751453429,5,60000,355
TAAATATA,0.83351094,0.840122871397353,5,60000,355
TATAAATC,0.8325075,0.6364882694924339,5,60000,355
TATTTATC,0.8311044,0.7781511565579516,5,60000,355
GAAAGATA,0.8307145,0.8339277615140395,5,60000,355
GATTTATA,0.8301485,0.6364882694924339,5,60000,355
AAGATATA,0.8290228,0.8998989815692905,5,60000,355
GATGTATA,0.8278286,0.8130746711747001,5,60000,355
TATAGATT,0.8267312,0.7940873294025481,5,60000,355
TATAGACA,0.82374865,0.7998701191605163,5,60000,355
AATCTATA,0.8220946,0.7940873294025481,5,60000,355
TAGCGATC,0.82163674,0.8055601368902816,5,60000,355
TAACGATA,0.82129204,0.907269203809838,5,60000,355
CATCGATA,0.8208003,0.8720158330928133,5,60000,355
TATATGTA,0.82030773,0.7848719746010803,5,60000,355
TAGATATT,0.8196337,0.8711293448233208,5,60000,355
GAGCTATA,0.81781566,0.6736589287923143,5,60000,355
AATTGATA,0.8173144,0.8980538490083702,5,60000,355
TATAGGTA,0.81698513,0.8755308621613821,5,60000,355
TATAGCTA,0.81687176,0.8381643508019627,5,60000,355
TATGTATC,0.8140042,0.9525522615758876,5,60000,355
GAAATATA,0.81354856,0.7970560343050344,5,60000,355
GATGGATA,0.81152236,0.8318249288747783,5,60000,355
TCTAGATA,0.81116414,0.7674205252958397,5,60000,355
CAGATATA,0.8109459,0.8144147115820723,5,60000,355
GCTATATA,0.80970603,0.8788809631798128,5,60000,355
TATATCTC,0.80934465,0.9376984290603225,5,60000,355
TATCTACA,0.80932486,0.7157568135900713,5,60000,355
GATATCTA,0.80832297,0.9729827237867481,5,60000,355
TCTATATC,0.8078232,0.9246072650806086,5,60000,355
TATCCATC,0.80675143,0.8318249288747783,5,60000,355
TATAGATG,0.80544543,0.7703995382014596,5,60000,355
TATCTATG,0.80511665,0.9019399661897497,5,60000,355
TAGATATG,0.8024672,0.8813858079412856,5,60000,355
CAGAGATA,0.802265,0.8414010637859234,5,60000,355
TATTAATA,0.80205905,0.904795283057766,5,60000,355
TAGACATA,0.8019294,0.6502494536758339,5,60000,355
CATAGATC,0.7999203,0.8221354059291635,5,60000,355
GATTTATC,0.7972108,0.5355626108110337,5,60000,355
TATATATA,0.9930844,0.9487692244258442,6,72000,454
TATATATC,0.9779135,0.9730445718055498,6,72000,454
GATATATA,0.9684109,0.9730445718055498,6,72000,454
TATTGATA,0.9551621,0.9604275759699831,6,72000,454
GATATATC,0.952022,0.9725188636457345,6,72000,454
TATCGATA,0.95086193,0.903001690512514,6,72000,454
TATAGATA,0.93249804,0.923947552880056,6,72000,454
GATCGATA,0.9224688,0.9319774873211562,6,72000,454
GATAGATA,0.91912776,0.9238135488393188,6,72000,454
TAGATATA,0.9141209,0.931925947305488,6,72000,454
TATCTATA,0.912122,0.923947552880056,6,72000,454
TATATATG,0.90661335,0.9319774873211562,6,72000,454
CATATATA,0.90453595,0.9319774873211562,6,72000,454
TAGATATC,0.90132135,0.9729827237867481,6,72000,454
TATATCTA,0.9006719,0.931925947305488,6,72000,454
AATATATA,0.90055287,0.8876633818496681,6,72000,454
TATATATT,0.899607,0.8876633818496681,6,72000,454
GATTGATA,0.8978772,0.9094751164804354,6,72000,454
AATATATC,0.89144206,0.9091452603801592,6,72000,454
GATATATT,0.88957006,0.9091452603801592,6,72000,454
TATATCTC,0.88875145,0.9376984290603225,6,72000,454
GAGATATA,0.88516337,0.9376984290603225,6,72000,454
GATCTATA,0.88208675,0.8654290190904217,6,72000,454
TATCTATC,0.8818018,0.9238135488393188,6,72000,454
GATATATG,0.8810659,0.9251948212592257,6,72000,454
AATTGATA,0.880405,0.8980538490083702,6,72000,454
TATCAATA,0.87644744,0.9604275759699831,6,72000,454
GAGATATC,0.87577367,0.9650352533707169,6,72000,454
TATTGATC,0.87083817,0.9107945408815404,6,72000,454
TAGTGATA,0.86796886,0.9022492062837587,6,72000,454
TATGGATA,0.86731637,0.8797571434461716,6,72000,454
GATATCTA,0.8657826,0.9729827237867481,6,72000,454
CATATATC,0.86128646,0.9251948212592257,6,72000,454
TATAGATC,0.8589577,0.8654290190904217,6,72000,454
TATCGATC,0.8545303,0.9319774873211562,6,72000,454
TATCCATA,0.8541026,0.8797571434461716,6,72000,454
GATCAATA,0.8527567,0.9107945408815404,6,72000,454
GATATCTC,0.84776187,0.9650352533707169,6,72000,454
TATATACA,0.84703726,0.8666556714633241,6,72000,454
TAGCGATA,0.8449566,0.864047746670515,6,72000,454
GATAGATC,0.84174454,0.8524203191357771,6,72000,454
TAACGATA,0.8414722,0.907269203809838,6,72000,454
TATCTATT,0.8407376,0.8815816600008246,6,72000,454
AATCGATA,0.8402975,0.9179173710468809,6,72000,454
TAGAGATA,0.8397603,0.8527192512266524,6,72000,454
GAGAGATA,0.83747953,0.9031047705438503,6,72000,454
GATCCATA,0.8355586,0.8607801096771532,6,72000,454
GATATACA,0.8352375,0.9114336370758257,6,72000,454
TAGATATT,0.83136934,0.8711293448233208,6,72000,454
GATGGATA,0.8302362,0.8318249288747783,6,72000,454
TATTAATA,0.8282271,0.904795283057766,6,72000,454
TATCTATG,0.8246349,0.9019399661897497,6,72000,454
TATGTATA,0.82358086,0.8208159815280583,6,72000,454
TATAGCTA,0.8229481,0.8381643508019627,6,72000,454
TCTATATC,0.8216604,0.9246072650806086,6,72000,454
AATAGATA,0.8204912,0.8815816600008246,6,72000,454
TAAAGATA,0.8200314,0.8577598647589989,6,72000,454
AAGATATA,0.81975675,0.8998989815692905,6,72000,454
GAGCGATA,0.81818134,0.8173215684657568,6,72000,454
TAGATATG,0.817903,0.8813858079412856,6,72000,454
TATATGTA,0.8175494,0.7848719746010803,6,72000,454
TCTATATA,0.81601715,0.7917474126912134,6,72000,454
GATCTATC,0.81500274,0.8524203191357771,6,72000,454
CATTGATA,0.8149756,0.9128355255019998,6,72000,454
CATCGATA,0.81467974,0.8720158330928133,6,72000,454
CATAGATA,0.81395286,0.9019399661897497,6,72000,454
GATACATA,0.813295,0.9525522615758876,6,72000,454
GATCGATC,0.80953234,0.7932523811487239,6,72000,454
CATATATT,0.80854464,0.8517709149383581,6,72000,454
GAAAGATA,0.80756456,0.8339277615140395,6,72000,454
AATTGATC,0.8068413,0.8019214117841091,6,72000,454
AAGATATC,0.80478144,0.9732094998556878,6,72000,454
TATGTATC,0.8040044,0.9525522615758876,6,72000,454
CAGATATA,0.80337536,0.8144147115820723,6,72000,454
GATGTATA,0.8031882,0.8130746711747001,6,72000,454
TATAAATA,0.80263567,0.8519358429884962,6,72000,454
GAGATATT,0.8017877,0.8315156887807694,6,72000,454
AATATATT,0.80089325,0.8053952088401435,6,72000,454
TATAGCTC,0.8008134,0.6736589287923143,6,72000,454
GATCTATT,0.8006849,0.8787675751453429,6,72000,454
TAAATATA,0.7991109,0.840122871397353,6,72000,454
TATACATA,0.79779345,0.8208159815280583,6,72000,454
GATACATC,0.79709846,0.9289881664124026,6,72000,454
TATATCTG,0.79707795,0.8144147115820723,6,72000,454
TAGTGATC,0.796678,0.8728610893497711,6,72000,454
TATATGTC,0.79610544,0.7720385106997072,6,72000,454
GCTATATA,0.7942414,0.8788809631798128,6,72000,454
CATATATG,0.79373085,0.8332062012946851,6,72000,454
GATAAATA,0.7931799,0.7781511565579516,6,72000,454
GATAGCTA,0.792654,0.7874386673813549,6,72000,454
AATATCTC,0.7920152,0.8315156887807694,6,72000,454
GATTAATA,0.7906228,0.8546056158001072,6,72000,454
TAGGGATA,0.7900237,0.8932297035418298,6,72000,454
CAGATATC,0.7891938,0.9682719663546778,6,72000,454
AATATATG,0.78829265,0.8517709149383581,6,72000,454
TATCTCTA,0.78774595,0.8527192512266524,6,72000,454
TATCCATC,0.7875749,0.8318249288747783,6,72000,454
GAGATATG,0.7875064,0.8461427452273945,6,72000,454
TATACATC,0.7871622,0.8130746711747001,6,72000,454
TATATATC,0.9813926,0.9730445718055498,7,84000,553
GATATATC,0.9724413,0.9725188636457345,7,84000,553
TATATATA,0.9704645,0.9487692244258442,7,84000,553
TATTGATA,0.9659933,0.9604275759699831,7,84000,553
TAGATATC,0.9613238,0.9729827237867481,7,84000,553
TATCGATA,0.9532405,0.903001690512514,7,84000,553
GAGATATC,0.94801146,0.9650352533707169,7,84000,553
GATATATA,0.947435,0.9730445718055498,7,84000,553
TATAGATA,0.94236445,0.923947552880056,7,84000,553
GATAGATA,0.9344331,0.9238135488393188,7,84000,553
AATATATC,0.931171,0.9091452603801592,7,84000,553
TAGATATA,0.9262391,0.931925947305488,7,84000,553
TATATCTC,0.9226214,0.9376984290603225,7,84000,553
GATCGATA,0.9225453,0.9319774873211562,7,84000,553
TAGTGATA,0.9219654,0.9022492062837587,7,84000,553
TATATCTA,0.91503674,0.931925947305488,7,84000,553
TATATATG,0.9125535,0.9319774873211562,7,84000,553
AAGATATC,0.91242474,0.9732094998556878,7,84000,553
TAACGATA,0.91025156,0.907269203809838,7,84000,553
GAGATATA,0.9082041,0.9376984290603225,7,84000,553
TATCAATA,0.90722156,0.9604275759699831,7,84000,553
AATTGATA,0.9067956,0.8980538490083702,7,84000,553
GAGAGATA,0.9046461,0.9031047705438503,7,84000,553
GATATCTC,0.90394586,0.9650352533707169,7,84000,553
CAGATATC,0.9021337,0.9682719663546778,7,84000,553
GATATATG,0.90127605,0.9251948212592257,7,84000,553
TAATGATA,0.90041137,0.9248546571558158,7,84000,553
TATCTATC,0.8993423,0.9238135488393188,7,84000,553
TATATATT,0.89664304,0.8876633818496681,7,84000,553
GATATATT,0.8951119,0.9091452603801592,7,84000,553
GATTGATA,0.892039,0.9094751164804354,7,84000,553
TATCTATA,0.8915227,0.923947552880056,7,84000,553
TATTGATC,0.8898178,0.9107945408815404,7,84000,553
CATATATA,0.88909745,0.9319774873211562,7,84000,553
AATATATA,0.88718367,0.8876633818496681,7,84000,553
CATATATC,0.88684464,0.9251948212592257,7,84000,553
GATATCTA,0.8858506,0.9729827237867481,7,84000,553
GATACATA,0.88512015,0.9525522615758876,7,84000,553
GATCAATA,0.8827346,0.9107945408815404,7,84000,553
TATAGATC,0.8784634,0.8654290190904217,7,84000,553
TAGATCTC,0.87558424,0.7753061476930689,7,84000,553
TAGCGATA,0.8755503,0.864047746670515,7,84000,553
GAAAGATA,0.87454545,0.8339277615140395,7,84000,553
TATCGATC,0.87413293,0.9319774873211562,7,84000,553
TAAAGATA,0.8736728,0.8577598647589989,7,84000,553
TAGAGATA,0.8734094,0.8527192512266524,7,84000,553
AAGATATA,0.87105733,0.8998989815692905,7,84000,553
TATGGATA,0.8702799,0.8797571434461716,7,84000,553
GATAGATC,0.86960703,0.8524203191357771,7,84000,553
GATACATC,0.86664635,0.9289881664124026,7,84000,553
TATCTATT,0.86462986,0.8815816600008246,7,84000,553
AATAGATA,0.8608064,0.8815816600008246,7,84000,553
TCTATATC,0.8601342,0.9246072650806086,7,84000,553
TATTAATA,0.85918355,0.904795283057766,7,84000,553
AATATCTC,0.85901594,0.8315156887807694,7,84000,553
TATCTATG,0.8562868,0.9019399661897497,7,84000,553
TAGATATT,0.8558698,0.8711293448233208,7,84000,553
CAGATATA,0.85545856,0.8144147115820723,7,84000,553
TAGATATG,0.8551425,0.8813858079412856,7,84000,553
AATCGATA,0.85504556,0.9179173710468809,7,84000,553
GATCTATA,0.8530785,0.8654290190904217,7,84000,553
GATATACA,0.84805214,0.9114336370758257,7,84000,553
GAGATATG,0.8471857,0.8461427452273945,7,84000,553
CATAGATA,0.8456096,0.9019399661897497,7,84000,553
TATATACA,0.84472305,0.8666556714633241,7,84000,553
TATGTATC,0.8433341,0.9525522615758876,7,84000,553
TATCCATA,0.839847,0.8797571434461716,7,84000,553
GAGATATT,0.83963335,0.8315156887807694,7,84000,553
TAAATATA,0.83804923,0.840122871397353,7,84000,553
TATATCTG,0.8377639,0.8144147115820723,7,84000,553
GCTATATC,0.8375061,0.9194223395043912,7,84000,553
GAGCGATA,0.8361913,0.8173215684657568,7,84000,553
TAGATCTA,0.83448726,0.803694388323094,7,84000,553
GATGGATA,0.8327663,0.8318249288747783,7,84000,553
AAACGATA,0.83139557,0.8701294685193585,7,84000,553
AATAGATC,0.83098346,0.8787675751453429,7,84000,553
TAGGGATA,0.83015597,0.8932297035418298,7,84000,553
TATGTATA,0.82838714,0.8208159815280583,7,84000,553
GATTGATC,0.82780045,0.8586257370222241,7,84000,553
CATTGATA,0.8274154,0.9128355255019998,7,84000,553
GATATCTG,0.82687163,0.9682719663546778,7,84000,553
TATATACC,0.8267221,0.9296994186286234,7,84000,553
CATATATG,0.82285506,0.8332062012946851,7,84000,553
GATCTATC,0.8225014,0.8524203191357771,7,84000,553
AAGAGATA,0.8224475,0.8459778171772564,7,84000,553
AATATATG,0.82082915,0.8517709149383581,7,84000,553
GATCTATT,0.82077265,0.8787675751453429,7,84000,553
GATCGATC,0.8201823,0.7932523811487239,7,84000,553
TCTATATA,0.82016,0.7917474126912134,7,84000,553
TATACATA,0.8193934,0.8208159815280583,7,84000,553
TATAGCTA,0.8193821,0.8381643508019627,7,84000,553
GATGTATC,0.81918174,0.9289881664124026,7,84000,553
TATACATC,0.81836504,0.8130746711747001,7,84000,553
GATACATT,0.8181738,0.906454871562281,7,84000,553
CATCGATA,0.8176052,0.8720158330928133,7,84000,553
AAGCGATA,0.81740046,0.9130416855646725,7,84000,553
GCTATATA,0.8170853,0.8788809631798128,7,84000,553
CAGAGATA,0.8164639,0.8414010637859234,7,84000,553
TAGTAATA,0.81644654,0.7150764853832516,7,84000,553
TAGATATC,1.0093391,0.9729827237867481,8,96000,652
GATATATC,1.0086069,0.9725188636457345,8,96000,652
TATATATC,1.0042309,0.9730445718055498,8,96000,652
GAGATATC,0.9987262,0.9650352533707169,8,96000,652
TATTGATA,0.9908657,0.9604275759699831,8,96000,652
TATATATA,0.9801425,0.9487692244258442,8,96000,652
TATCGATA,0.97760344,0.903001690512514,8,96000,652
AAGATATC,0.97643477,0.9732094998556878,8,96000,652
GATATATA,0.9759681,0.9730445718055498,8,96000,652
GATACATA,0.9732043,0.9525522615758876,8,96000,652
GATATCTC,0.96871644,0.9650352533707169,8,96000,652
GATATCTA,0.9679184,0.9729827237867481,8,96000,652
CAGATATC,0.96675646,0.9682719663546778,8,96000,652
TATAGATA,0.96592194,0.923947552880056,8,96000,652
TATATCTC,0.961056,0.9376984290603225,8,96000,652
GATACATC,0.95806706,0.9289881664124026,8,96000,652
TATCTATC,0.9576809,0.9238135488393188,8,96000,652
AATATATC,0.95566934,0.9091452603801592,8,96000,652
GATATATG,0.95525354,0.9251948212592257,8,96000,652
CATATATC,0.9531602,0.9251948212592257,8,96000,652
AATTGATA,0.9524726,0.8980538490083702,8,96000,652
TATATCTA,0.9519009,0.931925947305488,8,96000,652
TATATATG,0.9466832,0.9319774873211562,8,96000,652
TATCAATA,0.94605374,0.9604275759699831,8,96000,652
GATCGATA,0.9454246,0.9319774873211562,8,96000,652
GATAGATA,0.9443557,0.9238135488393188,8,96000,652
TAGTGATA,0.94335926,0.9022492062837587,8,96000,652
TATCTATA,0.9401705,0.923947552880056,8,96000,652
GCTATATC,0.9380088,0.9194223395043912,8,96000,652
TAACGATA,0.9378094,0.907269203809838,8,96000,652
TAGATATA,0.93615556,0.931925947305488,8,96000,652
GATATCTG,0.93371016,0.9682719663546778,8,96000,652
TATGTATC,0.93179005,0.9525522615758876,8,96000,652
GATACATT,0.9310033,0.906454871562281,8,96000,652
GATTGATA,0.9309235,0.9094751164804354,8,96000,652
TCTATATC,0.927526,0.9246072650806086,8,96000,652
TATTGATC,0.9270512,0.9107945408815404,8,96000,652
GATATATT,0.9265807,0.9091452603801592,8,96000,652
TATATACC,0.9255208,0.9296994186286234,8,96000,652
TATCGATC,0.9236907,0.9319774873211562,8,96000,652
GATATACC,0.9236398,0.9673236300663836,8,96000,652
CATATATA,0.92284006,0.9319774873211562,8,96000,652
AATAGATA,0.9228081,0.8815816600008246,8,96000,652
GAGATATA,0.92077696,0.9376984290603225,8,96000,652
CATAGATA,0.9184659,0.9019399661897497,8,96000,652
AAATGATA,0.91728747,0.9565414587886035,8,96000,652
GATCAATA,0.91493696,0.9107945408815404,8,96000,652
TATATATT,0.9126848,0.8876633818496681,8,96000,652
GATCTATC,0.9121893,0.8524203191357771,8,96000,652
GATATACA,0.9116147,0.9114336370758257,8,96000,652
TATGGATA,0.9112877,0.8797571434461716,8,96000,652
GATCCATA,0.9110062,0.8607801096771532,8,96000,652
GATGTATC,0.91097766,0.9289881664124026,8,96000,652
CATTGATA,0.90927655,0.9128355255019998,8,96000,652
AATATATA,0.90923536,0.8876633818496681,8,96000,652
GAGAGATA,0.907663,0.9031047705438503,8,96000,652
TATTAATA,0.90763956,0.904795283057766,8,96000,652
ACTATATC,0.9074058,0.921875644250196,8,96000,652
AAGATATA,0.90717393,0.8998989815692905,8,96000,652
TATATACA,0.9046509,0.8666556714633241,8,96000,652
AATCGATA,0.9037258,0.9179173710468809,8,96000,652
TATCTATT,0.9035705,0.8815816600008246,8,96000,652
TATATCTG,0.9019185,0.8144147115820723,8,96000,652
TATCCATA,0.9016763,0.8797571434461716,8,96000,652
CCTATATC,0.90135586,0.929596338597287,8,96000,652
TAGAGATA,0.90026665,0.8527192512266524,8,96000,652
CAGTGATA,0.8977744,0.9295344905784851,8,96000,652
AAGAGATA,0.8974561,0.8459778171772564,8,96000,652
TATCTATG,0.8948874,0.9019399661897497,8,96000,652
GAGATATG,0.89481115,0.8461427452273945,8,96000,652
TAGCGATA,0.8942759,0.864047746670515,8,96000,652
TAGATCTC,0.8931466,0.7753061476930689,8,96000,652
TAAAGATA,0.89301574,0.8577598647589989,8,96000,652
TATAGATC,0.892885,0.8654290190904217,8,96000,652
TAGATATG,0.8918131,0.8813858079412856,8,96000,652
CAGATATA,0.8917217,0.8144147115820723,8,96000,652
GATCTATA,0.8915358,0.8654290190904217,8,96000,652
CATATATG,0.8893094,0.8332062012946851,8,96000,652
TATACATA,0.8887466,0.8208159815280583,8,96000,652
AATATCTC,0.8860083,0.8315156887807694,8,96000,652
TAGATACC,0.8857729,0.9621490124932999,8,96000,652
AATGTATC,0.8854825,0.906454871562281,8,96000,652
GATATCTT,0.8847436,0.9732094998556878,8,96000,652
GATCTATT,0.88400316,0.8787675751453429,8,96000,652
GATAGATC,0.88398176,0.8524203191357771,8,96000,652
GCTATATA,0.88211685,0.8788809631798128,8,96000,652
CAGAGATA,0.8813288,0.8414010637859234,8,96000,652
AATCTATC,0.8791561,0.6554549952583185,8,96000,652
AATAGATC,0.8770568,0.8787675751453429,8,96000,652
AATATATG,0.87688303,0.8517709149383581,8,96000,652
TAGATATT,0.8748779,0.8711293448233208,8,96000,652
TAGGGATA,0.87482774,0.8932297035418298,8,96000,652
GATACCTA,0.8743905,0.979724157836144,8,96000,652
TAGCTATC,0.8736748,0.7874386673813549,8,96000,652
TATACATC,0.87310445,0.8130746711747001,8,96000,652
CAGATATG,0.86888343,0.8324434090627963,8,96000,652
GATATACT,0.86794627,0.937770585082258,8,96000,652
AAGATATG,0.8657514,0.8724693852306932,8,96000,652
TATATACG,0.8646297,0.8974766008328866,8,96000,652
GAGATATC,0.98045766,0.9650352533707169,9,108000,751
TAGATATC,0.9755223,0.9729827237867481,9,108000,751
GATATATC,0.9749046,0.9725188636457345,9,108000,751
TATATATC,0.9703752,0.9730445718055498,9,108000,751
GATATCTA,0.9685653,0.9729827237867481,9,108000,751
GATATCTC,0.96287704,0.9650352533707169,9,108000,751
TATGTATC,0.95111674,0.9525522615758876,9,108000,751
AAGATATC,0.95065165,0.9732094998556878,9,108000,751
TATATATA,0.9506483,0.9487692244258442,9,108000,751
GATATATA,0.9501571,0.9730445718055498,9,108000,751
TATATACC,0.9494523,0.9296994186286234,9,108000,751
TATCGATA,0.947398,0.903001690512514,9,108000,751
TATTGATA,0.9462829,0.9604275759699831,9,108000,751
TATCAATA,0.9410538,0.9604275759699831,9,108000,751
GATACATA,0.9397963,0.9525522615758876,9,108000,751
GATATACC,0.93771684,0.9673236300663836,9,108000,751
TAGATACC,0.93707526,0.9621490124932999,9,108000,751
TATATCTA,0.93595374,0.931925947305488,9,108000,751
CAGATATC,0.9341753,0.9682719663546778,9,108000,751
TATATCTC,0.93238086,0.9376984290603225,9,108000,751
GCTATATC,0.92985755,0.9194223395043912,9,108000,751
TATCTATA,0.9262282,0.923947552880056,9,108000,751
AATATATC,0.9257418,0.9091452603801592,9,108000,751
CATATATC,0.92528695,0.9251948212592257,9,108000,751
GATATACA,0.92443556,0.9114336370758257,9,108000,751
GATATCTG,0.9232712,0.9682719663546778,9,108000,751
TATAGATA,0.91949,0.923947552880056,9,108000,751
GATCGATA,0.9188195,0.9319774873211562,9,108000,751
TAATGATA,0.9171015,0.9248546571558158,9,108000,751
TAGATATA,0.91683835,0.931925947305488,9,108000,751
GATATATG,0.91668284,0.9251948212592257,9,108000,751
GATACATC,0.91599774,0.9289881664124026,9,108000,751
GATGTATC,0.91375804,0.9289881664124026,9,108000,751
GAGATATA,0.912096,0.9376984290603225,9,108000,751
TATATATG,0.9116355,0.9319774873211562,9,108000,751
GATACCTA,0.9114206,0.979724157836144,9,108000,751
TCTATATC,0.9106988,0.9246072650806086,9,108000,751
GATATCTT,0.9104218,0.9732094998556878,9,108000,751
TATCTATC,0.9100137,0.9238135488393188,9,108000,751
TAGTGATA,0.90927494,0.9022492062837587,9,108000,751
TATATACA,0.90736353,0.8666556714633241,9,108000,751
TATCTATT,0.9062141,0.8815816600008246,9,108000,751
CCTATATC,0.90565646,0.929596338597287,9,108000,751
GATATATT,0.90558577,0.9091452603801592,9,108000,751
CATATATA,0.90147287,0.9319774873211562,9,108000,751
GAGTGATA,0.8992741,0.9481816682472273,9,108000,751
TAACGATA,0.896954,0.907269203809838,9,108000,751
TATCTATG,0.8968363,0.9019399661897497,9,108000,751
GATATACT,0.896158,0.937770585082258,9,108000,751
AATTGATA,0.89507407,0.8980538490083702,9,108000,751
GATAGATA,0.89336514,0.9238135488393188,9,108000,751
TATTGATC,0.89279354,0.9107945408815404,9,108000,751
TATCGATC,0.89197516,0.9319774873211562,9,108000,751
GATCTATT,0.89018804,0.8787675751453429,9,108000,751
TATATATT,0.8899259,0.8876633818496681,9,108000,751
CATTGATA,0.8898343,0.9128355255019998,9,108000,751
GATCAATA,0.8869346,0.9107945408815404,9,108000,751
TATGGATA,0.8864973,0.8797571434461716,9,108000,751
GATTGATA,0.8864613,0.9094751164804354,9,108000,751
TATTAATA,0.88630044,0.904795283057766,9,108000,751
AATGTATC,0.885422,0.906454871562281,9,108000,751
AATATACC,0.88259625,0.896033480394178,9,108000,751
AAGATATA,0.87907875,0.8998989815692905,9,108000,751
AATATATA,0.8768922,0.8876633818496681,9,108000,751
TATCCATA,0.87572896,0.8797571434461716,9,108000,751
AATCGATA,0.87436074,0.9179173710468809,9,108000,751
AATAGATA,0.8705536,0.8815816600008246,9,108000,751
GAGAGATA,0.86989176,0.9031047705438503,9,108000,751
TATATCTG,0.86918193,0.8144147115820723,9,108000,751
CATAGATA,0.8685411,0.9019399661897497,9,108000,751
GATCCATA,0.86721176,0.8607801096771532,9,108000,751
GATCTATA,0.8671716,0.8654290190904217,9,108000,751
TAGATACA,0.8669604,0.8346905537459284,9,108000,751
GATATACG,0.8663815,0.8703871685976993,9,108000,751
TATATACG,0.8662159,0.8974766008328866,9,108000,751
GATCTATC,0.86434925,0.8524203191357771,9,108000,751
TAGATATT,0.86288184,0.8711293448233208,9,108000,751
TATATCTT,0.8609834,0.8998989815692905,9,108000,751
TATATACT,0.8579973,0.9302766668041067,9,108000,751
AATAGATC,0.8543278,0.8787675751453429,9,108000,751
TAGCGATA,0.8537543,0.864047746670515,9,108000,751
TATAGATC,0.8535964,0.8654290190904217,9,108000,751
GATCTATG,0.8532462,0.8221354059291635,9,108000,751
GAGATATT,0.8503761,0.8315156887807694,9,108000,751
TATCAATC,0.84986776,0.9094751164804354,9,108000,751
TAGATATG,0.8474159,0.8813858079412856,9,108000,751
CAGATATA,0.846693,0.8144147115820723,9,108000,751
GAGATATG,0.8459364,0.8461427452273945,9,108000,751
GCTATATA,0.8454543,0.8788809631798128,9,108000,751
GAGATACA,0.8451102,0.8964148765101225,9,108000,751
GATAGATC,0.8430336,0.8524203191357771,9,108000,751
AATATCTC,0.8415151,0.8315156887807694,9,108000,751
GATATGTC,0.8394217,0.9292561744938771,9,108000,751
CATATATG,0.8388482,0.8332062012946851,9,108000,751
CATATATT,0.8387939,0.8517709149383581,9,108000,751
TATCTCTA,0.83671314,0.8527192512266524,9,108000,751
TATCCATC,0.8365307,0.8318249288747783,9,108000,751
TATACATA,0.8363241,0.8208159815280583,9,108000,751
TAAATATA,0.8354955,0.840122871397353,9,108000,751
