{"run_id": "11:02:23-01/18/2025", "exp_name": "DirichletPPO", "model_name": "CNN_hidden_size_100_num_filters_32", "landscape_name": "TF_Binding", "rounds": 10, "sequences_batch_size": 100, "model_queries_per_batch": 5000}
sequence,model_score,true_score,round,model_cost,measurement_cost
GCTCGAGC,,0.5502102832639261,0,0,1
GCTCGAGC,0.47427553,0.5502102832639261,1,10000,100
GGTCGAGC,0.46244556,0.35574980414794044,1,10000,100
GCTCGAGT,0.45714572,0.3047767286521255,1,10000,100
CCTCGAGC,0.4557991,0.3609759617366924,1,10000,100
GGTCGAGT,0.45192474,0.45991217581330146,1,10000,100
GTTCGAGT,0.44854358,0.39707458871067497,1,10000,100
GATCGAGC,0.44747818,0.6426112233538119,1,10000,100
GCTCGATC,0.44744778,0.6426112233538119,1,10000,100
GCTCGTGC,0.44669247,0.4142271059250402,1,10000,100
ACTCGAGC,0.4464475,0.3047767286521255,1,10000,100
GCTCGATT,0.44546235,0.32653692326722467,1,10000,100
GCTCGAGA,0.44541818,0.2924689729105677,1,10000,100
CCTCGAGT,0.44472414,0.3790665072362182,1,10000,100
GTTCGAGC,0.44371444,0.21334474085680122,1,10000,100
TCTCGAGC,0.4424465,0.2924689729105677,1,10000,100
GCTCGAGG,0.43963873,0.3609759617366924,1,10000,100
CGTCGAGC,0.43678582,0.34366882447532265,1,10000,100
GATCGAGT,0.43484098,0.6555993073021894,1,10000,100
GGTCGATC,0.43450633,0.5027728528429473,1,10000,100
GCTCGTGT,0.43446067,0.3638415866078423,1,10000,100
GGTCGAGA,0.43430826,0.2789757968086422,1,10000,100
ACTCGAGT,0.4326417,0.4263493176101925,1,10000,100
GGTCGATT,0.43180135,0.4249061971714839,1,10000,100
CCTCGAGA,0.43083116,0.43482249618603885,1,10000,100
GTTCGATT,0.4279447,0.6047602358471117,1,10000,100
GATCGATC,0.42733136,0.7932523811487239,1,10000,100
CATCGAGC,0.42583278,0.41728858285572923,1,10000,100
GTTCGTGC,0.42567325,0.32421762256215725,1,10000,100
GGTCGAGG,0.4252024,0.5245639714674473,1,10000,100
GGTCGTGC,0.42519456,0.4543767781305405,1,10000,100
TCTCGAGT,0.42476454,0.5540757844390385,1,10000,100
GCACGAGC,0.42372364,0.4142271059250402,1,10000,100
CCTCGATC,0.42352158,0.5322640498082712,1,10000,100
GCTCGTTC,0.4233494,0.484105059167938,1,10000,100
GCTCGATA,0.4230754,0.6783181462087164,1,10000,100
AATCGAGC,0.4229805,0.32653692326722467,1,10000,100
GTTCGATC,0.42279968,0.5907207355791035,1,10000,100
CTTCGAGC,0.42272985,0.34007133138168477,1,10000,100
ACTCGAGA,0.42228085,0.5540757844390385,1,10000,100
TGTCGAGC,0.4216889,0.23380612707706266,1,10000,100
ATTCGAGC,0.42165327,0.40437265492928715,1,10000,100
GATCGAGA,0.42131224,0.7499381519811982,1,10000,100
CCTCGTGC,0.42064935,0.32404238650888545,1,10000,100
GTTCGAGA,0.4204241,0.4182369191440234,1,10000,100
GCTCGAAT,0.42027044,0.40437265492928715,1,10000,100
GCTCGAAC,0.41936305,0.21334474085680122,1,10000,100
AGTCGAGC,0.4189223,0.2983651507030058,1,10000,100
ACTCGTGC,0.41875798,0.36955222034387497,1,10000,100
CCTCGAGG,0.4187083,0.6860079165464067,1,10000,100
GTTCGTGT,0.41854906,0.28672741516513417,1,10000,100
GCTCGTGA,0.41713613,0.41161918113223106,1,10000,100
GCTCGGGT,0.4167552,0.525244299674267,1,10000,100
GATCGTGC,0.41657493,0.7648332165092978,1,10000,100
CATCGAGT,0.4164933,0.39310600750422625,1,10000,100
CGTCGAGT,0.41629377,0.4421824104234528,1,10000,100
GCACGAGT,0.4158674,0.36955222034387497,1,10000,100
ACTCGATC,0.41570923,0.6555993073021894,1,10000,100
GATCGATT,0.41445357,0.7759246278810868,1,10000,100
TCTCGAGA,0.4142246,0.5900197913660166,1,10000,100
TCTCGATC,0.41403013,0.7499381519811982,1,10000,100
TATCGAGC,0.41395813,0.6783181462087164,1,10000,100
TTTCGAGC,0.4137488,0.44395538696243764,1,10000,100
GATCGTGT,0.4123652,0.8040139364202367,1,10000,100
GCTCGGTT,0.41234434,0.35283263926112235,1,10000,100
GGTCGTGT,0.41195998,0.3451841009359667,1,10000,100
GCTCGATG,0.41181362,0.41728858285572923,1,10000,100
ACTCGAGG,0.41172257,0.3790665072362182,1,10000,100
GTTCGAGG,0.41150615,0.2298272378674803,1,10000,100
GCTCGGGC,0.41077316,0.21069558405145752,1,10000,100
TTTCGAGT,0.41055593,0.3840349647466293,1,10000,100
ATTCGAGT,0.4103925,0.3132499072279718,1,10000,100
GGTCGATA,0.409541,0.7441141302106956,1,10000,100
GCTCGTGG,0.4088814,0.4696223147651837,1,10000,100
TCTCGAGG,0.40802017,0.43482249618603885,1,10000,100
CCTCGTGT,0.40797487,0.4999381519811982,1,10000,100
GATCGAGG,0.40767884,0.5322640498082712,1,10000,100
ACTCGTGT,0.40737346,0.562765431080691,1,10000,100
ACTCGATT,0.40691915,0.5665484682307343,1,10000,100
TCTCGATT,0.4068183,0.5494681070383046,1,10000,100
TCTCGTGC,0.40661323,0.5399125881334268,1,10000,100
TGTCGAGT,0.40647382,0.4171648868181256,1,10000,100
GTTCGTTC,0.40548635,0.4313177751206036,1,10000,100
GGACGAGC,0.40519813,0.17404032490825877,1,10000,100
AATCGAGA,0.4050258,0.5494681070383046,1,10000,100
GCTCGACC,0.4044517,0.35574980414794044,1,10000,100
GGTCGAAC,0.40442756,0.29694264627056444,1,10000,100
GCTCGCGT,0.40429682,0.19339875479322147,1,10000,100
CATCGAGA,0.40401527,0.5915041438172597,1,10000,100
GCACGTGC,0.40381172,0.4093823444522327,1,10000,100
GTACGAGC,0.4032536,0.46542695748979507,1,10000,100
GGTCGTTC,0.40311605,0.25946274687667503,1,10000,100
GCGCGAGC,0.4030142,0.12242815321815857,1,10000,100
GCTCGTAT,0.40253356,0.6417144270811859,1,10000,100
GCTCGTAC,0.40252718,0.46542695748979507,1,10000,100
GCTCAAGC,0.40246984,0.2830474580464272,1,10000,100
GCTCGACT,0.40153337,0.2983651507030058,1,10000,100
GCGCGTGC,0.4013768,0.2225394796520018,1,10000,100
GATCGATA,0.40129837,0.9319774873211562,1,10000,100
GAACGAGC,0.40119073,0.484105059167938,1,10000,100
GATCGATT,0.5747928,0.7759246278810868,2,20000,199
GATCGATC,0.57131475,0.7932523811487239,2,20000,199
GATCGATA,0.5585193,0.9319774873211562,2,20000,199
TATCGATC,0.5409396,0.9319774873211562,2,20000,199
GATCGATG,0.5375792,0.7170762379911764,2,20000,199
TATCGATT,0.53673625,0.9179173710468809,2,20000,199
AATCGATA,0.536058,0.9179173710468809,2,20000,199
CATCGATC,0.53243375,0.7170762379911764,2,20000,199
GCTCGATT,0.52949303,0.32653692326722467,2,20000,199
GATCGAGT,0.5268055,0.6555993073021894,2,20000,199
GCTCGATC,0.5248055,0.6426112233538119,2,20000,199
GATCGAGA,0.5232907,0.7499381519811982,2,20000,199
CCTCGATC,0.5177479,0.5322640498082712,2,20000,199
GATCGAGC,0.51565754,0.6426112233538119,2,20000,199
ACTCGATC,0.5153545,0.6555993073021894,2,20000,199
CCTCGATT,0.513869,0.39194120315012576,2,20000,199
AATCGAGT,0.5130853,0.5665484682307343,2,20000,199
AATCGAGA,0.51208067,0.5494681070383046,2,20000,199
GCTCGATA,0.51109755,0.6783181462087164,2,20000,199
CATCGAGA,0.50820476,0.5915041438172597,2,20000,199
TCTCGATC,0.50727034,0.7499381519811982,2,20000,199
ACTCGATT,0.5071329,0.5665484682307343,2,20000,199
GATCGTGC,0.50619453,0.7648332165092978,2,20000,199
CATCGAGT,0.50371677,0.39310600750422625,2,20000,199
TCTCGATT,0.50367063,0.5494681070383046,2,20000,199
CCTCGATA,0.4989518,0.747670391291799,2,20000,199
GATCGAGG,0.49804294,0.5322640498082712,2,20000,199
AATCGAAC,0.49463525,0.6047602358471117,2,20000,199
GATCGAAC,0.4945588,0.5907207355791035,2,20000,199
TATCGAGT,0.494393,0.8031686801632787,2,20000,199
GCTCGATG,0.4928801,0.41728858285572923,2,20000,199
AATCGTGC,0.49211836,0.44517173133220633,2,20000,199
TATCGAGA,0.4914215,0.7579680864222983,2,20000,199
AATCGAGC,0.4912066,0.32653692326722467,2,20000,199
GGTCGATT,0.4879338,0.4249061971714839,2,20000,199
CATCGAGC,0.48722446,0.41728858285572923,2,20000,199
GGTCGATC,0.48663828,0.5027728528429473,2,20000,199
TATCGAGC,0.48593664,0.6783181462087164,2,20000,199
CCTCGATG,0.48450282,0.3839112687090257,2,20000,199
GTTCGATT,0.4840792,0.6047602358471117,2,20000,199
TCTCGATA,0.4834425,0.7579680864222983,2,20000,199
CATCGAGG,0.48133907,0.3839112687090257,2,20000,199
ACTCGATG,0.48027474,0.39310600750422625,2,20000,199
AATCGGTC,0.47997245,0.6016575269038882,2,20000,199
GATCGGGC,0.47982693,0.7908196924091866,2,20000,199
CATCGAAC,0.47970635,0.5005772481754834,2,20000,199
GATCGTGG,0.4790592,0.6553003752113141,2,20000,199
AATCGAGG,0.47809353,0.39194120315012576,2,20000,199
GTTCGATC,0.47783026,0.5907207355791035,2,20000,199
GATCGAAA,0.47752264,0.7050364903310931,2,20000,199
GCTCGTTT,0.47743058,0.4917329814868264,2,20000,199
AATCGTGG,0.4764523,0.41496928215066176,2,20000,199
GAACGAGT,0.47644097,0.33585535810002887,2,20000,199
TATCGAAC,0.4762403,0.792293736857296,2,20000,199
GGTCGATA,0.47523022,0.7441141302106956,2,20000,199
TCTCGATG,0.47509435,0.5915041438172597,2,20000,199
CATCGTGC,0.4730856,0.22922937368572963,2,20000,199
TATCGTGC,0.47285715,0.7922215808353607,2,20000,199
CATCGGTC,0.47248206,0.4155980703418134,2,20000,199
CAACGATC,0.4723971,0.7683173215684658,2,20000,199
CGTCGATC,0.4722426,0.6187585041025853,2,20000,199
GAACGAGA,0.47158998,0.3629654063414835,2,20000,199
TATCGAGG,0.47066674,0.747670391291799,2,20000,199
TATCGAAT,0.4699922,0.8419061559394714,2,20000,199
GCTCGTTC,0.46942413,0.484105059167938,2,20000,199
CATCGTGA,0.46871898,0.5237084072073558,2,20000,199
GAACGAGC,0.46779555,0.484105059167938,2,20000,199
GATCGACT,0.46694005,0.7682142415371295,2,20000,199
GATCGACC,0.4667302,0.5027728528429473,2,20000,199
AATCGGGC,0.46625638,0.4548303302684204,2,20000,199
CATCGGGT,0.4657589,0.5559312250030924,2,20000,199
TATCGTGA,0.46476683,0.6982538242691625,2,20000,199
GATCGGGA,0.46295035,0.7070156269327506,2,20000,199
GCACGATC,0.46076196,0.7648332165092978,2,20000,199
AATCGGGA,0.46034575,0.451892549375335,2,20000,199
TATCGGGT,0.45996317,0.8492763781800191,2,20000,199
GATCGGTG,0.4590535,0.7235599719622315,2,20000,199
AGTCGATC,0.45786154,0.7682142415371295,2,20000,199
GATCGGGG,0.45730737,0.7852533707170247,2,20000,199
GGTCGATG,0.45713943,0.43019420277903764,2,20000,199
GCACGATT,0.4567385,0.44517173133220633,2,20000,199
GCTCGAGT,0.45601052,0.3047767286521255,2,20000,199
GCTCGGTT,0.4557514,0.35283263926112235,2,20000,199
TCTCGTTT,0.4551729,0.503762421143776,2,20000,199
GATCGACA,0.4547422,0.6145012988083949,2,20000,199
GCTCGAGC,0.45449334,0.5502102832639261,2,20000,199
GTTCGATA,0.45307407,0.792293736857296,2,20000,199
ACTCGAGT,0.45187777,0.4263493176101925,2,20000,199
CTTCGATC,0.45047534,0.5931431163155074,2,20000,199
TTTCGATC,0.45012304,0.7050364903310931,2,20000,199
AATCGACC,0.4490648,0.4249061971714839,2,20000,199
CCTCGAGT,0.44896823,0.3790665072362182,2,20000,199
GCTAGATC,0.44821027,0.6526821424153713,2,20000,199
GCTCGTTG,0.44786373,0.2672452892425679,2,20000,199
GATCAATC,0.4478416,0.8586257370222241,2,20000,199
TATCGGGC,0.44739494,0.7269306889869295,2,20000,199
ACTCGAAC,0.44731137,0.39707458871067497,2,20000,199
GCTCGTTA,0.4457123,0.46176761637735536,2,20000,199
GCTCGAGA,0.44522554,0.2924689729105677,2,20000,199
GATCGATA,0.84754795,0.9319774873211562,3,30000,298
TATCGATA,0.84441715,0.903001690512514,3,30000,298
TATCGATC,0.83945465,0.9319774873211562,3,30000,298
GATCGATC,0.81825596,0.7932523811487239,3,30000,298
TATCGATT,0.80487204,0.9179173710468809,3,30000,298
GATCGATT,0.8024627,0.7759246278810868,3,30000,298
AATCGATA,0.77898085,0.9179173710468809,3,30000,298
TATCGATG,0.7702396,0.8720158330928133,3,30000,298
TATCGTTA,0.7686074,0.907269203809838,3,30000,298
GATCGATG,0.76783407,0.7170762379911764,3,30000,298
TATCGTTC,0.7619973,0.9060940914526039,3,30000,298
TATCGTTT,0.7618844,0.8701294685193585,3,30000,298
GATCGTTA,0.76094365,0.7776769884138045,3,30000,298
AATCGATC,0.76042634,0.7759246278810868,3,30000,298
CATCGATA,0.760171,0.8720158330928133,3,30000,298
GATCGTTT,0.7552642,0.8059930730218942,3,30000,298
GATCGTTC,0.74908096,0.7276419412031501,3,30000,298
GATCGGTT,0.7248878,0.8264853832515565,3,30000,298
TATCAATA,0.724206,0.9604275759699831,3,30000,298
GATCGGTC,0.724105,0.7470622191069145,3,30000,298
GATCGGTA,0.7235138,0.8333402053354225,3,30000,298
AATCGATT,0.72299176,0.4666948418752319,3,30000,298
TATCGGTC,0.72042525,0.8296808642229827,3,30000,298
TATAGATC,0.7193163,0.8654290190904217,3,30000,298
TATCGGTA,0.7167869,0.8007566074300086,3,30000,298
GATCGTTG,0.71339417,0.7683173215684658,3,30000,298
CATCGATC,0.71061015,0.7170762379911764,3,30000,298
TATCGGTT,0.70877314,0.8930956995010927,3,30000,298
GATCGGTG,0.70526665,0.7235599719622315,3,30000,298
TATAGATA,0.7032508,0.923947552880056,3,30000,298
GATCGAAA,0.7005477,0.7050364903310931,3,30000,298
AATCGATG,0.70037436,0.5873087865418711,3,30000,298
GATCAATA,0.6998989,0.9107945408815404,3,30000,298
CATCGATT,0.6994815,0.5873087865418711,3,30000,298
GATAGATC,0.699268,0.8524203191357771,3,30000,298
AATCGTTA,0.69741195,0.6438584917329815,3,30000,298
TATCGAAA,0.696238,0.882581536304787,3,30000,298
GATAGATA,0.69415456,0.9238135488393188,3,30000,298
GATCAATC,0.69398266,0.8586257370222241,3,30000,298
TATCCATA,0.6930924,0.8797571434461716,3,30000,298
GATCGTGA,0.6879872,0.6706386838741598,3,30000,298
TATCAATT,0.6877184,0.8980538490083702,3,30000,298
TATCCATC,0.68641335,0.8318249288747783,3,30000,298
GAACGATA,0.6847865,0.9060940914526039,3,30000,298
TAACGATC,0.68367803,0.7776769884138045,3,30000,298
TATCGAAT,0.6822601,0.8419061559394714,3,30000,298
AATCGTTT,0.68135077,0.5908959716323754,3,30000,298
GATCGAAC,0.68003297,0.5907207355791035,3,30000,298
GATCCATA,0.6783466,0.8607801096771532,3,30000,298
GATCAATT,0.67430544,0.8019214117841091,3,30000,298
GATCGGGA,0.6730952,0.7070156269327506,3,30000,298
GAACGATC,0.6729269,0.7276419412031501,3,30000,298
GATCCATC,0.67198914,0.8020863398342473,3,30000,298
AATCGTTC,0.67193186,0.5677751206036367,3,30000,298
GATCGTGT,0.6714728,0.8040139364202367,3,30000,298
GAACGTTC,0.6708021,0.39732198078588216,3,30000,298
TATCCATT,0.6704971,0.8322063249907228,3,30000,298
TAACGTTC,0.67004937,0.28954150002061596,3,30000,298
GATCGAAT,0.6698824,0.7222508555642602,3,30000,298
GATCGCTA,0.6692,0.8055601368902816,3,30000,298
TATAGATT,0.6678992,0.7940873294025481,3,30000,298
CATCGATG,0.66752535,0.4242052529583969,3,30000,298
GATCGTAT,0.66609997,0.8832824805178741,3,30000,298
TATCGTGT,0.66339856,0.8639858986517132,3,30000,298
GAACGGTC,0.66265464,0.33680369438832314,3,30000,298
GAACGTTT,0.6607528,0.3277841916463943,3,30000,298
GAACGTTA,0.65829676,0.28954150002061596,3,30000,298
AATCGAAA,0.6578192,0.3800663835401806,3,30000,298
GATCGGGT,0.6573224,0.8435966684533872,3,30000,298
GATAGATT,0.657219,0.6554549952583185,3,30000,298
TATCGCTA,0.65691495,0.864047746670515,3,30000,298
GATCCATT,0.6559587,0.8683667999835072,3,30000,298
TCTCGATA,0.65457034,0.7579680864222983,3,30000,298
GATCGAGA,0.6538518,0.7499381519811982,3,30000,298
TATAGATG,0.65320426,0.7703995382014596,3,30000,298
TAACGTTT,0.6531682,0.4227002845008865,3,30000,298
AATCGGTA,0.652826,0.47743578114047747,3,30000,298
TATCTATC,0.6494035,0.9238135488393188,3,30000,298
GATCGCTC,0.64932626,0.8055395208840144,3,30000,298
GATCGTAA,0.6468586,0.8007256834206077,3,30000,298
AATCGGTC,0.64642483,0.6016575269038882,3,30000,298
GATCGGAT,0.64612645,0.8842720488187028,3,30000,298
TATGGATC,0.64581645,0.8607801096771532,3,30000,298
TCTCGATC,0.6437561,0.7499381519811982,3,30000,298
TATCGAGA,0.643112,0.7579680864222983,3,30000,298
GATCTATA,0.64304984,0.8654290190904217,3,30000,298
TATCGGGT,0.64301175,0.8492763781800191,3,30000,298
TATCAATG,0.64188665,0.9128355255019998,3,30000,298
TATTGATC,0.6416379,0.9107945408815404,3,30000,298
GATGGATA,0.64105827,0.8318249288747783,3,30000,298
TATCATTT,0.64070004,0.9565414587886035,3,30000,298
CATCGTTT,0.64064026,0.439368325567971,3,30000,298
GATCATTT,0.63946223,0.8604605615800107,3,30000,298
GATCATTC,0.6392434,0.8154455118954357,3,30000,298
GATCGACA,0.638707,0.6145012988083949,3,30000,298
GATGGATC,0.63844335,0.8020863398342473,3,30000,298
TTTCGATA,0.63837117,0.882581536304787,3,30000,298
GATCGTGC,0.63757986,0.7648332165092978,3,30000,298
GATAGATG,0.634886,0.7231785758462871,3,30000,298
TATCAATA,1.0642555,0.9604275759699831,4,40000,397
TATCGATA,1.0390885,0.903001690512514,4,40000,397
TATCAATC,0.9928219,0.9094751164804354,4,40000,397
TATAGATA,0.9720876,0.923947552880056,4,40000,397
TATCAATT,0.9702092,0.8980538490083702,4,40000,397
TATCGATC,0.9699425,0.9319774873211562,4,40000,397
TATAAATA,0.9543014,0.8519358429884962,4,40000,397
GATCAATA,0.94259095,0.9107945408815404,4,40000,397
GATCGATA,0.93769294,0.9319774873211562,4,40000,397
TATAGATC,0.93728584,0.8654290190904217,4,40000,397
TATCTATA,0.933926,0.923947552880056,4,40000,397
TATTGATA,0.9176636,0.9604275759699831,4,40000,397
TATAAATC,0.9153598,0.6364882694924339,4,40000,397
TATCCATA,0.9107991,0.8797571434461716,4,40000,397
TATCGATT,0.89632475,0.9179173710468809,4,40000,397
GATAGATA,0.89174944,0.9238135488393188,4,40000,397
TATCAGTA,0.87658995,0.93715210489424,4,40000,397
TATCAAAA,0.8763967,0.9173091988619964,4,40000,397
TATCTATC,0.87536824,0.9238135488393188,4,40000,397
TATGGATA,0.87328905,0.8797571434461716,4,40000,397
TATCGTTA,0.8693118,0.907269203809838,4,40000,397
TATTGATC,0.8685128,0.9107945408815404,4,40000,397
AATCAATA,0.8683328,0.7728734589535315,4,40000,397
TATCCATC,0.8665682,0.8318249288747783,4,40000,397
TATGAATA,0.8626827,0.7762441759782295,4,40000,397
GATCATTT,0.8603378,0.8604605615800107,4,40000,397
TATGGATC,0.8590623,0.8607801096771532,4,40000,397
GATCGTAT,0.8573953,0.8832824805178741,4,40000,397
TATACATA,0.8555089,0.8208159815280583,4,40000,397
GATCGATC,0.8488431,0.7932523811487239,4,40000,397
GATAAATA,0.8464839,0.7781511565579516,4,40000,397
GATCATTA,0.84558237,0.9107945408815404,4,40000,397
GATCGGAT,0.8441652,0.8842720488187028,4,40000,397
GATCAATC,0.8406522,0.8586257370222241,4,40000,397
TATCGCTA,0.8370764,0.864047746670515,4,40000,397
GATAGATC,0.83560795,0.8524203191357771,4,40000,397
AATCGATA,0.8322985,0.9179173710468809,4,40000,397
GATCCATA,0.8322412,0.8607801096771532,4,40000,397
TATCACTA,0.82930934,0.9022492062837587,4,40000,397
GATTGATA,0.826943,0.9094751164804354,4,40000,397
TATCGTAA,0.824846,0.7944790335216262,4,40000,397
GATCTATA,0.82421726,0.8654290190904217,4,40000,397
TATCGGTA,0.8239504,0.8007566074300086,4,40000,397
GATCGTAA,0.8227782,0.8007256834206077,4,40000,397
GATCGTGT,0.8227668,0.8040139364202367,4,40000,397
GATCGTTA,0.8184776,0.7776769884138045,4,40000,397
TAACGATA,0.8179689,0.907269203809838,4,40000,397
GATCAATT,0.81765527,0.8019214117841091,4,40000,397
GATCGTTT,0.8173603,0.8059930730218942,4,40000,397
TATCGGTT,0.81651664,0.8930956995010927,4,40000,397
GATGGATA,0.8150857,0.8318249288747783,4,40000,397
CATCAATA,0.81301963,0.7725126788438544,4,40000,397
TATCGGGA,0.8123563,0.7613697274563972,4,40000,397
TATCGATG,0.81214285,0.8720158330928133,4,40000,397
TATAGAGA,0.812069,0.7286624335133798,4,40000,397
TAACAATA,0.8087386,0.7513297324042386,4,40000,397
GATCGATT,0.8074476,0.7759246278810868,4,40000,397
GATCGGGT,0.8071227,0.8435966684533872,4,40000,397
GATCATTC,0.80524904,0.8154455118954357,4,40000,397
TATCGTTC,0.80523694,0.9060940914526039,4,40000,397
TATCGAGA,0.80244315,0.7579680864222983,4,40000,397
TATCGTGA,0.8021175,0.6982538242691625,4,40000,397
TATCAACA,0.80067426,0.9309466870077928,4,40000,397
GATCGCTA,0.80064905,0.8055601368902816,4,40000,397
GATCGTGA,0.7981069,0.6706386838741598,4,40000,397
TATCGAAT,0.797727,0.8419061559394714,4,40000,397
TATCAGGA,0.7967543,0.8646765348616666,4,40000,397
GATAAATC,0.7961813,0.5355626108110337,4,40000,397
TATCACTC,0.7949832,0.9481816682472273,4,40000,397
GATCAGTA,0.7926151,0.8952191481466212,4,40000,397
TCTCGATA,0.79148227,0.7579680864222983,4,40000,397
TATCCAAA,0.78856575,0.8352678019214118,4,40000,397
GATCAAAA,0.78792584,0.8754999381519812,4,40000,397
TTTCGATA,0.78588665,0.882581536304787,4,40000,397
GATATATA,0.7840623,0.9730445718055498,4,40000,397
TATAAAAA,0.783639,0.6777305900300995,4,40000,397
TATTCATA,0.7831977,0.7762441759782295,4,40000,397
GATCGGGA,0.7830249,0.7070156269327506,4,40000,397
GATGAATA,0.78277516,0.7160248216715458,4,40000,397
TATGGATT,0.7820827,0.6072444646023172,4,40000,397
CATCGATA,0.7814178,0.8720158330928133,4,40000,397
TATCGGTG,0.7810597,0.8311549086710922,4,40000,397
GATTGATC,0.7777354,0.8586257370222241,4,40000,397
GATCGGTA,0.7773793,0.8333402053354225,4,40000,397
GATCGGTT,0.77712184,0.8264853832515565,4,40000,397
GATCGGAA,0.7728811,0.7404754051045233,4,40000,397
GATCATGT,0.7720478,0.8787675751453429,4,40000,397
GATAGTAA,0.77183646,0.7449284624582526,4,40000,397
TATCGCTC,0.77140176,0.8173215684657568,4,40000,397
TAACGATC,0.7713581,0.7776769884138045,4,40000,397
GATTAATA,0.7697134,0.8546056158001072,4,40000,397
GATCATTG,0.76822245,0.8911681029151033,4,40000,397
TATCCAGA,0.7671695,0.8285263678720158,4,40000,397
GATGGATC,0.76686734,0.8020863398342473,4,40000,397
GATCATAA,0.7656501,0.8364119902692451,4,40000,397
AATCTATA,0.7646621,0.7940873294025481,4,40000,397
TATCGGTC,0.7614914,0.8296808642229827,4,40000,397
GATAGATT,0.76068366,0.6554549952583185,4,40000,397
GATAGTGA,0.7602922,0.7860161629489135,4,40000,397
TATCGATA,1.0081677,0.903001690512514,5,50000,496
TATCAATA,1.0016086,0.9604275759699831,5,50000,496
TATCATTA,0.96964216,0.9248546571558158,5,50000,496
TATCATTT,0.96922463,0.9565414587886035,5,50000,496
TATTGATA,0.96626836,0.9604275759699831,5,50000,496
TATCATTC,0.9545918,0.9412340741351586,5,50000,496
TATCTATA,0.95180976,0.923947552880056,5,50000,496
TATCAGTA,0.93996483,0.93715210489424,5,50000,496
TATCGATC,0.9373323,0.9319774873211562,5,50000,496
TATCATTG,0.93014765,0.9399455737434544,5,50000,496
TATAGATA,0.9260957,0.923947552880056,5,50000,496
GATCGATA,0.925725,0.9319774873211562,5,50000,496
GATCATTA,0.9161843,0.9107945408815404,5,50000,496
GATCAATA,0.9024357,0.9107945408815404,5,50000,496
TATATATA,0.89643645,0.9487692244258442,5,50000,496
GATTGATA,0.8952955,0.9094751164804354,5,50000,496
TATCGTAT,0.8934591,0.9657155815775369,5,50000,496
TATCGTTA,0.89280677,0.907269203809838,5,50000,496
TATCTATC,0.8904648,0.9238135488393188,5,50000,496
TATCCATA,0.88677233,0.8797571434461716,5,50000,496
TATCAGTC,0.886387,0.9137632457840268,5,50000,496
GATCAGTA,0.88637316,0.8952191481466212,5,50000,496
TATCAAAA,0.8800697,0.9173091988619964,5,50000,496
TATCAATT,0.8791044,0.8980538490083702,5,50000,496
TATCAATC,0.878856,0.9094751164804354,5,50000,496
TATCATGT,0.87557834,0.9466663917865831,5,50000,496
TATAGATC,0.8754391,0.8654290190904217,5,50000,496
TATCATGA,0.8681951,0.9206180678678927,5,50000,496
TATTGATT,0.8677141,0.7728734589535315,5,50000,496
TAACGATA,0.86764145,0.907269203809838,5,50000,496
GATCTATA,0.86635685,0.8654290190904217,5,50000,496
TATTAATA,0.86465496,0.904795283057766,5,50000,496
TATCGTTT,0.8644043,0.8701294685193585,5,50000,496
TATCGATT,0.86303604,0.9179173710468809,5,50000,496
TATCACTA,0.86251694,0.9022492062837587,5,50000,496
TATCGGTT,0.8616874,0.8930956995010927,5,50000,496
GATAGATA,0.8600933,0.9238135488393188,5,50000,496
TATCGCTA,0.85949117,0.864047746670515,5,50000,496
TATCATAA,0.8528076,0.9177215189873418,5,50000,496
TATCTATT,0.85235184,0.8815816600008246,5,50000,496
TATATATC,0.85076576,0.9730445718055498,5,50000,496
TATCAGGA,0.8480691,0.8646765348616666,5,50000,496
TATCGGTA,0.846396,0.8007566074300086,5,50000,496
TATCAGTT,0.841642,0.9296169546035542,5,50000,496
AATCGATA,0.8415278,0.9179173710468809,5,50000,496
TATCCATT,0.8414824,0.8322063249907228,5,50000,496
GATCGCTA,0.84147805,0.8055601368902816,5,50000,496
TATAAATA,0.84075695,0.8519358429884962,5,50000,496
TATGGATA,0.8402665,0.8797571434461716,5,50000,496
TATCAAAT,0.83854586,0.9692615346555065,5,50000,496
GATCCATA,0.8381058,0.8607801096771532,5,50000,496
TATCCATC,0.83767766,0.8318249288747783,5,50000,496
TATCAGTG,0.8362491,0.9098462045932462,5,50000,496
TATCACTC,0.8355595,0.9481816682472273,5,50000,496
TATTCATA,0.83464086,0.7762441759782295,5,50000,496
TATTAATC,0.8313047,0.8546056158001072,5,50000,496
TTTCGATA,0.83075416,0.882581536304787,5,50000,496
TATCGCTC,0.82975924,0.8173215684657568,5,50000,496
TATCAACA,0.8292242,0.9309466870077928,5,50000,496
GATCACTA,0.828816,0.8728610893497711,5,50000,496
TATTTATA,0.828042,0.8519358429884962,5,50000,496
TATCAGAT,0.8273343,0.9677874902073971,5,50000,496
TATCAGAA,0.8261557,0.8970024326887396,5,50000,496
TATTTATC,0.82530177,0.7781511565579516,5,50000,496
TATCGGTG,0.8242032,0.8311549086710922,5,50000,496
TATTCATC,0.8236295,0.7160248216715458,5,50000,496
TATCTTTA,0.8234708,0.8577598647589989,5,50000,496
TATCAAGA,0.82107365,0.8567290644456356,5,50000,496
TATCATAC,0.82021016,0.9734362759246279,5,50000,496
GATCGATC,0.81999505,0.7932523811487239,5,50000,496
GATTAATA,0.817782,0.8546056158001072,5,50000,496
TATCAATG,0.81539595,0.9128355255019998,5,50000,496
GATCATAA,0.8146958,0.8364119902692451,5,50000,496
GATCAAAA,0.8095879,0.8754999381519812,5,50000,496
TATCTGTA,0.80857384,0.7840988743660577,5,50000,496
TATCGTTG,0.807718,0.8399476353440812,5,50000,496
TATTAATT,0.8075012,0.8082814497175608,5,50000,496
TATATATG,0.80732846,0.9319774873211562,5,50000,496
TATTATTA,0.8053547,0.8161773801179235,5,50000,496
GATCAGTT,0.8043865,0.8914361109965778,5,50000,496
CATCGATA,0.80416995,0.8720158330928133,5,50000,496
TATCTGAT,0.80263835,0.9222261163567395,5,50000,496
TATATATT,0.80217886,0.8876633818496681,5,50000,496
TATCTGTT,0.801948,0.8151259637982929,5,50000,496
TATCATCA,0.80068105,0.9240506329113924,5,50000,496
AATCAATA,0.7975761,0.7728734589535315,5,50000,496
GATCAATC,0.7974928,0.8586257370222241,5,50000,496
GATCAGGA,0.7935581,0.8098998062095412,5,50000,496
AATCTATA,0.78917176,0.7940873294025481,5,50000,496
CATCAATA,0.7875361,0.7725126788438544,5,50000,496
TATCACTT,0.787171,0.9290706304374717,5,50000,496
TATCAGAC,0.78690445,0.8317836968622437,5,50000,496
TATCCAAA,0.786392,0.8352678019214118,5,50000,496
TTATCATA,0.78598213,0.8397723992908095,5,50000,496
TATCGATG,0.785058,0.8720158330928133,5,50000,496
TATCTTTC,0.7847439,0.8339277615140395,5,50000,496
CATTGATA,0.7844108,0.9128355255019998,5,50000,496
TCTCGATA,0.7836079,0.7579680864222983,5,50000,496
GATGGATC,0.7826026,0.8020863398342473,5,50000,496
TATCGATA,0.98565423,0.903001690512514,6,60000,595
TATCAATA,0.9650781,0.9604275759699831,6,60000,595
TATCTATA,0.95718104,0.923947552880056,6,60000,595
TATCATTT,0.95172626,0.9565414587886035,6,60000,595
TATATATA,0.9361394,0.9487692244258442,6,60000,595
TATCATTA,0.93564284,0.9248546571558158,6,60000,595
GATCGATA,0.9333708,0.9319774873211562,6,60000,595
TATCATTC,0.9246233,0.9412340741351586,6,60000,595
TATCATTG,0.9210104,0.9399455737434544,6,60000,595
TATTGATA,0.9177641,0.9604275759699831,6,60000,595
TATCGATC,0.917467,0.9319774873211562,6,60000,595
TATCAGTA,0.9165859,0.93715210489424,6,60000,595
TATAGATA,0.9142556,0.923947552880056,6,60000,595
TATCTATC,0.9120383,0.9238135488393188,6,60000,595
GATCAATA,0.9087762,0.9107945408815404,6,60000,595
TATCATGG,0.9081945,0.8570176885333773,6,60000,595
TATCATGT,0.90791917,0.9466663917865831,6,60000,595
TATATATG,0.90440345,0.9319774873211562,6,60000,595
TATCAATT,0.9017157,0.8980538490083702,6,60000,595
TATCAGTT,0.90057355,0.9296169546035542,6,60000,595
TATCGTAT,0.89930797,0.9657155815775369,6,60000,595
TATCAAAT,0.8988696,0.9692615346555065,6,60000,595
GATCTATA,0.89289016,0.8654290190904217,6,60000,595
TATCAGTC,0.8906523,0.9137632457840268,6,60000,595
TATCATAG,0.8895574,0.9232466086669691,6,60000,595
TATCAAAA,0.8875521,0.9173091988619964,6,60000,595
TATCATAA,0.88733125,0.9177215189873418,6,60000,595
GATAGATA,0.8857771,0.9238135488393188,6,60000,595
TATATATT,0.88341534,0.8876633818496681,6,60000,595
TATCAGTG,0.8819954,0.9098462045932462,6,60000,595
TAACGATA,0.8799869,0.907269203809838,6,60000,595
TATCAATC,0.87845093,0.9094751164804354,6,60000,595
TATCTATT,0.87836146,0.8815816600008246,6,60000,595
TATCACTA,0.8754076,0.9022492062837587,6,60000,595
TATCGATT,0.8750644,0.9179173710468809,6,60000,595
TATCATAC,0.8736964,0.9734362759246279,6,60000,595
TATCACTC,0.8730436,0.9481816682472273,6,60000,595
TATCGTTC,0.8720836,0.9060940914526039,6,60000,595
TATCCATA,0.87193394,0.8797571434461716,6,60000,595
TATCAACA,0.8690546,0.9309466870077928,6,60000,595
TATCAGGT,0.86791587,0.8918587391250568,6,60000,595
TATCATGA,0.86758405,0.9206180678678927,6,60000,595
TATCGGTT,0.8674859,0.8930956995010927,6,60000,595
TATAGATC,0.86323935,0.8654290190904217,6,60000,595
AATCGATA,0.8628238,0.9179173710468809,6,60000,595
GATCATTA,0.8605583,0.9107945408815404,6,60000,595
TATCATCG,0.8592361,0.94793427617202,6,60000,595
TATCACTT,0.8572218,0.9290706304374717,6,60000,595
TATCGTTT,0.8559728,0.8701294685193585,6,60000,595
TATCAGAA,0.85587096,0.8970024326887396,6,60000,595
TTTCGATA,0.8551786,0.882581536304787,6,60000,595
TATGGATC,0.8540296,0.8607801096771532,6,60000,595
TATCATCT,0.85356545,0.9501298808394838,6,60000,595
TATCGTTA,0.8534344,0.907269203809838,6,60000,595
GATCCATA,0.8531565,0.8607801096771532,6,60000,595
TATCCATT,0.852647,0.8322063249907228,6,60000,595
TATCAGGA,0.8516179,0.8646765348616666,6,60000,595
GATCACTA,0.84899795,0.8728610893497711,6,60000,595
TATTAATA,0.84526014,0.904795283057766,6,60000,595
TATCAATG,0.8450699,0.9128355255019998,6,60000,595
TATCATCA,0.84428746,0.9240506329113924,6,60000,595
CATTGATA,0.8432684,0.9128355255019998,6,60000,595
TATCATGC,0.84268403,0.9233084566857709,6,60000,595
TATCAAGA,0.83894205,0.8567290644456356,6,60000,595
TATGGATA,0.8379305,0.8797571434461716,6,60000,595
GAACGATA,0.83620834,0.9060940914526039,6,60000,595
TATCGTGT,0.83608705,0.8639858986517132,6,60000,595
GATCATTG,0.83534735,0.8911681029151033,6,60000,595
TATCAAAG,0.83336586,0.9340390879478827,6,60000,595
GATCATGA,0.83264494,0.8310415206366223,6,60000,595
TATCACAT,0.8324812,0.9387086133674185,6,60000,595
TATCAGGG,0.83229685,0.8778398548633158,6,60000,595
TATCGCTA,0.82986563,0.864047746670515,6,60000,595
TATCTTTT,0.82835203,0.8813342679256174,6,60000,595
GATCAAAA,0.82715523,0.8754999381519812,6,60000,595
TATCAGAG,0.8257959,0.8497093143116315,6,60000,595
GATCATAG,0.8250425,0.8673463076732776,6,60000,595
GATTAATA,0.82335776,0.8546056158001072,6,60000,595
GATCAATC,0.82267934,0.8586257370222241,6,60000,595
TATTAATC,0.8225655,0.8546056158001072,6,60000,595
TTACGATA,0.8224586,0.7944790335216262,6,60000,595
TATCGCTC,0.8218077,0.8173215684657568,6,60000,595
CATCGATA,0.8204463,0.8720158330928133,6,60000,595
TATCAACT,0.82022625,0.9025996783903023,6,60000,595
GATCGATC,0.8181907,0.7932523811487239,6,60000,595
TATCGAAT,0.8167519,0.8419061559394714,6,60000,595
TATTTATT,0.8164127,0.7270646930276666,6,60000,595
TATCTTTA,0.8154548,0.8577598647589989,6,60000,595
TATCCATC,0.81540483,0.8318249288747783,6,60000,595
TATAAATA,0.81464237,0.8519358429884962,6,60000,595
TATTTATA,0.81434005,0.8519358429884962,6,60000,595
GATCGCTA,0.81380326,0.8055601368902816,6,60000,595
TATCGATG,0.81236076,0.8720158330928133,6,60000,595
TATCACTG,0.8102649,0.9295344905784851,6,60000,595
AATCTATA,0.8095954,0.7940873294025481,6,60000,595
TATTAATT,0.8094073,0.8082814497175608,6,60000,595
TATAGATG,0.8089428,0.7703995382014596,6,60000,595
GATCCATT,0.8087299,0.8683667999835072,6,60000,595
TATCCAAT,0.8081209,0.8540695996371583,6,60000,595
TATCGATA,0.9908769,0.903001690512514,7,70000,694
TATCAAAT,0.96660495,0.9692615346555065,7,70000,694
TATCATAT,0.9657403,0.9761988207644415,7,70000,694
TATCAGAT,0.96313125,0.9677874902073971,7,70000,694
TATATATA,0.957632,0.9487692244258442,7,70000,694
GATCGATA,0.9539579,0.9319774873211562,7,70000,694
TATCAATA,0.9506147,0.9604275759699831,7,70000,694
TATCATTA,0.9502362,0.9248546571558158,7,70000,694
TATCGATC,0.94976115,0.9319774873211562,7,70000,694
TATCAGTA,0.9488686,0.93715210489424,7,70000,694
TATTGATA,0.9468634,0.9604275759699831,7,70000,694
TATAGATA,0.9457096,0.923947552880056,7,70000,694
TATCATTC,0.9451002,0.9412340741351586,7,70000,694
TATCTATA,0.9375455,0.923947552880056,7,70000,694
GATTGATA,0.93723345,0.9094751164804354,7,70000,694
GATATATA,0.93122023,0.9730445718055498,7,70000,694
GATAGATA,0.9301295,0.9238135488393188,7,70000,694
GATCAATA,0.9267088,0.9107945408815404,7,70000,694
TATCAGTT,0.9258039,0.9296169546035542,7,70000,694
TATCATTG,0.92492235,0.9399455737434544,7,70000,694
TATCATTT,0.92080945,0.9565414587886035,7,70000,694
AATCGATA,0.9201929,0.9179173710468809,7,70000,694
GATCAGTA,0.91890836,0.8952191481466212,7,70000,694
TATCAGTC,0.9189016,0.9137632457840268,7,70000,694
TATATATG,0.9188841,0.9319774873211562,7,70000,694
TATCAATT,0.918654,0.8980538490083702,7,70000,694
TATCAAAA,0.91474307,0.9173091988619964,7,70000,694
TATCATGT,0.91367644,0.9466663917865831,7,70000,694
TATCACTA,0.91264635,0.9022492062837587,7,70000,694
CATTGATA,0.91100246,0.9128355255019998,7,70000,694
TATCACTC,0.90904856,0.9481816682472273,7,70000,694
TATCGATT,0.9073752,0.9179173710468809,7,70000,694
TATCAATC,0.9063301,0.9094751164804354,7,70000,694
TATCATAA,0.9023842,0.9177215189873418,7,70000,694
TATCATAC,0.8989855,0.9734362759246279,7,70000,694
TATCATCT,0.89856863,0.9501298808394838,7,70000,694
GATCAGAT,0.89764994,0.9227312085102873,7,70000,694
TATCACAT,0.897176,0.9387086133674185,7,70000,694
TATTGATC,0.89709,0.9107945408815404,7,70000,694
TATCAACA,0.8937011,0.9309466870077928,7,70000,694
TAACGATA,0.89331234,0.907269203809838,7,70000,694
TATATATT,0.8924073,0.8876633818496681,7,70000,694
TATCATGA,0.89211637,0.9206180678678927,7,70000,694
GAACGATA,0.89124995,0.9060940914526039,7,70000,694
TATTAATA,0.8893507,0.904795283057766,7,70000,694
TATCATCA,0.8870965,0.9240506329113924,7,70000,694
TATCATCG,0.8860221,0.94793427617202,7,70000,694
GATTAATA,0.8854984,0.8546056158001072,7,70000,694
TATCGTTA,0.884994,0.907269203809838,7,70000,694
TATCTATC,0.88498795,0.9238135488393188,7,70000,694
TATCACTT,0.88450724,0.9290706304374717,7,70000,694
GATCAAAT,0.88367087,0.7559477178081062,7,70000,694
TATCTATT,0.8834184,0.8815816600008246,7,70000,694
TATCATGG,0.8827383,0.8570176885333773,7,70000,694
TATCAGTG,0.88205487,0.9098462045932462,7,70000,694
CATCGATA,0.88195497,0.8720158330928133,7,70000,694
GATCACTA,0.881482,0.8728610893497711,7,70000,694
TATCAACT,0.8809541,0.9025996783903023,7,70000,694
TATAGATC,0.8802185,0.8654290190904217,7,70000,694
TTTCGATA,0.87848884,0.882581536304787,7,70000,694
TATCCATA,0.87767226,0.8797571434461716,7,70000,694
TATCAGAA,0.87752616,0.8970024326887396,7,70000,694
TATGGATA,0.8765104,0.8797571434461716,7,70000,694
TATCAATG,0.8754589,0.9128355255019998,7,70000,694
TATCAAAG,0.87252367,0.9340390879478827,7,70000,694
TATCAGAC,0.8703782,0.8317836968622437,7,70000,694
TATCGTTC,0.867752,0.9060940914526039,7,70000,694
GATCAGTT,0.8673507,0.8914361109965778,7,70000,694
GATCCATA,0.8661799,0.8607801096771532,7,70000,694
GATCATTA,0.86473966,0.9107945408815404,7,70000,694
TATTAATC,0.86287016,0.8546056158001072,7,70000,694
TATCACTG,0.8627031,0.9295344905784851,7,70000,694
GATCAAAA,0.86144674,0.8754999381519812,7,70000,694
TATCATGC,0.8592699,0.9233084566857709,7,70000,694
TATCAGGA,0.85718834,0.8646765348616666,7,70000,694
GATAGATC,0.8553741,0.8524203191357771,7,70000,694
TATCAGAG,0.8548796,0.8497093143116315,7,70000,694
GATCTATA,0.8546712,0.8654290190904217,7,70000,694
TATGGATC,0.85405827,0.8607801096771532,7,70000,694
TATCACAG,0.84996045,0.9134436976868842,7,70000,694
TATAAATA,0.8496525,0.8519358429884962,7,70000,694
GATCAATC,0.8472021,0.8586257370222241,7,70000,694
TATCTCTA,0.845604,0.8527192512266524,7,70000,694
GATCGATC,0.84527856,0.7932523811487239,7,70000,694
TATCGTTT,0.8450037,0.8701294685193585,7,70000,694
GATCATTC,0.8449206,0.8154455118954357,7,70000,694
TATCAACG,0.8445877,0.9195048035294603,7,70000,694
GATGGATA,0.84447753,0.8318249288747783,7,70000,694
GATGGATC,0.8440347,0.8020863398342473,7,70000,694
GATCATTG,0.84336126,0.8911681029151033,7,70000,694
TATCTTTA,0.8432662,0.8577598647589989,7,70000,694
AATTGATA,0.8430769,0.8980538490083702,7,70000,694
GATCATGT,0.84184426,0.8787675751453429,7,70000,694
TATCTAAT,0.8395569,0.8712221168515235,7,70000,694
TATCTTTT,0.8381968,0.8813342679256174,7,70000,694
TATTTATA,0.83777225,0.8519358429884962,7,70000,694
TATCGATG,0.8370528,0.8720158330928133,7,70000,694
TTTTGATA,0.83625793,0.9173091988619964,7,70000,694
GATCATGA,0.836249,0.8310415206366223,7,70000,694
TATCATAT,0.9888437,0.9761988207644415,8,80000,793
TATCAATA,0.9756255,0.9604275759699831,8,80000,793
TATCAAAT,0.97179586,0.9692615346555065,8,80000,793
TATCATTT,0.9661372,0.9565414587886035,8,80000,793
TATCAGAT,0.96387887,0.9677874902073971,8,80000,793
TATTGATA,0.96316653,0.9604275759699831,8,80000,793
TATCGTAT,0.9605855,0.9657155815775369,8,80000,793
TATCGATA,0.95622694,0.903001690512514,8,80000,793
TATCATCT,0.9522722,0.9501298808394838,8,80000,793
TATCATTG,0.95082825,0.9399455737434544,8,80000,793
TATCGATC,0.94930816,0.9319774873211562,8,80000,793
GATATATA,0.94631666,0.9730445718055498,8,80000,793
TATATATA,0.946303,0.9487692244258442,8,80000,793
TATCTATA,0.94626194,0.923947552880056,8,80000,793
TATCATTA,0.94568545,0.9248546571558158,8,80000,793
TATCATTC,0.94560033,0.9412340741351586,8,80000,793
TATATATC,0.944339,0.9730445718055498,8,80000,793
TATCATAC,0.9421614,0.9734362759246279,8,80000,793
GATTGATA,0.9403245,0.9094751164804354,8,80000,793
CATTGATA,0.9400123,0.9128355255019998,8,80000,793
TATCACTC,0.9395011,0.9481816682472273,8,80000,793
TATCATCG,0.9382911,0.94793427617202,8,80000,793
TATCAACA,0.9364975,0.9309466870077928,8,80000,793
TATAGATA,0.9349674,0.923947552880056,8,80000,793
TATTGATC,0.93457055,0.9107945408815404,8,80000,793
TATCATAG,0.93410426,0.9232466086669691,8,80000,793
TATCATGT,0.93385875,0.9466663917865831,8,80000,793
TATCAAAA,0.9321096,0.9173091988619964,8,80000,793
TATCAACT,0.93189657,0.9025996783903023,8,80000,793
TATCATCA,0.9297629,0.9240506329113924,8,80000,793
GATCAATA,0.9275676,0.9107945408815404,8,80000,793
TATCAGTT,0.9244232,0.9296169546035542,8,80000,793
GATAGATA,0.9235057,0.9238135488393188,8,80000,793
TATCACTA,0.9224738,0.9022492062837587,8,80000,793
TATCAGTA,0.922193,0.93715210489424,8,80000,793
TATCATAA,0.91910034,0.9177215189873418,8,80000,793
TATCAATC,0.91800886,0.9094751164804354,8,80000,793
TATCAATT,0.91772616,0.8980538490083702,8,80000,793
TATCACTT,0.91768384,0.9290706304374717,8,80000,793
TATCACTG,0.914973,0.9295344905784851,8,80000,793
TATCAGTC,0.9121196,0.9137632457840268,8,80000,793
GATCGATA,0.90924865,0.9319774873211562,8,80000,793
TATCATGA,0.9081158,0.9206180678678927,8,80000,793
TATCTATC,0.9064036,0.9238135488393188,8,80000,793
TATCAAAG,0.9061773,0.9340390879478827,8,80000,793
TATCGATT,0.90503377,0.9179173710468809,8,80000,793
TATCAATG,0.9040947,0.9128355255019998,8,80000,793
TATTAATA,0.9022849,0.904795283057766,8,80000,793
TATCACAG,0.90204835,0.9134436976868842,8,80000,793
TAACGATA,0.90065044,0.907269203809838,8,80000,793
TTTTGATA,0.89844036,0.9173091988619964,8,80000,793
AATCGATA,0.8970287,0.9179173710468809,8,80000,793
TATCAGTG,0.89591646,0.9098462045932462,8,80000,793
GATCATTT,0.8926634,0.8604605615800107,8,80000,793
TATCGTTA,0.892579,0.907269203809838,8,80000,793
TTTCGATA,0.89197844,0.882581536304787,8,80000,793
TATCAACG,0.89097315,0.9195048035294603,8,80000,793
GATCACTA,0.89036614,0.8728610893497711,8,80000,793
TATCACCT,0.89018065,0.9200923597080775,8,80000,793
GATCAGTA,0.88449484,0.8952191481466212,8,80000,793
GATCATTA,0.8842621,0.9107945408815404,8,80000,793
GATCATGT,0.883152,0.8787675751453429,8,80000,793
TATCAGAA,0.8824323,0.8970024326887396,8,80000,793
GAACGATA,0.8821146,0.9060940914526039,8,80000,793
TATCCATA,0.88010067,0.8797571434461716,8,80000,793
AATTGATA,0.87939614,0.8980538490083702,8,80000,793
TATGGATA,0.87243384,0.8797571434461716,8,80000,793
TATCAAGA,0.87150985,0.8567290644456356,8,80000,793
GATTAATA,0.8696987,0.8546056158001072,8,80000,793
TATAGATC,0.86800563,0.8654290190904217,8,80000,793
TATCTATT,0.86569417,0.8815816600008246,8,80000,793
TATTAATC,0.8651576,0.8546056158001072,8,80000,793
TATCAGAC,0.8642008,0.8317836968622437,8,80000,793
TATAAATA,0.8629129,0.8519358429884962,8,80000,793
TATCTTTA,0.8627862,0.8577598647589989,8,80000,793
GATCCATA,0.8627077,0.8607801096771532,8,80000,793
GATCACTC,0.8626219,0.8390611470745887,8,80000,793
TATGGATC,0.860286,0.8607801096771532,8,80000,793
TATCAGGA,0.8583229,0.8646765348616666,8,80000,793
TATCGCTA,0.857471,0.864047746670515,8,80000,793
GATCAAAA,0.857442,0.8754999381519812,8,80000,793
GATCTATA,0.8573837,0.8654290190904217,8,80000,793
TATCGATG,0.8573744,0.8720158330928133,8,80000,793
TATCGGTT,0.8561169,0.8930956995010927,8,80000,793
TATCACCG,0.8546665,0.9123407413515854,8,80000,793
TATCAAAC,0.8545412,0.9073001278192389,8,80000,793
TATCATCC,0.8543565,0.9454912794293491,8,80000,793
GATCAATC,0.8511164,0.8586257370222241,8,80000,793
GAATGATA,0.85091573,0.9412340741351586,8,80000,793
TATCGTAG,0.8503287,0.8402465674349565,8,80000,793
TATCCAAA,0.8503265,0.8352678019214118,8,80000,793
TATCCATT,0.8500359,0.8322063249907228,8,80000,793
TTATAATA,0.84821504,0.7535459530779698,8,80000,793
GATCATTC,0.84743345,0.8154455118954357,8,80000,793
TTATAATC,0.8473432,0.7768935801756484,8,80000,793
TATCGAAT,0.8473194,0.8419061559394714,8,80000,793
CATTGATC,0.8448979,0.7955922978600585,8,80000,793
ATTCGATA,0.8444484,0.8419061559394714,8,80000,793
TATCGCTC,0.84430623,0.8173215684657568,8,80000,793
TATCAAAT,0.9815279,0.9692615346555065,9,90000,892
TATATATA,0.9682974,0.9487692244258442,9,90000,892
TATCAATA,0.9627195,0.9604275759699831,9,90000,892
TATTGATA,0.96133304,0.9604275759699831,9,90000,892
TATAGATA,0.9576429,0.923947552880056,9,90000,892
TATCATCT,0.945133,0.9501298808394838,9,90000,892
TATCGATA,0.9438281,0.903001690512514,9,90000,892
TATCATTG,0.9368643,0.9399455737434544,9,90000,892
TATCATAC,0.93440324,0.9734362759246279,9,90000,892
TATCACAT,0.9342499,0.9387086133674185,9,90000,892
TATCACTC,0.9334084,0.9481816682472273,9,90000,892
TATCAACT,0.93219817,0.9025996783903023,9,90000,892
TATCAACA,0.9319393,0.9309466870077928,9,90000,892
TATCTATA,0.9319076,0.923947552880056,9,90000,892
TATCTATC,0.93132097,0.9238135488393188,9,90000,892
TATCAGTT,0.9305427,0.9296169546035542,9,90000,892
TATATATG,0.9299042,0.9319774873211562,9,90000,892
TATCGATC,0.9297825,0.9319774873211562,9,90000,892
GATCGATA,0.9277667,0.9319774873211562,9,90000,892
TATCATTT,0.9260524,0.9565414587886035,9,90000,892
TAACGATA,0.9259602,0.907269203809838,9,90000,892
TATCATCG,0.9249395,0.94793427617202,9,90000,892
TATCATAG,0.9239989,0.9232466086669691,9,90000,892
TATCATTC,0.9233726,0.9412340741351586,9,90000,892
TATCAAAG,0.92138237,0.9340390879478827,9,90000,892
TATCAAAA,0.9210949,0.9173091988619964,9,90000,892
TATTGATC,0.9194615,0.9107945408815404,9,90000,892
TATCACTA,0.9171804,0.9022492062837587,9,90000,892
TATCATAA,0.9154719,0.9177215189873418,9,90000,892
TATCACTG,0.915391,0.9295344905784851,9,90000,892
TATCATCA,0.91463244,0.9240506329113924,9,90000,892
TATTAATA,0.9139422,0.904795283057766,9,90000,892
TATCACTT,0.91355157,0.9290706304374717,9,90000,892
TTTTGATA,0.9107595,0.9173091988619964,9,90000,892
TATCAATC,0.90821606,0.9094751164804354,9,90000,892
TATCATGT,0.9080291,0.9466663917865831,9,90000,892
GATCAATA,0.90759337,0.9107945408815404,9,90000,892
GATATATC,0.9051011,0.9725188636457345,9,90000,892
TATCACCT,0.90292865,0.9200923597080775,9,90000,892
TATCAATT,0.9025741,0.8980538490083702,9,90000,892
TATCAATG,0.9025162,0.9128355255019998,9,90000,892
TATCATGA,0.9003627,0.9206180678678927,9,90000,892
TATCTATT,0.899442,0.8815816600008246,9,90000,892
TATCATTA,0.8983239,0.9248546571558158,9,90000,892
TATCTACT,0.8982388,0.871067496804519,9,90000,892
TATCAGTA,0.89773226,0.93715210489424,9,90000,892
GATTGATA,0.89740366,0.9094751164804354,9,90000,892
TATCAACG,0.8973613,0.9195048035294603,9,90000,892
TATCAGTC,0.8972666,0.9137632457840268,9,90000,892
TATCAAAC,0.89371485,0.9073001278192389,9,90000,892
TATCGATT,0.8906472,0.9179173710468809,9,90000,892
TTTCGATA,0.8901187,0.882581536304787,9,90000,892
TATCTAAT,0.88830394,0.8712221168515235,9,90000,892
TATCATGC,0.88795114,0.9233084566857709,9,90000,892
TATCAGTG,0.88711804,0.9098462045932462,9,90000,892
TATCAAGA,0.8851003,0.8567290644456356,9,90000,892
GATCACTA,0.8800746,0.8728610893497711,9,90000,892
TATCCATA,0.8785861,0.8797571434461716,9,90000,892
TATCGATG,0.8775206,0.8720158330928133,9,90000,892
TATAGATC,0.8772996,0.8654290190904217,9,90000,892
TATCGGTT,0.877177,0.8930956995010927,9,90000,892
AATTGATA,0.87669915,0.8980538490083702,9,90000,892
TATGGATA,0.8752947,0.8797571434461716,9,90000,892
TATCAGGT,0.8748383,0.8918587391250568,9,90000,892
GATTAATA,0.8694902,0.8546056158001072,9,90000,892
TATTAATC,0.869283,0.8546056158001072,9,90000,892
AATCGATA,0.8677015,0.9179173710468809,9,90000,892
GATTGATC,0.8666759,0.8586257370222241,9,90000,892
GATCTATA,0.8651161,0.8654290190904217,9,90000,892
TATCAGAA,0.86426276,0.8970024326887396,9,90000,892
CATTGATA,0.8638036,0.9128355255019998,9,90000,892
GATCACTC,0.8636112,0.8390611470745887,9,90000,892
TATCACAC,0.86306715,0.9519956294066714,9,90000,892
TAATGATA,0.86167175,0.9248546571558158,9,90000,892
TATCTTTC,0.86105347,0.8339277615140395,9,90000,892
TATCGGTG,0.8596729,0.8311549086710922,9,90000,892
GATCAAAT,0.8579104,0.7559477178081062,9,90000,892
TATCCAAA,0.85574585,0.8352678019214118,9,90000,892
TATCGCTA,0.854861,0.864047746670515,9,90000,892
GATCATTG,0.8544817,0.8911681029151033,9,90000,892
GATCATCT,0.8536568,0.9131756896054097,9,90000,892
TATCTTTT,0.8533415,0.8813342679256174,9,90000,892
TATTTATA,0.8519767,0.8519358429884962,9,90000,892
GATCAGTA,0.8518174,0.8952191481466212,9,90000,892
TATCGTTG,0.8517184,0.8399476353440812,9,90000,892
GATCAACA,0.8516615,0.8014060116274276,9,90000,892
TATCTGTT,0.8514248,0.8151259637982929,9,90000,892
TATCAGAC,0.8508192,0.8317836968622437,9,90000,892
TATCCAAT,0.85050446,0.8540695996371583,9,90000,892
TCACGATA,0.8493339,0.6982538242691625,9,90000,892
GATCAATC,0.8485553,0.8586257370222241,9,90000,892
GATCAAAA,0.84817374,0.8754999381519812,9,90000,892
GATCATCG,0.8480844,0.8837360326557538,9,90000,892
TATCATGG,0.847302,0.8570176885333773,9,90000,892
TATCACAA,0.84723544,0.907743371953985,9,90000,892
TATCCATT,0.8470364,0.8322063249907228,9,90000,892
TATCAACC,0.84443337,0.8999814455943594,9,90000,892
TATCAGGA,0.8443316,0.8646765348616666,9,90000,892
GATCATTT,0.84271115,0.8604605615800107,9,90000,892
TATCAGAT,0.9493001,0.9677874902073971,10,100000,991
TATATATA,0.9487239,0.9487692244258442,10,100000,991
TATATATC,0.94732237,0.9730445718055498,10,100000,991
TATCATCT,0.94071305,0.9501298808394838,10,100000,991
TATCATGT,0.93645334,0.9466663917865831,10,100000,991
TATCATTT,0.9357884,0.9565414587886035,10,100000,991
TATCAATA,0.934807,0.9604275759699831,10,100000,991
TATCAAAT,0.9319666,0.9692615346555065,10,100000,991
TATCATTA,0.9238161,0.9248546571558158,10,100000,991
TATCATTG,0.9222686,0.9399455737434544,10,100000,991
TATTGATA,0.9211,0.9604275759699831,10,100000,991
TATCATCG,0.91950476,0.94793427617202,10,100000,991
TATCACTC,0.91879505,0.9481816682472273,10,100000,991
TATCAGTA,0.9166447,0.93715210489424,10,100000,991
TATCATTC,0.91656566,0.9412340741351586,10,100000,991
TATCAGTT,0.9158703,0.9296169546035542,10,100000,991
TATAGATA,0.91429335,0.923947552880056,10,100000,991
TATCATGA,0.9093357,0.9206180678678927,10,100000,991
TATCACCT,0.9087476,0.9200923597080775,10,100000,991
TATCAACA,0.9074907,0.9309466870077928,10,100000,991
TATCACAG,0.90694076,0.9134436976868842,10,100000,991
TATCAACT,0.9069014,0.9025996783903023,10,100000,991
TATCACCG,0.9047973,0.9123407413515854,10,100000,991
GATAGATA,0.90474635,0.9238135488393188,10,100000,991
TATCATCA,0.904271,0.9240506329113924,10,100000,991
GAATGATA,0.9041076,0.9412340741351586,10,100000,991
TATCGATA,0.9018636,0.903001690512514,10,100000,991
TATCAAAA,0.9009637,0.9173091988619964,10,100000,991
TATCACTA,0.9005499,0.9022492062837587,10,100000,991
TATCACTT,0.899827,0.9290706304374717,10,100000,991
TATCAACG,0.89905095,0.9195048035294603,10,100000,991
TATCATAA,0.89876026,0.9177215189873418,10,100000,991
TATCACTG,0.89809513,0.9295344905784851,10,100000,991
TATCTATA,0.89617825,0.923947552880056,10,100000,991
TATCAAAG,0.8956357,0.9340390879478827,10,100000,991
GATCGATA,0.89326346,0.9319774873211562,10,100000,991
GATCAATA,0.8928225,0.9107945408815404,10,100000,991
TATCTATC,0.8927632,0.9238135488393188,10,100000,991
TATCAGTG,0.8912802,0.9098462045932462,10,100000,991
GATCAGAT,0.8896282,0.9227312085102873,10,100000,991
TATCGATC,0.88893974,0.9319774873211562,10,100000,991
GATCAGTA,0.88816166,0.8952191481466212,10,100000,991
GATCATTA,0.88708735,0.9107945408815404,10,100000,991
TATCAGTC,0.8864383,0.9137632457840268,10,100000,991
TATCAATG,0.886433,0.9128355255019998,10,100000,991
TTTTGATA,0.8835445,0.9173091988619964,10,100000,991
TAATGATA,0.8823296,0.9248546571558158,10,100000,991
TATCGATT,0.88190037,0.9179173710468809,10,100000,991
TATCAATT,0.8805632,0.8980538490083702,10,100000,991
TATCAATC,0.87974846,0.9094751164804354,10,100000,991
TATCACAA,0.8792989,0.907743371953985,10,100000,991
TATCCATA,0.87803704,0.8797571434461716,10,100000,991
TATCAAAC,0.8775869,0.9073001278192389,10,100000,991
CATTGATA,0.8760303,0.9128355255019998,10,100000,991
TATCATCC,0.87565845,0.9454912794293491,10,100000,991
GATCATTG,0.8726677,0.8911681029151033,10,100000,991
GATCATGA,0.87182087,0.8310415206366223,10,100000,991
TATCACAC,0.8717095,0.9519956294066714,10,100000,991
GATCATTT,0.87124175,0.8604605615800107,10,100000,991
TATCAGGA,0.87111056,0.8646765348616666,10,100000,991
AATCGATA,0.8691894,0.9179173710468809,10,100000,991
TATCAGAA,0.8690744,0.8970024326887396,10,100000,991
TATCGTTA,0.8673621,0.907269203809838,10,100000,991
GATTGATA,0.86708236,0.9094751164804354,10,100000,991
TAACGATA,0.8669557,0.907269203809838,10,100000,991
TATCTTTT,0.86642504,0.8813342679256174,10,100000,991
TATCTATT,0.8617515,0.8815816600008246,10,100000,991
GATCACTA,0.86151814,0.8728610893497711,10,100000,991
GATCAGTT,0.8612282,0.8914361109965778,10,100000,991
TTTCGATA,0.85563004,0.882581536304787,10,100000,991
TATTAATA,0.8546915,0.904795283057766,10,100000,991
GATCCATA,0.8540262,0.8607801096771532,10,100000,991
TATCTTTA,0.85388243,0.8577598647589989,10,100000,991
TATCGTTC,0.8520605,0.9060940914526039,10,100000,991
TATCAACC,0.85132986,0.8999814455943594,10,100000,991
GATCAAAA,0.84662163,0.8754999381519812,10,100000,991
AATTGATA,0.8455596,0.8980538490083702,10,100000,991
CATATATA,0.84432226,0.9319774873211562,10,100000,991
TATCTAAT,0.84424514,0.8712221168515235,10,100000,991
GATCAACA,0.84336776,0.8014060116274276,10,100000,991
GATCTATA,0.8428775,0.8654290190904217,10,100000,991
TTATGATA,0.84224415,0.9177215189873418,10,100000,991
TATCGCTA,0.84133476,0.864047746670515,10,100000,991
TATCTTTC,0.84109145,0.8339277615140395,10,100000,991
CAACGATA,0.8407888,0.8399476353440812,10,100000,991
GATCACTC,0.84074813,0.8390611470745887,10,100000,991
AAACGATA,0.83854556,0.8701294685193585,10,100000,991
TATCGATG,0.838168,0.8720158330928133,10,100000,991
TATGGATA,0.8374269,0.8797571434461716,10,100000,991
GATCCATT,0.83688706,0.8683667999835072,10,100000,991
GATCATCA,0.83673483,0.8802416195934523,10,100000,991
GTACGATA,0.83646053,0.912660289448728,10,100000,991
TATTAATC,0.836401,0.8546056158001072,10,100000,991
TATCACGG,0.8360849,0.8500804024244423,10,100000,991
TATCAGGC,0.83536416,0.7901393642023666,10,100000,991
GATCATTC,0.83514124,0.8154455118954357,10,100000,991
TATCACCA,0.83502704,0.9434812188182905,10,100000,991
TATCAGAG,0.83470124,0.8497093143116315,10,100000,991
TATCAGCA,0.83469707,0.8367830783820558,10,100000,991
