{"run_id": "14:24:29-01/17/2025", "exp_name": "DynaPPO_Agent_10_10", "model_name": "LandscapeAsModel=TF_Binding", "landscape_name": "TF_Binding", "rounds": 10, "sequences_batch_size": 100, "model_queries_per_batch": 5000}
sequence,model_score,true_score,round,model_cost,measurement_cost
GCTCGAGC,,0.5502102832639261,0,0,1
GGTATCAT,0.989691996866367,0.989691996866367,1,5000,101
CATATCAT,0.9850946274687667,0.9850946274687667,1,5000,101
TTGATACT,0.9781985733723663,0.9781985733723663,1,5000,101
ACTGATAT,0.9681585783202078,0.9681585783202078,1,5000,101
GGGTATAT,0.9668803859316373,0.9668803859316373,1,5000,101
GTATCAGT,0.9528821176761637,0.9528821176761637,1,5000,101
GTTGATAT,0.9491609285449224,0.9491609285449224,1,5000,101
ATACGTAT,0.9486661443945079,0.9486661443945079,1,5000,101
CGATATAT,0.9470374798993939,0.9470374798993939,1,5000,101
TGACACCT,0.9462643796643714,0.9462643796643714,1,5000,101
GTGATATT,0.9453057353729436,0.9453057353729436,1,5000,101
TTGATCCT,0.9381622892013359,0.9381622892013359,1,5000,101
TAATACCT,0.9366367047375582,0.9366367047375582,1,5000,101
TCCGATAT,0.9331732156846575,0.9331732156846575,1,5000,101
TATATACT,0.9302766668041067,0.9302766668041067,1,5000,101
AGGTATCT,0.9248134251432812,0.9248134251432812,1,5000,101
GATCAGAT,0.9227312085102873,0.9227312085102873,1,5000,101
TATCACCT,0.9200923597080775,0.9200923597080775,1,5000,101
TAGGGTAT,0.9199686636704737,0.9199686636704737,1,5000,101
GTGGATAT,0.9162680905454995,0.9162680905454995,1,5000,101
CTATATAT,0.915494990310477,0.915494990310477,1,5000,101
GATCTGAT,0.9148146621036574,0.9148146621036574,1,5000,101
TCTTATAT,0.9106605368408033,0.9106605368408033,1,5000,101
GATATATT,0.9091452603801592,0.9091452603801592,1,5000,101
GATAGGAT,0.9053622232301158,0.9053622232301158,1,5000,101
ATCAATAT,0.904176802869748,0.904176802869748,1,5000,101
ATTAATAT,0.9030738465344494,0.9030738465344494,1,5000,101
GATCCAAT,0.9010534779202574,0.9010534779202574,1,5000,101
TCAGATAT,0.9007133138168475,0.9007133138168475,1,5000,101
CGTATTAT,0.8977549169174948,0.8977549169174948,1,5000,101
TATACGAT,0.8967756566197996,0.8967756566197996,1,5000,101
ATCAGTAT,0.895332536181091,0.895332536181091,1,5000,101
TGGTATAT,0.893281243557498,0.893281243557498,1,5000,101
TATCTTAT,0.8930956995010927,0.8930956995010927,1,5000,101
GCATATCT,0.8920855151939966,0.8920855151939966,1,5000,101
ATATCTCT,0.8917968911062549,0.8917968911062549,1,5000,101
AGAGATAT,0.8917968911062549,0.8917968911062549,1,5000,101
ATGGATAT,0.8911990269245043,0.8911990269245043,1,5000,101
GGATACTT,0.8904362346926153,0.8904362346926153,1,5000,101
CGATACGT,0.8876839978559353,0.8876839978559353,1,5000,101
TATATATT,0.8876633818496681,0.8876633818496681,1,5000,101
AGATCGAT,0.8876530738465345,0.8876530738465345,1,5000,101
ACCGATAT,0.8862305694140932,0.8862305694140932,1,5000,101
TCAGTGAT,0.8856223972292087,0.8856223972292087,1,5000,101
GTATATTT,0.8809013317940049,0.8809013317940049,1,5000,101
GTATCCTT,0.8808291757720694,0.8808291757720694,1,5000,101
GTATTATT,0.880757019750134,0.880757019750134,1,5000,101
AGTATCTT,0.8800973075495815,0.8800973075495815,1,5000,101
TTATATCT,0.8800148435245125,0.8800148435245125,1,5000,101
TTAATGAT,0.8759225662804602,0.8759225662804602,1,5000,101
CAGTATAT,0.8748917659670968,0.8748917659670968,1,5000,101
CGGTATCT,0.8737888096317982,0.8737888096317982,1,5000,101
TATCGTCT,0.8732631014719828,0.8732631014719828,1,5000,101
GGATCCAT,0.8727786253247021,0.8727786253247021,1,5000,101
TACATGAT,0.8712839648703254,0.8712839648703254,1,5000,101
CGGATACT,0.8700882365068239,0.8700882365068239,1,5000,101
TTGTTGAT,0.8687894281119861,0.8687894281119861,1,5000,101
TGTATATT,0.8685214200305117,0.8685214200305117,1,5000,101
TTCTATAT,0.8683667999835072,0.8683667999835072,1,5000,101
CGGTATAT,0.8678307838205582,0.8678307838205582,1,5000,101
CAGATGAT,0.8649857749556756,0.8649857749556756,1,5000,101
CCATATCT,0.8647589988867357,0.8647589988867357,1,5000,101
GATCCTTT,0.8642332907269203,0.8642332907269203,1,5000,101
TCGTATCT,0.8627386302725435,0.8627386302725435,1,5000,101
TATAATAT,0.8591514451820393,0.8591514451820393,1,5000,101
ATGATCTT,0.8583268049313487,0.8583268049313487,1,5000,101
ATCCCTAT,0.8568424524801056,0.8568424524801056,1,5000,101
GCGTATCT,0.8563167443202903,0.8563167443202903,1,5000,101
CTATACCT,0.854554075784439,0.854554075784439,1,5000,101
ATGTATAT,0.8541520636622274,0.8541520636622274,1,5000,101
AGGATCCT,0.8525543231765143,0.8525543231765143,1,5000,101
TTGTATAT,0.8519461509916298,0.8519461509916298,1,5000,101
TGTGAGAT,0.8518224549540264,0.8518224549540264,1,5000,101
ATACATCT,0.8481218818290521,0.8481218818290521,1,5000,101
ATCATTAT,0.842957572259102,0.842957572259102,1,5000,101
GGATCCGT,0.8424834041149548,0.8424834041149548,1,5000,101
ATATGGGT,0.842452480105554,0.842452480105554,1,5000,101
TGTAGTAT,0.8420813919927431,0.8420813919927431,1,5000,101
TAGTAGAT,0.841833999917536,0.841833999917536,1,5000,101
TCGGGTAT,0.8407207355791037,0.8407207355791037,1,5000,101
CAGAGTAT,0.8405661155320991,0.8405661155320991,1,5000,101
TCTTTGAT,0.840122871397353,0.840122871397353,1,5000,101
GATCCCAT,0.8379169587267555,0.8379169587267555,1,5000,101
GGTGGTAT,0.8370820104729313,0.8370820104729313,1,5000,101
CTTGATCT,0.8341545375829794,0.8341545375829794,1,5000,101
ACGTATCT,0.832031088937451,0.832031088937451,1,5000,101
TGTATCCT,0.8291345400569001,0.8291345400569001,1,5000,101
GACACCTT,0.8282377437842742,0.8282377437842742,1,5000,101
TAGATAGT,0.8280006597122005,0.8280006597122005,1,5000,101
GATCACGT,0.8278666556714633,0.8278666556714633,1,5000,101
TCTCTGAT,0.8277841916463943,0.8277841916463943,1,5000,101
TTATCCCT,0.8274027955304499,0.8274027955304499,1,5000,101
ATACTTAT,0.8266606193048283,0.8266606193048283,1,5000,101
ATGCGGAT,0.8264132272296211,0.8264132272296211,1,5000,101
CATCTGAT,0.8244443986310972,0.8244443986310972,1,5000,101
AGGATCGT,0.824166082546489,0.824166082546489,1,5000,101
ACGATCCT,0.824166082546489,0.824166082546489,1,5000,101
GGGTTGAT,0.823805302436812,0.823805302436812,1,5000,101
CCACTGAT,0.8225580340576424,0.8225580340576424,1,5000,101
TTATCTAT,0.8218880138539562,0.8218880138539562,1,5000,101
TGATATGT,0.979559229786006,0.979559229786006,2,10000,201
GATATCCT,0.9755081845544881,0.9755081845544881,2,10000,201
GATATCTT,0.9732094998556878,0.9732094998556878,2,10000,201
GGGTATCT,0.972281779573661,0.972281779573661,2,10000,201
AATGATAT,0.9719106914608502,0.9719106914608502,2,10000,201
GTGATACT,0.9694780027213128,0.9694780027213128,2,10000,201
CTTGATAT,0.9631591968003959,0.9631591968003959,2,10000,201
ATCGATAT,0.9604481919762504,0.9604481919762504,2,10000,201
ATATCGTT,0.9541293860553334,0.9541293860553334,2,10000,201
GATACTTT,0.952593493588422,0.952593493588422,2,10000,201
CCTATCAT,0.9467076237991177,0.9467076237991177,2,10000,201
TTAGATAT,0.9461612996330351,0.9461612996330351,2,10000,201
GATACTAT,0.9461509916299015,0.9461509916299015,2,10000,201
ATAGATAT,0.9426153465550654,0.9426153465550654,2,10000,201
GGATCAAT,0.938471529295345,0.938471529295345,2,10000,201
AGTATCGT,0.933358759741063,0.933358759741063,2,10000,201
GATATAAT,0.9310806910485301,0.9310806910485301,2,10000,201
GGCGATAT,0.92602976951305,0.92602976951305,2,10000,201
TATCCGAT,0.9257617614315755,0.9257617614315755,2,10000,201
AGATACCT,0.9248134251432812,0.9248134251432812,2,10000,201
GAGTATCT,0.919906815651672,0.919906815651672,2,10000,201
TCATATAT,0.9140827938811694,0.9140827938811694,2,10000,201
GATCATCT,0.9131756896054097,0.9131756896054097,2,10000,201
TATCGCTT,0.9130416855646725,0.9130416855646725,2,10000,201
CGGGGTAT,0.9101245206778543,0.9101245206778543,2,10000,201
GATCACTT,0.9092792644208963,0.9092792644208963,2,10000,201
TTGATAGT,0.905918855399332,0.905918855399332,2,10000,201
AGATCAGT,0.9038778707788728,0.9038778707788728,2,10000,201
ATGATCCT,0.9030532305281821,0.9030532305281821,2,10000,201
TCTATATT,0.9019502741928833,0.9019502741928833,2,10000,201
GATACAGT,0.8987444852183236,0.8987444852183236,2,10000,201
AAAGGTAT,0.8981363130334391,0.8981363130334391,2,10000,201
ATACCTTT,0.8981363130334391,0.8981363130334391,2,10000,201
CAGATCAT,0.8980435410052365,0.8980435410052365,2,10000,201
TAGTATCT,0.8902094586236754,0.8902094586236754,2,10000,201
GATCACAT,0.8888900342225705,0.8888900342225705,2,10000,201
GGATATGT,0.8884261740815569,0.8884261740815569,2,10000,201
TATCTCCT,0.8875499938151981,0.8875499938151981,2,10000,201
ATATCCTT,0.8856945532511441,0.8856945532511441,2,10000,201
GTGTATCT,0.8845915969158455,0.8845915969158455,2,10000,201
TATCTGGT,0.8829629324207314,0.8829629324207314,2,10000,201
CCTATCGT,0.8817775120603636,0.8817775120603636,2,10000,201
TATCTTTT,0.8813342679256174,0.8813342679256174,2,10000,201
TTTTTGAT,0.8764173504308745,0.8764173504308745,2,10000,201
TATACCAT,0.8760565703211973,0.8760565703211973,2,10000,201
GAGATGAT,0.8755205541582485,0.8755205541582485,2,10000,201
GGTATACT,0.8726343132808312,0.8726343132808312,2,10000,201
TTATCTCT,0.8721498371335505,0.8721498371335505,2,10000,201
GATCCGTT,0.8721395291304168,0.8721395291304168,2,10000,201
TAGATATT,0.8711293448233208,0.8711293448233208,2,10000,201
TAATACTT,0.870253164556962,0.870253164556962,2,10000,201
TATATAAT,0.8700882365068239,0.8700882365068239,2,10000,201
GAATATAT,0.8696243763658104,0.8696243763658104,2,10000,201
AGTATTAT,0.8688306601245207,0.8688306601245207,2,10000,201
TGTATTAT,0.8679338638518946,0.8679338638518946,2,10000,201
ATACCCTT,0.8678823238362264,0.8678823238362264,2,10000,201
GATAGCTT,0.8674596957077475,0.8674596957077475,2,10000,201
TGATCTTT,0.8653877870778873,0.8653877870778873,2,10000,201
GGGGGGAT,0.8629963303508844,0.8629963303508844,2,10000,201
GGATGTAT,0.8612542778213005,0.8612542778213005,2,10000,201
TATCCCTT,0.8611408897868305,0.8611408897868305,2,10000,201
TATCCTCT,0.8584814249783531,0.8584814249783531,2,10000,201
ATACTTCT,0.8584711169752196,0.8584711169752196,2,10000,201
AGAAGTAT,0.8584711169752196,0.8584711169752196,2,10000,201
AAGATCAT,0.8583268049313487,0.8583268049313487,2,10000,201
GAGATAAT,0.857842328784068,0.857842328784068,2,10000,201
TATCGCAT,0.8577701727621325,0.8577701727621325,2,10000,201
GATGGTAT,0.8573990846493217,0.8573990846493217,2,10000,201
TATCAGCT,0.8572753886117183,0.8572753886117183,2,10000,201
TTGGGTAT,0.8572238485960499,0.8572238485960499,2,10000,201
GACACCAT,0.8560075042262814,0.8560075042262814,2,10000,201
TACTGTAT,0.8538118995588175,0.8538118995588175,2,10000,201
TATCGGGT,0.8492763781800191,0.8492763781800191,2,10000,201
CCCCGGAT,0.8481734218447202,0.8481734218447202,2,10000,201
TCATATCT,0.8468746134498826,0.8468746134498826,2,10000,201
AGGATACT,0.846833381437348,0.846833381437348,2,10000,201
CTAGATAT,0.8462561332618646,0.8462561332618646,2,10000,201
TATCTCTT,0.8459778171772564,0.8459778171772564,2,10000,201
TGTATCTT,0.8451016369108976,0.8451016369108976,2,10000,201
GGATACGT,0.8442254566445387,0.8442254566445387,2,10000,201
TTGACACT,0.8441842246320044,0.8441842246320044,2,10000,201
ATCCGAGT,0.8429060322434339,0.8429060322434339,2,10000,201
TCTTCGAT,0.841720611883066,0.841720611883066,2,10000,201
TTAATCCT,0.8413289077639879,0.8413289077639879,2,10000,201
CAATATCT,0.8408959716323754,0.8408959716323754,2,10000,201
GTATGTAT,0.8407516595885046,0.8407516595885046,2,10000,201
ATACAGAT,0.8401537954067538,0.8401537954067538,2,10000,201
AGACGGAT,0.8397414752814085,0.8397414752814085,2,10000,201
GATAAGAT,0.839586855234404,0.839586855234404,2,10000,201
GGTGTTAT,0.8392673071372614,0.8392673071372614,2,10000,201
GGATCGGT,0.8385663629241743,0.8385663629241743,2,10000,201
AAGCGGAT,0.8368036943883231,0.8368036943883231,2,10000,201
AGCTATAT,0.8355564260091535,0.8355564260091535,2,10000,201
TCGGTGAT,0.8347317857584629,0.8347317857584629,2,10000,201
ATATACGT,0.834082381561044,0.834082381561044,2,10000,201
GGGATATT,0.8330515812476808,0.8330515812476808,2,10000,201
ATACTACT,0.8315466127901703,0.8315466127901703,2,10000,201
GAGATATT,0.8315156887807694,0.8315156887807694,2,10000,201
CATGGGAT,0.8308972085927515,0.8308972085927515,2,10000,201
GGCTATCT,0.8298870242856554,0.8298870242856554,2,10000,201
GATATCAT,0.9794561497546695,0.9794561497546695,3,15000,301
ATATATAT,0.9705191110378097,0.9705191110378097,3,15000,301
TATCAGAT,0.9677874902073971,0.9677874902073971,3,15000,301
TTTGATAT,0.9616026883272173,0.9616026883272173,3,15000,301
GGATATAT,0.9604275759699831,0.9604275759699831,3,15000,301
AACGATAT,0.9541293860553334,0.9541293860553334,3,15000,301
TCTGATAT,0.9529645817012329,0.9529645817012329,3,15000,301
GAGGGTAT,0.9518513173628006,0.9518513173628006,3,15000,301
AGATATAT,0.9442955510658475,0.9442955510658475,3,15000,301
ATATCTAT,0.9426153465550654,0.9426153465550654,3,15000,301
GTGATCCT,0.9393477095617037,0.9393477095617037,3,15000,301
GAAGATAT,0.9388116933987548,0.9388116933987548,3,15000,301
GTATCGTT,0.9372861089349771,0.9372861089349771,3,15000,301
TCGATACT,0.9347503401641034,0.9347503401641034,3,15000,301
TCAATGAT,0.9339050839071454,0.9339050839071454,3,15000,301
AGGGGTAT,0.9302148187853049,0.9302148187853049,3,15000,301
GATCATAT,0.9301220467571023,0.9301220467571023,3,15000,301
ATACCTAT,0.9296375706098214,0.9296375706098214,3,15000,301
CTATCATT,0.9190409433884469,0.9190409433884469,3,15000,301
ACAGATAT,0.9182884591596915,0.9182884591596915,3,15000,301
TCTATGAT,0.9149280501381273,0.9149280501381273,3,15000,301
TATTTGAT,0.9125984414299262,0.9125984414299262,3,15000,301
TGTATCGT,0.9111553209912175,0.9111553209912175,3,15000,301
ATTGATCT,0.9097843565744445,0.9097843565744445,3,15000,301
CGATACTT,0.9094132684616335,0.9094132684616335,3,15000,301
ATCATGAT,0.9071764317816353,0.9071764317816353,3,15000,301
ATATTGAT,0.904176802869748,0.904176802869748,3,15000,301
AGGATCAT,0.9030532305281821,0.9030532305281821,3,15000,301
TTCGATAT,0.9011565579515937,0.9011565579515937,3,15000,301
GATAGCCT,0.8948377520306766,0.8948377520306766,3,15000,301
GAGATACT,0.8924256792974065,0.8924256792974065,3,15000,301
ATAGTATT,0.8895600544262565,0.8895600544262565,3,15000,301
AGGGGGAT,0.8895394384199893,0.8895394384199893,3,15000,301
CCCGATAT,0.889518822413722,0.889518822413722,3,15000,301
GATCCCTT,0.8883643260627552,0.8883643260627552,3,15000,301
TAAGGTAT,0.8880653939718798,0.8880653939718798,3,15000,301
TAGGGGAT,0.8879107739248753,0.8879107739248753,3,15000,301
TATACTAT,0.8855605492104069,0.8855605492104069,3,15000,301
TACAGTAT,0.8836741846369521,0.8836741846369521,3,15000,301
AGATACTT,0.8820558281449717,0.8820558281449717,3,15000,301
CTATCTAT,0.8819218241042345,0.8819218241042345,3,15000,301
ATGTATCT,0.8786438791077392,0.8786438791077392,3,15000,301
TGGGGGAT,0.8764173504308745,0.8764173504308745,3,15000,301
GGTATGAT,0.8750566940172351,0.8750566940172351,3,15000,301
TATTATCT,0.871881829052076,0.871881829052076,3,15000,301
GATTATAT,0.868706964086917,0.868706964086917,3,15000,301
ATACGTGT,0.8682018719333691,0.8682018719333691,3,15000,301
TGAGGTAT,0.8618315259967838,0.8618315259967838,3,15000,301
ATCTAGAT,0.8611718137962314,0.8611718137962314,3,15000,301
TATGTGAT,0.8582752649156805,0.8582752649156805,3,15000,301
TCATGGAT,0.8565229043829629,0.8565229043829629,3,15000,301
TATACAAT,0.855595184100936,0.855595184100936,3,15000,301
TGGTGTAT,0.855368408031996,0.855368408031996,3,15000,301
GGGATTAT,0.8523997031295097,0.8523997031295097,3,15000,301
CGATCCCT,0.8518739949696944,0.8518739949696944,3,15000,301
ATGGGTAT,0.8511421267472065,0.8511421267472065,3,15000,301
CAGATACT,0.8504205665278523,0.8504205665278523,3,15000,301
TCATTAAT,0.8504102585247185,0.8504102585247185,3,15000,301
ATCTCCCT,0.8485857419700656,0.8485857419700656,3,15000,301
GATCCCCT,0.8472147775532924,0.8472147775532924,3,15000,301
TCAGGTAT,0.8450707129014967,0.8450707129014967,3,15000,301
AAGGTATT,0.8445553127448151,0.8445553127448151,3,15000,301
CTGATAGT,0.8445346967385478,0.8445346967385478,3,15000,301
ATACAAGT,0.8442254566445387,0.8442254566445387,3,15000,301
TGGGTGAT,0.8439780645693316,0.8439780645693316,3,15000,301
ATCCGTAT,0.8414319877953242,0.8414319877953242,3,15000,301
TGAGTGAT,0.8394219271842659,0.8394219271842659,3,15000,301
TCGATAGT,0.8383498948583681,0.8383498948583681,3,15000,301
ATCCAATT,0.8369995464478621,0.8369995464478621,3,15000,301
ATCCGCTT,0.8368036943883231,0.8368036943883231,3,15000,301
TAAAGTAT,0.835906898115697,0.835906898115697,3,15000,301
ACGTATAT,0.834082381561044,0.834082381561044,3,15000,301
TACCCTAT,0.8338659134952378,0.8338659134952378,3,15000,301
AGATACGT,0.832031088937451,0.832031088937451,3,15000,301
CAGGTGAT,0.8318970848967138,0.8318970848967138,3,15000,301
GGGGGTGT,0.8318146208716448,0.8318146208716448,3,15000,301
ACTAATAT,0.8316806168309074,0.8316806168309074,3,15000,301
ATACCAGT,0.8308456685770832,0.8308456685770832,3,15000,301
GGGGATCT,0.8292994681070384,0.8292994681070384,3,15000,301
CGATCCTT,0.828464519853214,0.828464519853214,3,15000,301
TTAATACT,0.8267946233455655,0.8267946233455655,3,15000,301
TAAGATCT,0.8250731868222488,0.8250731868222488,3,15000,301
TCAAGTAT,0.8240630025151527,0.8240630025151527,3,15000,301
ATCCTCCT,0.8236197583804066,0.8236197583804066,3,15000,301
AGATATGT,0.8228157341359832,0.8228157341359832,3,15000,301
ATATTGTT,0.8224858780357069,0.8224858780357069,3,15000,301
ATATAAAT,0.822372490001237,0.822372490001237,3,15000,301
GTATCTGT,0.8218777058508226,0.8218777058508226,3,15000,301
ACCGGTAT,0.8217643178163526,0.8217643178163526,3,15000,301
GTCGATAT,0.8216715457881499,0.8216715457881499,3,15000,301
CCAGATAT,0.8214756937286108,0.8214756937286108,3,15000,301
AATAATAT,0.8197645652084278,0.8197645652084278,3,15000,301
TCCGATCT,0.8195274811363542,0.8195274811363542,3,15000,301
CCGATATT,0.8192903970642808,0.8192903970642808,3,15000,301
GCGATATT,0.819228549045479,0.819228549045479,3,15000,301
TATCCAGT,0.8181771327258485,0.8181771327258485,3,15000,301
ATCTCGAT,0.8181668247227147,0.8181668247227147,3,15000,301
TTCAATAT,0.8180843606976457,0.8180843606976457,3,15000,301
AATACGAT,0.8179503566569084,0.8179503566569084,3,15000,301
AGGATAGT,0.8173524924751576,0.8173524924751576,3,15000,301
GTATCAAT,0.9944852183235064,0.9944852183235064,4,20000,401
CGTATCAT,0.9847338473590896,0.9847338473590896,4,20000,401
ATATCATT,0.9719106914608502,0.9719106914608502,4,20000,401
TATCATTT,0.9565414587886035,0.9565414587886035,4,20000,401
TATCATCT,0.9501298808394838,0.9501298808394838,4,20000,401
GGATATCT,0.9474394920216056,0.9474394920216056,4,20000,401
GATACACT,0.9470580959056611,0.9470580959056611,4,20000,401
GGAGATAT,0.9440275429843732,0.9440275429843732,4,20000,401
GATATACT,0.937770585082258,0.937770585082258,4,20000,401
GTATATCT,0.9360285325526739,0.9360285325526739,4,20000,401
ACGATACT,0.933358759741063,0.933358759741063,4,20000,401
AATGATCT,0.9316063992083453,0.9316063992083453,4,20000,401
AGATCATT,0.9316063992083453,0.9316063992083453,4,20000,401
TATAGTAT,0.9304519028573784,0.9304519028573784,4,20000,401
TATCCTAT,0.9287098503277945,0.9287098503277945,4,20000,401
TGATAGGT,0.9280192141178412,0.9280192141178412,4,20000,401
TAGATCAT,0.9150826701851317,0.9150826701851317,4,20000,401
CGATACAT,0.9130107615552715,0.9130107615552715,4,20000,401
GTGATAGT,0.9081866160887313,0.9081866160887313,4,20000,401
CCTGATAT,0.9049808271141714,0.9049808271141714,4,20000,401
TATATCTT,0.8998989815692905,0.8998989815692905,4,20000,401
CCGTATCT,0.8968787366511359,0.8968787366511359,4,20000,401
TATATCGT,0.8963427204881871,0.8963427204881871,4,20000,401
GGATCAGT,0.8938069517173133,0.8938069517173133,4,20000,401
ATATCCAT,0.8911990269245043,0.8911990269245043,4,20000,401
CATATCCT,0.8899105265328,0.8899105265328,4,20000,401
ATATACCT,0.8896940584669938,0.8896940584669938,4,20000,401
AGGTATAT,0.8896940584669938,0.8896940584669938,4,20000,401
AATACTAT,0.8895600544262565,0.8895600544262565,4,20000,401
TCGATGAT,0.8878695419123408,0.8878695419123408,4,20000,401
TGGATCAT,0.8873953737681937,0.8873953737681937,4,20000,401
CTATCACT,0.8870655176679174,0.8870655176679174,4,20000,401
GGGAATAT,0.8843957448563065,0.8843957448563065,4,20000,401
GATGATCT,0.882694924339257,0.882694924339257,4,20000,401
TGGATACT,0.8819424401105019,0.8819424401105019,4,20000,401
CACCATAT,0.8778810868758504,0.8778810868758504,4,20000,401
AGGGTGAT,0.8735311095534574,0.8735311095534574,4,20000,401
TGCTATAT,0.8707685647136437,0.8707685647136437,4,20000,401
CTGATCAT,0.8684904960211108,0.8684904960211108,4,20000,401
CACATGAT,0.8646868428648002,0.8646868428648002,4,20000,401
GGATCGAT,0.8590895971632376,0.8590895971632376,4,20000,401
TATCCAAT,0.8540695996371583,0.8540695996371583,4,20000,401
CTATCGTT,0.8518224549540264,0.8518224549540264,4,20000,401
GGGCATAT,0.8454314930111739,0.8454314930111739,4,20000,401
GATCGGCT,0.8444522327134788,0.8444522327134788,4,20000,401
CGGGTGAT,0.8439059085473961,0.8439059085473961,4,20000,401
TATCGAAT,0.8419061559394714,0.8419061559394714,4,20000,401
ACTATCGT,0.8398548633158784,0.8398548633158784,4,20000,401
GAGGAGAT,0.839473467199934,0.839473467199934,4,20000,401
GCGTATAT,0.8392569991341278,0.8392569991341278,4,20000,401
ATCACTTT,0.8370923184760647,0.8370923184760647,4,20000,401
AATTGGAT,0.8369995464478621,0.8369995464478621,4,20000,401
GGATGGAT,0.83509256586814,0.83509256586814,4,20000,401
TAGAAGAT,0.834587473714592,0.834587473714592,4,20000,401
ACACGGAT,0.8342988496268502,0.8342988496268502,4,20000,401
TGATCAGT,0.8320826289531192,0.8320826289531192,4,20000,401
GAAGTGAT,0.8293716241289737,0.8293716241289737,4,20000,401
ACACCATT,0.8265781552797592,0.8265781552797592,4,20000,401
AATGGTGT,0.8265781552797592,0.8265781552797592,4,20000,401
GAGAGGAT,0.8259081350760731,0.8259081350760731,4,20000,401
TTAAATAT,0.8246402506906363,0.8246402506906363,4,20000,401
CCCTATCT,0.8240733105182864,0.8240733105182864,4,20000,401
ATCCCCTT,0.8236403743866738,0.8236403743866738,4,20000,401
GAGGGGAT,0.823413598317734,0.823413598317734,4,20000,401
TTATAGAT,0.8227848101265823,0.8227848101265823,4,20000,401
CTGATCTT,0.8223827980043706,0.8223827980043706,4,20000,401
CTATCGCT,0.820290273368243,0.820290273368243,4,20000,401
CAGTATCT,0.8183626767822537,0.8183626767822537,4,20000,401
CACTATCT,0.8180946687007793,0.8180946687007793,4,20000,401
ATTGTGAT,0.817795736609904,0.817795736609904,4,20000,401
ATATGACT,0.8176411165628994,0.8176411165628994,4,20000,401
GTAGTGAT,0.817455572506494,0.817455572506494,4,20000,401
AGGATAAT,0.8173112604626231,0.8173112604626231,4,20000,401
ATTATCCT,0.8173112604626231,0.8173112604626231,4,20000,401
CGTGATCT,0.817177256421886,0.817177256421886,4,20000,401
GAGCATAT,0.8161258401022554,0.8161258401022554,4,20000,401
TGTGTGAT,0.8156104399455737,0.8156104399455737,4,20000,401
TACGGGAT,0.8154661279017028,0.8154661279017028,4,20000,401
ATCCTGGT,0.8152805838452976,0.8152805838452976,4,20000,401
GTATACAT,0.8145590236259431,0.8145590236259431,4,20000,401
ATCGTTAT,0.8133632952624418,0.8133632952624418,4,20000,401
AGTGGTGT,0.812538655011751,0.812538655011751,4,20000,401
GAGTAGAT,0.8121675668989404,0.8121675668989404,4,20000,401
TCTCGGAT,0.8104873623881582,0.8104873623881582,4,20000,401
ATACGCAT,0.8100235022471447,0.8100235022471447,4,20000,401
GTGTCAGT,0.8093534820434585,0.8093534820434585,4,20000,401
GATCTTCT,0.8080443656454872,0.8080443656454872,4,20000,401
TTTGAGAT,0.8076526615264091,0.8076526615264091,4,20000,401
ATACCGAT,0.8075805055044737,0.8075805055044737,4,20000,401
GGAGAGAT,0.8052715128025398,0.8052715128025398,4,20000,401
TAAAAGAT,0.8032408361852141,0.8032408361852141,4,20000,401
TTACACCT,0.8013132395992248,0.8013132395992248,4,20000,401
ATCTTACT,0.8010864635302849,0.8010864635302849,4,20000,401
TGTCTGAT,0.8004576753391334,0.8004576753391334,4,20000,401
TGATCGTT,0.8003958273203315,0.8003958273203315,4,20000,401
TCTAGGAT,0.7998288871479817,0.7998288871479817,4,20000,401
GTGAGTAT,0.7997979631385809,0.7997979631385809,4,20000,401
TGGCGTAT,0.7996639590978436,0.7996639590978436,4,20000,401
TGGATTAT,0.7991794829505628,0.7991794829505628,4,20000,401
TGATCAAT,0.7988599348534203,0.7988599348534203,4,20000,401
TGATACCT,1.0,1.0,5,25000,501
GATACCCT,0.9812497422999216,0.9812497422999216,5,25000,501
ATATCAGT,0.9681585783202078,0.9681585783202078,5,25000,501
AGATATCT,0.9677874902073971,0.9677874902073971,5,25000,501
AGTGATAT,0.9626953366593823,0.9626953366593823,5,25000,501
GATACGGT,0.9359769925370057,0.9359769925370057,5,25000,501
TATCCCCT,0.9282666061930483,0.9282666061930483,5,25000,501
ATATCCGT,0.9281119861460437,0.9281119861460437,5,25000,501
GATATAGT,0.921875644250196,0.921875644250196,5,25000,501
TGGTATCT,0.9188450913289078,0.9188450913289078,5,25000,501
CGCGATAT,0.9087329402548139,0.9087329402548139,5,25000,501
GATACATT,0.906454871562281,0.906454871562281,5,25000,501
GCTGATAT,0.904857131076568,0.904857131076568,5,25000,501
TATCAACT,0.9025996783903023,0.9025996783903023,5,25000,501
GATATGTT,0.9020018142085515,0.9020018142085515,5,25000,501
CAATATAT,0.8960953284129798,0.8960953284129798,5,25000,501
GATCCGAT,0.8946625159774049,0.8946625159774049,5,25000,501
ATCCCCCT,0.8895394384199893,0.8895394384199893,5,25000,501
TGATAGTT,0.8894466663917866,0.8894466663917866,5,25000,501
TGTATGAT,0.8891992743165794,0.8891992743165794,5,25000,501
GGTATCCT,0.8845194408939101,0.8845194408939101,5,25000,501
ATGATCAT,0.8832721725147404,0.8832721725147404,5,25000,501
AAGTATCT,0.8820558281449717,0.8820558281449717,5,25000,501
GATCATGT,0.8787675751453429,0.8787675751453429,5,25000,501
ATACATAT,0.8784995670638683,0.8784995670638683,5,25000,501
CTAGGTAT,0.8779326268915186,0.8779326268915186,5,25000,501
ATCACCCT,0.8735311095534574,0.8735311095534574,5,25000,501
GATCACCT,0.872696161299633,0.872696161299633,5,25000,501
GATCCATT,0.8683667999835072,0.8683667999835072,5,25000,501
ACACGTAT,0.8682018719333691,0.8682018719333691,5,25000,501
TCAGCGAT,0.8620995340782583,0.8620995340782583,5,25000,501
GATATTCT,0.8561208922607513,0.8561208922607513,5,25000,501
AATACCCT,0.8503896425184514,0.8503896425184514,5,25000,501
AGTATCCT,0.846833381437348,0.846833381437348,5,25000,501
TATATGGT,0.845905661155321,0.845905661155321,5,25000,501
CGTATCTT,0.8441842246320044,0.8441842246320044,5,25000,501
GATCGGGT,0.8435966684533872,0.8435966684533872,5,25000,501
GCCGATAT,0.8435038964251845,0.8435038964251845,5,25000,501
TGGATATT,0.8425967921494248,0.8425967921494248,5,25000,501
ACGGTATT,0.8424112480930194,0.8424112480930194,5,25000,501
GGTGTCGT,0.8420195439739413,0.8420195439739413,5,25000,501
CGATCCGT,0.8413598317733888,0.8413598317733888,5,25000,501
CGGAGTAT,0.8411536717107162,0.8411536717107162,5,25000,501
GGGATACT,0.8343710056487856,0.8343710056487856,5,25000,501
ATGACACT,0.8307838205582815,0.8307838205582815,5,25000,501
GTACGTAT,0.8306704325238115,0.8306704325238115,5,25000,501
TACACTAT,0.8287634519440894,0.8287634519440894,5,25000,501
TGTCGGAT,0.8287016039252876,0.8287016039252876,5,25000,501
TGGAGTAT,0.8276604956087906,0.8276604956087906,5,25000,501
GATCTCTT,0.8239908464932173,0.8239908464932173,5,25000,501
ATTTATAT,0.822372490001237,0.822372490001237,5,25000,501
AGGAGTAT,0.8210324495938647,0.8210324495938647,5,25000,501
GGATCCTT,0.8204655094215149,0.8204655094215149,5,25000,501
ATATTATT,0.8197645652084278,0.8197645652084278,5,25000,501
GATCCACT,0.8189502329608709,0.8189502329608709,5,25000,501
ACCCAGAT,0.8187646889044654,0.8187646889044654,5,25000,501
AAGATCGT,0.8157753679957119,0.8157753679957119,5,25000,501
GGTGTCTT,0.8147136436729477,0.8147136436729477,5,25000,501
GTGTTGAT,0.8137240753721189,0.8137240753721189,5,25000,501
ATACACCT,0.8134766832969117,0.8134766832969117,5,25000,501
AATCATAT,0.8132395992248381,0.8132395992248381,5,25000,501
TGCCGTAT,0.8121263348864058,0.8121263348864058,5,25000,501
AGATAGGT,0.8120438708613367,0.8120438708613367,5,25000,501
AACTATCT,0.811672782748526,0.811672782748526,5,25000,501
TTTCAGAT,0.8105595184100937,0.8105595184100937,5,25000,501
TACAATAT,0.8095802581123985,0.8095802581123985,5,25000,501
TAATCCGT,0.8095493341029977,0.8095493341029977,5,25000,501
TAATTGAT,0.8091988619964541,0.8091988619964541,5,25000,501
GACGGTAT,0.8087246938523068,0.8087246938523068,5,25000,501
TCTGGTAT,0.8071063373603267,0.8071063373603267,5,25000,501
TATTCTAT,0.8050344287304664,0.8050344287304664,5,25000,501
AAGGATCT,0.8049519647053972,0.8049519647053972,5,25000,501
AGAGCGAT,0.8023440399125882,0.8023440399125882,5,25000,501
AGATCTAT,0.8018183317527728,0.8018183317527728,5,25000,501
GATCTTAT,0.8011276955428195,0.8011276955428195,5,25000,501
TATACTCT,0.8007978394425431,0.8007978394425431,5,25000,501
GAGATCCT,0.8007462994268751,0.8007462994268751,5,25000,501
ATACGTCT,0.8005504473673359,0.8005504473673359,5,25000,501
TAATGTAT,0.7995711870696408,0.7995711870696408,5,25000,501
TATTAGGT,0.7993237949944337,0.7993237949944337,5,25000,501
CGAATGAT,0.7984166907186739,0.7984166907186739,5,25000,501
TGAGAGAT,0.7981486826371995,0.7981486826371995,5,25000,501
AGCGATCT,0.7972518863645736,0.7972518863645736,5,25000,501
CCGGATCT,0.7959324619634685,0.7959324619634685,5,25000,501
GCGGGTAT,0.7958706139446666,0.7958706139446666,5,25000,501
AATATAAT,0.7950872057065106,0.7950872057065106,5,25000,501
TACCTTAT,0.7935719292458665,0.7935719292458665,5,25000,501
ATCTATTT,0.7934585412113965,0.7934585412113965,5,25000,501
CATGATCT,0.7933554611800602,0.7933554611800602,5,25000,501
CACGGTAT,0.7927163649857749,0.7927163649857749,5,25000,501
TGACTGAT,0.7911701645157301,0.7911701645157301,5,25000,501
GTCGGTAT,0.7909949284624583,0.7909949284624583,5,25000,501
AGGAATAT,0.7907269203809838,0.7907269203809838,5,25000,501
GGTATTGT,0.7890467158702016,0.7890467158702016,5,25000,501
TTGATCAT,0.7884591596915844,0.7884591596915844,5,25000,501
GCGGATCT,0.7882426916257782,0.7882426916257782,5,25000,501
ATCACATT,0.787376819362553,0.787376819362553,5,25000,501
TTTATACT,0.7866243351337979,0.7866243351337979,5,25000,501
GACTATAT,0.7860780109677153,0.7860780109677153,5,25000,501
CGATCGCT,0.7859130829175771,0.7859130829175771,5,25000,501
ATGATACT,0.9804354100523647,0.9804354100523647,6,30000,601
TGTGATAT,0.9771986970684039,0.9771986970684039,6,30000,601
GGTGATAT,0.9714055993073022,0.9714055993073022,6,30000,601
CGTGATAT,0.9684059703954151,0.9684059703954151,6,30000,601
GGTATCGT,0.9577578031583722,0.9577578031583722,6,30000,601
GAGGATAT,0.947398260009071,0.947398260009071,6,30000,601
TGATAGCT,0.9469653238774585,0.9469653238774585,6,30000,601
GATACCAT,0.9456355914732198,0.9456355914732198,6,30000,601
CGATATCT,0.944450171112852,0.944450171112852,6,30000,601
ATATCTTT,0.9322764194120315,0.9322764194120315,6,30000,601
GTATCGCT,0.9320496433430916,0.9320496433430916,6,30000,601
CGGGGGAT,0.9256689894033727,0.9256689894033727,6,30000,601
TAGGATAT,0.9165464066301076,0.9165464066301076,6,30000,601
CCGATACT,0.9145363460190493,0.9145363460190493,6,30000,601
ACGGGTAT,0.9023729023213624,0.9023729023213624,6,30000,601
GTATCCGT,0.8921679792190657,0.8921679792190657,6,30000,601
TATCCGTT,0.8903125386550117,0.8903125386550117,6,30000,601
GTATAGAT,0.8864470374798995,0.8864470374798995,6,30000,601
GATATGGT,0.8862821094297613,0.8862821094297613,6,30000,601
ATATGTAT,0.8784995670638683,0.8784995670638683,6,30000,601
ATCCTGAT,0.8729435533748402,0.8729435533748402,6,30000,601
CTGGATAT,0.8727477013153012,0.8727477013153012,6,30000,601
GTGGGTAT,0.8715622809549335,0.8715622809549335,6,30000,601
TTTAATAT,0.8669236795447985,0.8669236795447985,6,30000,601
TATCTAGT,0.8645528388240631,0.8645528388240631,6,30000,601
CACGATAT,0.8611924298024987,0.8611924298024987,6,30000,601
TGATCTGT,0.8599245454170619,0.8599245454170619,6,30000,601
TTATTGAT,0.8543788397311672,0.8543788397311672,6,30000,601
AGGGTATT,0.8503896425184514,0.8503896425184514,6,30000,601
AGGGAGAT,0.8485857419700656,0.8485857419700656,6,30000,601
CATAGTAT,0.8465962973652743,0.8465962973652743,6,30000,601
TCGGAGAT,0.8427823362058302,0.8427823362058302,6,30000,601
CAGGGTAT,0.8422050880303468,0.8422050880303468,6,30000,601
TCTCAGAT,0.8396899352657403,0.8396899352657403,6,30000,601
ATCAAGTT,0.838236506823898,0.838236506823898,6,30000,601
TATAGGTT,0.833381437347957,0.833381437347957,6,30000,601
ATATTAGT,0.8316806168309074,0.8316806168309074,6,30000,601
GATCCGCT,0.8281140477466704,0.8281140477466704,6,30000,601
AAGATATT,0.8252793468849214,0.8252793468849214,6,30000,601
GATCTCAT,0.8210942976126664,0.8210942976126664,6,30000,601
TAATACGT,0.8198882612460314,0.8198882612460314,6,30000,601
GGATCGCT,0.8183008287634519,0.8183008287634519,6,30000,601
CAGGATAT,0.8181152847070465,0.8181152847070465,6,30000,601
AATGGTAT,0.817878200634973,0.817878200634973,6,30000,601
AGTCATAT,0.8176411165628994,0.8176411165628994,6,30000,601
ACTATCCT,0.8173524924751576,0.8173524924751576,6,30000,601
CCTAGTAT,0.8167133962808726,0.8167133962808726,6,30000,601
GGGATCCT,0.8163732321774626,0.8163732321774626,6,30000,601
ATCCCTTT,0.8154970519111038,0.8154970519111038,6,30000,601
ATACTTGT,0.8154867439079702,0.8154867439079702,6,30000,601
ACCAGGAT,0.8152805838452976,0.8152805838452976,6,30000,601
ACACCACT,0.812538655011751,0.812538655011751,6,30000,601
CTATCGGT,0.8110439945573744,0.8110439945573744,6,30000,601
TATATTCT,0.8072712654104647,0.8072712654104647,6,30000,601
AGATAGAT,0.8064363171566404,0.8064363171566404,6,30000,601
ATAATCTT,0.8047664206489918,0.8047664206489918,6,30000,601
GGTTTGAT,0.8047458046427246,0.8047458046427246,6,30000,601
GATCGTGT,0.8040139364202367,0.8040139364202367,6,30000,601
GGGATCGT,0.8036634643136931,0.8036634643136931,6,30000,601
TATATGCT,0.8036325403042922,0.8036325403042922,6,30000,601
GATCAGGT,0.801869871768441,0.801869871768441,6,30000,601
CGTATCCT,0.8015709396775657,0.8015709396775657,6,30000,601
AGAGATCT,0.8012926235929576,0.8012926235929576,6,30000,601
AGTAAGAT,0.8010864635302849,0.8010864635302849,6,30000,601
AGAATGAT,0.8008184554488105,0.8008184554488105,6,30000,601
GTGATGAT,0.7995918030759082,0.7995918030759082,6,30000,601
TTTACGAT,0.7965406341483527,0.7965406341483527,6,30000,601
ATCTTTAT,0.7962210860512101,0.7962210860512101,6,30000,601
GTTGATCT,0.7947882736156351,0.7947882736156351,6,30000,601
TGTGGTAT,0.7947367335999671,0.7947367335999671,6,30000,601
GGAATGAT,0.7937677813054056,0.7937677813054056,6,30000,601
TAAGAGAT,0.7924071248917659,0.7924071248917659,6,30000,601
AGTATAGT,0.7917164886818125,0.7917164886818125,6,30000,601
ATTCATAT,0.7917164886818125,0.7917164886818125,6,30000,601
GAAGAGAT,0.7910361604749928,0.7910361604749928,6,30000,601
CTAAATAT,0.7883870036696491,0.7883870036696491,6,30000,601
CCTATCCT,0.7873458953531521,0.7873458953531521,6,30000,601
AAGATCTT,0.7867789551808024,0.7867789551808024,6,30000,601
TTTCCGAT,0.7865727951181296,0.7865727951181296,6,30000,601
AGGCGTAT,0.7855110707953656,0.7855110707953656,6,30000,601
GATAATCT,0.7847276625572094,0.7847276625572094,6,30000,601
TAAGGTGT,0.7846142745227395,0.7846142745227395,6,30000,601
CTGTATCT,0.7845524265039376,0.7845524265039376,6,30000,601
AGGCATAT,0.784511194491403,0.784511194491403,6,30000,601
ATATGCCT,0.784511194491403,0.784511194491403,6,30000,601
GGAGGGAT,0.7836247062219107,0.7836247062219107,6,30000,601
TCTAAAAT,0.7821403537706675,0.7821403537706675,6,30000,601
ATTGGGAT,0.7810683214447698,0.7810683214447698,6,30000,601
TTCGGTAT,0.7795942769966602,0.7795942769966602,6,30000,601
TAAGGGAT,0.7791922648744485,0.7791922648744485,6,30000,601
ATCCTTTT,0.7787593287428359,0.7787593287428359,6,30000,601
GTTGTGAT,0.7786665567146334,0.7786665567146334,6,30000,601
ATTCGGAT,0.7784913206613616,0.7784913206613616,6,30000,601
AGTATATT,0.777800684451408,0.777800684451408,6,30000,601
AATATACT,0.777800684451408,0.777800684451408,6,30000,601
GGGGTCAT,0.7776769884138045,0.7776769884138045,6,30000,601
TTGAATAT,0.7775636003793345,0.7775636003793345,6,30000,601
GATGTGAT,0.7765946480847731,0.7765946480847731,6,30000,601
CTATCCTT,0.7765637240753721,0.7765637240753721,6,30000,601
GTCTATAT,0.7762544839813632,0.7762544839813632,6,30000,601
TGATACGT,0.9831051828639755,0.9831051828639755,7,35000,701
AGTATCAT,0.9804354100523647,0.9804354100523647,7,35000,701
CTGATACT,0.9653548014678596,0.9653548014678596,7,35000,701
TACGATAT,0.9614893002927474,0.9614893002927474,7,35000,701
GGGGATAT,0.9522120974724776,0.9522120974724776,7,35000,701
TCGGATAT,0.9509854450995753,0.9509854450995753,7,35000,701
AGCGATAT,0.9507689770337691,0.9507689770337691,7,35000,701
TTATATAT,0.9492949325856596,0.9492949325856596,7,35000,701
TGATCCGT,0.9431925947305488,0.9431925947305488,7,35000,701
TATATGAT,0.9412856141508267,0.9412856141508267,7,35000,701
ATCTATAT,0.9202675957613492,0.9202675957613492,7,35000,701
GTGTATAT,0.9150723621819982,0.9150723621819982,7,35000,701
GGAGGTAT,0.8964767245289244,0.8964767245289244,7,35000,701
GGTATATT,0.896033480394178,0.896033480394178,7,35000,701
TATCAGGT,0.8918587391250568,0.8918587391250568,7,35000,701
GATCGGAT,0.8842720488187028,0.8842720488187028,7,35000,701
TTATACGT,0.8641508267018514,0.8641508267018514,7,35000,701
GATCCTCT,0.860058549457799,0.860058549457799,7,35000,701
CGGATCGT,0.8570383045396446,0.8570383045396446,7,35000,701
TGGATGAT,0.856605368408032,0.856605368408032,7,35000,701
TATATAGT,0.8548633158784481,0.8548633158784481,7,35000,701
GAGACGAT,0.8531624953613987,0.8531624953613987,7,35000,701
CATATATT,0.8517709149383581,0.8517709149383581,7,35000,701
CACCGGAT,0.8464519853214035,0.8464519853214035,7,35000,701
TAATCCCT,0.8452974889704367,0.8452974889704367,7,35000,701
TTAGGTAT,0.8405970395415,0.8405970395415,7,35000,701
ACGATAGT,0.8398548633158784,0.8398548633158784,7,35000,701
TAATAGAT,0.8375974106296129,0.8375974106296129,7,35000,701
GTGATCTT,0.83279388116934,0.83279388116934,7,35000,701
AGTGTCAT,0.8307838205582815,0.8307838205582815,7,35000,701
ATTATACT,0.82385684245248,0.82385684245248,7,35000,701
GCGATAGT,0.8232280542613285,0.8232280542613285,7,35000,701
ATACTCCT,0.8210324495938647,0.8210324495938647,7,35000,701
TCTGAGAT,0.8189399249577373,0.8189399249577373,7,35000,701
ATCGTATT,0.8179503566569084,0.8179503566569084,7,35000,701
CATGTGAT,0.8177441965942357,0.8177441965942357,7,35000,701
TCAAAGAT,0.8126726590524883,0.8126726590524883,7,35000,701
GGGATCTT,0.811786170782996,0.811786170782996,7,35000,701
TAGCGTAT,0.8114563146827196,0.8114563146827196,7,35000,701
GCTATCGT,0.811415082670185,0.811415082670185,7,35000,701
CGGAGGAT,0.8072712654104647,0.8072712654104647,7,35000,701
GATCGTTT,0.8059930730218942,0.8059930730218942,7,35000,701
TATCGAGT,0.8031686801632787,0.8031686801632787,7,35000,701
TTGAGTAT,0.8030862161382097,0.8030862161382097,7,35000,701
ATACGGGT,0.8022203438749845,0.8022203438749845,7,35000,701
GATCAATT,0.8019214117841091,0.8019214117841091,7,35000,701
GATCTCGT,0.8017770997402383,0.8017770997402383,7,35000,701
TGAAGGAT,0.8000144312043872,0.8000144312043872,7,35000,701
TGAATAAT,0.7987774708283512,0.7987774708283512,7,35000,701
GACACCGT,0.7985919267719457,0.7985919267719457,7,35000,701
TATCGACT,0.7985713107656784,0.7985713107656784,7,35000,701
TCAACGAT,0.7977879025275223,0.7977879025275223,7,35000,701
GGGCTGAT,0.7972415783614398,0.7972415783614398,7,35000,701
TACGTGAT,0.797210654352039,0.797210654352039,7,35000,701
ATATTGGT,0.795581989856925,0.795581989856925,7,35000,701
GAAGATCT,0.794509957531027,0.794509957531027,7,35000,701
TTAATATT,0.7936543932709357,0.7936543932709357,7,35000,701
TATAAGGT,0.7921494248134252,0.7921494248134252,7,35000,701
ATATGAAT,0.7917164886818125,0.7917164886818125,7,35000,701
CAATACCT,0.7914587886034717,0.7914587886034717,7,35000,701
TATGCGAT,0.7908403084154537,0.7908403084154537,7,35000,701
TCGTTGAT,0.7907990764029192,0.7907990764029192,7,35000,701
AACAGTAT,0.7906032243433803,0.7906032243433803,7,35000,701
TCTTGTAT,0.7905001443120439,0.7905001443120439,7,35000,701
GCCGGTAT,0.7899125881334269,0.7899125881334269,7,35000,701
ACTAGTAT,0.7895311920174825,0.7895311920174825,7,35000,701
ATCATTTT,0.7890982558858698,0.7890982558858698,7,35000,701
TGATCGAT,0.7863047870366553,0.7863047870366553,7,35000,701
GTATTGGT,0.7852224467076238,0.7852224467076238,7,35000,701
TGATCGCT,0.7848616665979465,0.7848616665979465,7,35000,701
AGCCCGAT,0.7833670061435698,0.7833670061435698,7,35000,701
TCTACTAT,0.782830989980621,0.782830989980621,7,35000,701
GATCGTCT,0.7827382179524183,0.7827382179524183,7,35000,701
CCTATCTT,0.7814394095575804,0.7814394095575804,7,35000,701
ATCCCACT,0.7813569455325116,0.7813569455325116,7,35000,701
AGTGGGAT,0.7813569455325116,0.7813569455325116,7,35000,701
GAGGTGAT,0.7807075413350926,0.7807075413350926,7,35000,701
GCGCGGAT,0.7803158372160145,0.7803158372160145,7,35000,701
CTCCTTGT,0.7793778089308538,0.7793778089308538,7,35000,701
GGTGTATT,0.7783573166206242,0.7783573166206242,7,35000,701
GATCTGGT,0.7767801921411785,0.7767801921411785,7,35000,701
TAAGTATT,0.7760689399249577,0.7760689399249577,7,35000,701
AGATTAGT,0.7757700078340823,0.7757700078340823,7,35000,701
TATACGGT,0.7752649156805343,0.7752649156805343,7,35000,701
CGAGTGAT,0.7747185915144519,0.7747185915144519,7,35000,701
GTAATGAT,0.7725642188595224,0.7725642188595224,7,35000,701
GGGATTGT,0.7717292706056982,0.7717292706056982,7,35000,701
TTAAAGAT,0.771121098420814,0.771121098420814,7,35000,701
AGTGGTAT,0.7709664783738094,0.7709664783738094,7,35000,701
GTATTGTT,0.7698532140353771,0.7698532140353771,7,35000,701
ATAATATT,0.7687811817094792,0.7687811817094792,7,35000,701
AATATTAT,0.7687811817094792,0.7687811817094792,7,35000,701
TAGGTGAT,0.7682348575433966,0.7682348575433966,7,35000,701
TTAGGTGT,0.7679462334556549,0.7679462334556549,7,35000,701
GATCCTGT,0.7674411413021069,0.7674411413021069,7,35000,701
TAGTGGAT,0.7664618810044118,0.7664618810044118,7,35000,701
AGATCGTT,0.7661217169010021,0.7661217169010021,7,35000,701
GACACGAT,0.765420772687915,0.765420772687915,7,35000,701
GATAACAT,0.7654104646847812,0.7654104646847812,7,35000,701
CTAGTGAT,0.7651630726095741,0.7651630726095741,7,35000,701
GCTATCAT,0.9723333195893292,0.9723333195893292,8,40000,801
GATACCTT,0.9706634230816805,0.9706634230816805,8,40000,801
GATATGAT,0.9700243268873954,0.9700243268873954,8,40000,801
GGTGTCAT,0.961272832226941,0.961272832226941,8,40000,801
GGTATTAT,0.9329258236094504,0.9329258236094504,8,40000,801
AGAGGTAT,0.9323898074465016,0.9323898074465016,8,40000,801
GTAGATAT,0.926421473632128,0.926421473632128,8,40000,801
GCGATACT,0.9248958891683503,0.9248958891683503,8,40000,801
AATATCAT,0.9232156846575681,0.9232156846575681,8,40000,801
ATGATATT,0.9232156846575681,0.9232156846575681,8,40000,801
ACTATCAT,0.9216901001937905,0.9216901001937905,8,40000,801
GATATGCT,0.9210716200057726,0.9210716200057726,8,40000,801
GTATCGGT,0.9165154826207067,0.9165154826207067,8,40000,801
TGGGATAT,0.9142477219313074,0.9142477219313074,8,40000,801
GTATCTTT,0.9067434956500228,0.9067434956500228,8,40000,801
TGGGGTAT,0.9029295344905786,0.9029295344905786,8,40000,801
GGTATAAT,0.9022595142868923,0.9022595142868923,8,40000,801
TTACTGAT,0.9002700696821012,0.9002700696821012,8,40000,801
CCATATAT,0.8944254319053312,0.8944254319053312,8,40000,801
GACGATAT,0.8903846946769471,0.8903846946769471,8,40000,801
TATCCTTT,0.8830660124520678,0.8830660124520678,8,40000,801
TAGATGAT,0.8828701603925287,0.8828701603925287,8,40000,801
AAGATACT,0.8800973075495815,0.8800973075495815,8,40000,801
GATCTATT,0.8787675751453429,0.8787675751453429,8,40000,801
ATCCCTCT,0.8725209252463613,0.8725209252463613,8,40000,801
GTATACTT,0.8664701274069188,0.8664701274069188,8,40000,801
TACCCCCT,0.8659753432565044,0.8659753432565044,8,40000,801
TATACCTT,0.86536717107162,0.86536717107162,8,40000,801
AATAGGAT,0.8596977693481218,0.8596977693481218,8,40000,801
TCCTATAT,0.8471838535438915,0.8471838535438915,8,40000,801
ATCACTAT,0.8463901373026017,0.8463901373026017,8,40000,801
AATACCTT,0.8445553127448151,0.8445553127448151,8,40000,801
ATAATGAT,0.842957572259102,0.842957572259102,8,40000,801
GATAGTCT,0.8424112480930194,0.8424112480930194,8,40000,801
CTGTATAT,0.8383395868552345,0.8383395868552345,8,40000,801
TATACATT,0.8349791778336701,0.8349791778336701,8,40000,801
CGGATCTT,0.8325567970972663,0.8325567970972663,8,40000,801
GGGTAGAT,0.8322475570032574,0.8322475570032574,8,40000,801
ATCCGCAT,0.8264132272296211,0.8264132272296211,8,40000,801
TCATTGAT,0.8170123283717479,0.8170123283717479,8,40000,801
GGATCTCT,0.8153011998515648,0.8153011998515648,8,40000,801
ATATTACT,0.8152084278233621,0.8152084278233621,8,40000,801
AGGTGTAT,0.8134766832969117,0.8134766832969117,8,40000,801
GGTATAGT,0.8123428029522122,0.8123428029522122,8,40000,801
GGTGTAAT,0.8115490867109224,0.8115490867109224,8,40000,801
ATCCGCCT,0.8085391497959016,0.8085391497959016,8,40000,801
ACGTGGAT,0.8083639137426298,0.8083639137426298,8,40000,801
TCTTATCT,0.8069207933039212,0.8069207933039212,8,40000,801
TTTATGAT,0.8058075289654889,0.8058075289654889,8,40000,801
GCGATGAT,0.8054055168432771,0.8054055168432771,8,40000,801
AGATCCTT,0.8049519647053972,0.8049519647053972,8,40000,801
CCAATGAT,0.7987053148064157,0.7987053148064157,8,40000,801
TGAGCTAT,0.7969735702799654,0.7969735702799654,8,40000,801
TACACCCT,0.796870490248629,0.796870490248629,8,40000,801
CTGGGTAT,0.7966952541953574,0.7966952541953574,8,40000,801
CAGTGTAT,0.7939945573743454,0.7939945573743454,8,40000,801
CAATGTAT,0.7936853172803365,0.7936853172803365,8,40000,801
ACTTATCT,0.7923865088854988,0.7923865088854988,8,40000,801
TTATCGAT,0.7912629365439326,0.7912629365439326,8,40000,801
ATCGGGGT,0.7909846204593246,0.7909846204593246,8,40000,801
AAAATGAT,0.7890982558858698,0.7890982558858698,8,40000,801
ACACCAAT,0.7863769430585907,0.7863769430585907,8,40000,801
ATCTCCAT,0.7853049107326929,0.7853049107326929,8,40000,801
ATGGAGAT,0.7853049107326929,0.7853049107326929,8,40000,801
CGAGGGAT,0.7843668824475323,0.7843668824475323,8,40000,801
ATCTCTCT,0.783645322228178,0.783645322228178,8,40000,801
TACTATGT,0.7817074176390549,0.7817074176390549,8,40000,801
CTGATATT,0.7816868016327877,0.7816868016327877,8,40000,801
CATACTAT,0.7806456933162907,0.7806456933162907,8,40000,801
GATCAGCT,0.778955180802375,0.778955180802375,8,40000,801
TCGCATAT,0.7779553044984125,0.7779553044984125,8,40000,801
TGTCCGAT,0.7756566197996124,0.7756566197996124,8,40000,801
TAATGGAT,0.7740176473013649,0.7740176473013649,8,40000,801
GCATAGAT,0.7737084072073558,0.7737084072073558,8,40000,801
GTATATGT,0.773564095163485,0.773564095163485,8,40000,801
AAGATAAT,0.7727085309033933,0.7727085309033933,8,40000,801
ATCACTCT,0.7710180183894776,0.7710180183894776,8,40000,801
ATAAACCT,0.7653280006597122,0.7653280006597122,8,40000,801
ATCGCTAT,0.7647198284748279,0.7647198284748279,8,40000,801
TAGGGGGT,0.7646373644497587,0.7646373644497587,8,40000,801
ACCCTGAT,0.7628953119201748,0.7628953119201748,8,40000,801
TCATCGAT,0.7619572836350142,0.7619572836350142,8,40000,801
ATGATAAT,0.7612357234156599,0.7612357234156599,8,40000,801
ATCGTCTT,0.7592565868140023,0.7592565868140023,8,40000,801
ATCTACTT,0.7590916587638643,0.7590916587638643,8,40000,801
GTAGCTAT,0.7587927266729889,0.7587927266729889,8,40000,801
CCATGTAT,0.7573186822248795,0.7573186822248795,8,40000,801
ATTATTGT,0.7567723580587968,0.7567723580587968,8,40000,801
GATTGGAT,0.753762421143776,0.753762421143776,8,40000,801
ATCCCCGT,0.7535356450748362,0.7535356450748362,8,40000,801
TGTATAAT,0.7526079247928091,0.7526079247928091,8,40000,801
GATGTATT,0.7507834082381561,0.7507834082381561,8,40000,801
ATCACACT,0.7487321156145632,0.7487321156145632,8,40000,801
AGGGGTGT,0.7482579474704161,0.7482579474704161,8,40000,801
ACACCCCT,0.7482579474704161,0.7482579474704161,8,40000,801
CACAGGAT,0.746711747000371,0.746711747000371,8,40000,801
AGTGAGAT,0.7453820145961325,0.7453820145961325,8,40000,801
TGAGGGAT,0.7452583185585289,0.7452583185585289,8,40000,801
TATCTGCT,0.7449593864676535,0.7449593864676535,8,40000,801
ACAGAGAT,0.7448459984331834,0.7448459984331834,8,40000,801
ATTGATAT,0.9782604213911682,0.9782604213911682,9,45000,901
TGATATAT,0.9676225621572588,0.9676225621572588,9,45000,901
TAAGATAT,0.9215767121593205,0.9215767121593205,9,45000,901
TGATCTAT,0.9167422586896466,0.9167422586896466,9,45000,901
GATAGTAT,0.9121448892920463,0.9121448892920463,9,45000,901
AGATCAAT,0.9097843565744445,0.9097843565744445,9,45000,901
GGATACCT,0.9072382798004371,0.9072382798004371,9,45000,901
CGTATCGT,0.8959613243722426,0.8959613243722426,9,45000,901
TTGGATAT,0.8957036242939018,0.8957036242939018,9,45000,901
AAGGATAT,0.8856945532511441,0.8856945532511441,9,45000,901
ATATGGAT,0.885364697150868,0.885364697150868,9,45000,901
TCACATAT,0.8710365727951181,0.8710365727951181,9,45000,901
CGGATATT,0.8674287716983466,0.8674287716983466,9,45000,901
ACATATAT,0.8620583020657239,0.8620583020657239,9,45000,901
TAGTGTAT,0.8526986352203851,0.8526986352203851,9,45000,901
ATACCCAT,0.8511421267472065,0.8511421267472065,9,45000,901
TCTAATAT,0.8499051663711706,0.8499051663711706,9,45000,901
CTATCAAT,0.8425143281243557,0.8425143281243557,9,45000,901
GAGATAGT,0.8415762998391951,0.8415762998391951,9,45000,901
ATATAGCT,0.8355564260091535,0.8355564260091535,9,45000,901
GATAGCGT,0.8316806168309074,0.8316806168309074,9,45000,901
AGGATTAT,0.8275471075743207,0.8275471075743207,9,45000,901
ACATATCT,0.8228157341359832,0.8228157341359832,9,45000,901
ACACATAT,0.8192903970642808,0.8192903970642808,9,45000,901
ATGAGTAT,0.8179194326475075,0.8179194326475075,9,45000,901
AATATCCT,0.8169092483404115,0.8169092483404115,9,45000,901
TGATTGAT,0.8168886323341443,0.8168886323341443,9,45000,901
ATAACGAT,0.8133632952624418,0.8133632952624418,9,45000,901
TATACTGT,0.8124768069929493,0.8124768069929493,9,45000,901
TGATAGAT,0.8094874860841957,0.8094874860841957,9,45000,901
GCAGATAT,0.8087040778460397,0.8087040778460397,9,45000,901
TGTGATCT,0.8026532800065971,0.8026532800065971,9,45000,901
CTATCTCT,0.8015812476806994,0.8015812476806994,9,45000,901
CAGGATCT,0.8008184554488105,0.8008184554488105,9,45000,901
CGACACCT,0.8002308992701934,0.8002308992701934,9,45000,901
ATCGGGAT,0.7977363625118542,0.7977363625118542,9,45000,901
GATCCAGT,0.7971694223395044,0.7971694223395044,9,45000,901
ATAAAGAT,0.7962210860512101,0.7962210860512101,9,45000,901
ACCAATAT,0.795581989856925,0.795581989856925,9,45000,901
TATTAGAT,0.794231641446419,0.794231641446419,9,45000,901
CTATCCCT,0.7872221993155486,0.7872221993155486,9,45000,901
CGCCGTAT,0.7872221993155486,0.7872221993155486,9,45000,901
AGAGAGAT,0.783645322228178,0.783645322228178,9,45000,901
GTAATACT,0.7825011338803447,0.7825011338803447,9,45000,901
ACCTAGAT,0.7792747288995175,0.7792747288995175,9,45000,901
ATCCGAAT,0.7784913206613616,0.7784913206613616,9,45000,901
ATCAAGGT,0.7779965365109471,0.7779965365109471,9,45000,901
CTGATCGT,0.7764606440440358,0.7764606440440358,9,45000,901
GTGGATCT,0.7764091040283676,0.7764091040283676,9,45000,901
GATCGATT,0.7759246278810868,0.7759246278810868,9,45000,901
ACTAATCT,0.7757700078340823,0.7757700078340823,9,45000,901
TACCCTCT,0.7752752236836681,0.7752752236836681,9,45000,901
GCTATCTT,0.7751824516554653,0.7751824516554653,9,45000,901
CGATTGAT,0.768987341772152,0.768987341772152,9,45000,901
ATTGGTAT,0.768307013565332,0.768307013565332,9,45000,901
AGGGATCT,0.766905125139158,0.766905125139158,9,45000,901
ATCTCCTT,0.7639364202366717,0.7639364202366717,9,45000,901
TTAAGGAT,0.7635962561332619,0.7635962561332619,9,45000,901
TGGATCGT,0.7624211437760278,0.7624211437760278,9,45000,901
ACTGCTAT,0.7606172432276419,0.7606172432276419,9,45000,901
GATTATCT,0.7604626231806375,0.7604626231806375,9,45000,901
AAGGGTGT,0.7603389271430339,0.7603389271430339,9,45000,901
ACACCCTT,0.7603389271430339,0.7603389271430339,9,45000,901
CGACTGAT,0.7600090710427577,0.7600090710427577,9,45000,901
GTGTCACT,0.7591844307920669,0.7591844307920669,9,45000,901
GCCTATCT,0.7589679627262607,0.7589679627262607,9,45000,901
TCACTTAT,0.7588442666886571,0.7588442666886571,9,45000,901
GAAAGGAT,0.7588133426792562,0.7588133426792562,9,45000,901
GGGGTGAT,0.7577310023502247,0.7577310023502247,9,45000,901
AATCCTAT,0.7574011462499484,0.7574011462499484,9,45000,901
TACCATAT,0.7554838576670927,0.7554838576670927,9,45000,901
CGGATCCT,0.7550818455448811,0.7550818455448811,9,45000,901
CAAGATCT,0.7533294850121635,0.7533294850121635,9,45000,901
TATTGGTT,0.7527419288335464,0.7527419288335464,9,45000,901
GATTAAAT,0.7527316208304128,0.7527316208304128,9,45000,901
CTAGTTAT,0.7524326887395374,0.7524326887395374,9,45000,901
GATTTGAT,0.7517420525295839,0.7517420525295839,9,45000,901
ATATAGTT,0.7492062837587103,0.7492062837587103,9,45000,901
ATCGTTCT,0.7468663670473756,0.7468663670473756,9,45000,901
CCCGGGAT,0.746660206984703,0.746660206984703,9,45000,901
GGGTGGAT,0.7460726508060859,0.7460726508060859,9,45000,901
GGCATGAT,0.7457324867026759,0.7457324867026759,9,45000,901
CTCAGTAT,0.7456706386838742,0.7456706386838742,9,45000,901
AACGGTAT,0.7447841504143817,0.7447841504143817,9,45000,901
TCCTCGAT,0.7437430420978848,0.7437430420978848,9,45000,901
CAGGGGAT,0.7436502700696821,0.7436502700696821,9,45000,901
TTGTGGAT,0.7431554859192677,0.7431554859192677,9,45000,901
TATCCTGT,0.7425370057312498,0.7425370057312498,9,45000,901
CTAGATCT,0.7416917494742918,0.7416917494742918,9,45000,901
ACATCGAT,0.7406815651671959,0.7406815651671959,9,45000,901
CCCGGTAT,0.7402486290355832,0.7402486290355832,9,45000,901
ACGAGTAT,0.7401764730136479,0.7401764730136479,9,45000,901
AACCGGAT,0.7398878489259061,0.7398878489259061,9,45000,901
CGGGTGTT,0.7393209087535563,0.7393209087535563,9,45000,901
TCCCCGAT,0.739186904712819,0.739186904712819,9,45000,901
TGATTAAT,0.7390425926689482,0.7390425926689482,9,45000,901
ACAGTGAT,0.7389188966313446,0.7389188966313446,9,45000,901
GGTGAGAT,0.7361563517915309,0.7361563517915309,9,45000,901
GCTTATAT,0.7358058796849875,0.7358058796849875,9,45000,901
TCAGGGGT,0.7355894116191811,0.7355894116191811,9,45000,901
TGATACTT,0.9782810373974353,0.9782810373974353,10,50000,1001
AAAGATAT,0.9322764194120315,0.9322764194120315,10,50000,1001
TGAGATAT,0.9295138745722179,0.9295138745722179,10,50000,1001
GACACCCT,0.9149692821506618,0.9149692821506618,10,50000,1001
TTGATATT,0.9055683832927885,0.9055683832927885,10,50000,1001
ATCGATCT,0.8876530738465345,0.8876530738465345,10,50000,1001
GATACGTT,0.8869727456397147,0.8869727456397147,10,50000,1001
CTATATCT,0.8732631014719828,0.8732631014719828,10,50000,1001
GATCCGGT,0.8648311549086711,0.8648311549086711,10,50000,1001
TATTGTAT,0.8646662268585329,0.8646662268585329,10,50000,1001
TATCACGT,0.8492557621737516,0.8492557621737516,10,50000,1001
AGATGTAT,0.8481218818290521,0.8481218818290521,10,50000,1001
TCAAAAAT,0.8457201170989156,0.8457201170989156,10,50000,1001
CGGATTAT,0.8369480064321939,0.8369480064321939,10,50000,1001
GGGATAAT,0.8310518286397559,0.8310518286397559,10,50000,1001
TATCCCGT,0.830876592586484,0.830876592586484,10,50000,1001
TATCTTCT,0.8264647672452893,0.8264647672452893,10,50000,1001
TACTATCT,0.817682348575434,0.817682348575434,10,50000,1001
AGGATATT,0.8169092483404115,0.8169092483404115,10,50000,1001
GTTGGTAT,0.8126314270399538,0.8126314270399538,10,50000,1001
CCTGGTAT,0.8122397229208759,0.8122397229208759,10,50000,1001
GATAGTTT,0.8112913866325816,0.8112913866325816,10,50000,1001
TCCAGTAT,0.8077660495608792,0.8077660495608792,10,50000,1001
ATCATACT,0.8060755370469632,0.8060755370469632,10,50000,1001
TCCTAGAT,0.8015193996618974,0.8015193996618974,10,50000,1001
TGTCATAT,0.8006947594112068,0.8006947594112068,10,50000,1001
ATCCCGAT,0.7977363625118542,0.7977363625118542,10,50000,1001
AGATAAGT,0.7923865088854988,0.7923865088854988,10,50000,1001
ACTATACT,0.7917164886818125,0.7917164886818125,10,50000,1001
ATATTCCT,0.7907269203809838,0.7907269203809838,10,50000,1001
ATACGCGT,0.7890982558858698,0.7890982558858698,10,50000,1001
CTGTTGAT,0.7890364078670681,0.7890364078670681,10,50000,1001
GATGAGAT,0.7887271677730591,0.7887271677730591,10,50000,1001
ATTGGTGT,0.7863769430585907,0.7863769430585907,10,50000,1001
GATCGCTT,0.7856347668329691,0.7856347668329691,10,50000,1001
ATAAGGAT,0.7851399826825547,0.7851399826825547,10,50000,1001
CAAAGGAT,0.7837793262689151,0.7837793262689151,10,50000,1001
AATGAGAT,0.7829959180307592,0.7829959180307592,10,50000,1001
AGACTGAT,0.7818517296829258,0.7818517296829258,10,50000,1001
ATCGTACT,0.7796355090091948,0.7796355090091948,10,50000,1001
GAAGCGAT,0.7792334968869831,0.7792334968869831,10,50000,1001
AAAAGGAT,0.7787593287428359,0.7787593287428359,10,50000,1001
CGATCAGT,0.7787284047334351,0.7787284047334351,10,50000,1001
AATACTCT,0.7786768647177668,0.7786768647177668,10,50000,1001
ATGATCGT,0.7777285284294726,0.7777285284294726,10,50000,1001
ATCTGTTT,0.7775429843730673,0.7775429843730673,10,50000,1001
ATCTGGTT,0.776738960128644,0.776738960128644,10,50000,1001
TCCCCCCT,0.7761204799406259,0.7761204799406259,10,50000,1001
CACCCTTT,0.7728322269409971,0.7728322269409971,10,50000,1001
CCCGATCT,0.768142085515194,0.768142085515194,10,50000,1001
GATCGCGT,0.7664206489918772,0.7664206489918772,10,50000,1001
AGCTATCT,0.7645549004246898,0.7645549004246898,10,50000,1001
AGATAGCT,0.7645549004246898,0.7645549004246898,10,50000,1001
TCAACTAT,0.76398796025234,0.76398796025234,10,50000,1001
ATCAGGTT,0.7638127241990682,0.7638127241990682,10,50000,1001
TATAGTCT,0.7633076320455201,0.7633076320455201,10,50000,1001
GAATCGAT,0.7601430750834949,0.7601430750834949,10,50000,1001
TGATAATT,0.758988578732528,0.758988578732528,10,50000,1001
GGAGATCT,0.7589061147074588,0.7589061147074588,10,50000,1001
ATGAGGAT,0.7560611058425762,0.7560611058425762,10,50000,1001
ACGGGGAT,0.7535356450748362,0.7535356450748362,10,50000,1001
GCGAGTAT,0.7527006968210119,0.7527006968210119,10,50000,1001
TGGGGTGT,0.7524533047458046,0.7524533047458046,10,50000,1001
TTCCATAT,0.751906980579722,0.751906980579722,10,50000,1001
GAGTTGAT,0.7484641075330887,0.7484641075330887,10,50000,1001
ATCCGATT,0.7483094874860842,0.7483094874860842,10,50000,1001
TCAGATCT,0.7478559353482044,0.7478559353482044,10,50000,1001
CTGGCGAT,0.7463097348781594,0.7463097348781594,10,50000,1001
ATCCTTCT,0.7445986063579764,0.7445986063579764,10,50000,1001
ATATAAGT,0.7436193460602812,0.7436193460602812,10,50000,1001
GGTGGGAT,0.7433925699913412,0.7433925699913412,10,50000,1001
ACAGTATT,0.7424030016905125,0.7424030016905125,10,50000,1001
TACGTATT,0.7422689976497753,0.7422689976497753,10,50000,1001
ATACTCGT,0.7401764730136479,0.7401764730136479,10,50000,1001
ATCCACCT,0.740032160969777,0.740032160969777,10,50000,1001
AGCCATAT,0.7399806209541088,0.7399806209541088,10,50000,1001
AAGATAGT,0.7378984043211149,0.7378984043211149,10,50000,1001
TAAGCTAT,0.736774831979549,0.736774831979549,10,50000,1001
CGCGGGAT,0.7343112192306106,0.7343112192306106,10,50000,1001
CATTTAAT,0.7320434585412113,0.7320434585412113,10,50000,1001
CATCATAT,0.7315692903970643,0.7315692903970643,10,50000,1001
AGGATGAT,0.7300849379458211,0.7300849379458211,10,50000,1001
GATAAGGT,0.7297963138580794,0.7297963138580794,10,50000,1001
TGAGGTGT,0.7296726178204759,0.7296726178204759,10,50000,1001
GTCAGGAT,0.7295076897703378,0.7295076897703378,10,50000,1001
ATGGTGAT,0.728992289613656,0.728992289613656,10,50000,1001
ATCACCAT,0.728992289613656,0.728992289613656,10,50000,1001
AAGGGGGT,0.7288995175854533,0.7288995175854533,10,50000,1001
GGGAAGAT,0.7287552055415825,0.7287552055415825,10,50000,1001
ACCCTATT,0.728600585494578,0.728600585494578,10,50000,1001
AATAGGGT,0.728600585494578,0.728600585494578,10,50000,1001
GGGGAGAT,0.7281470333566982,0.7281470333566982,10,50000,1001
ATCATGGT,0.7278893332783574,0.7278893332783574,10,50000,1001
TCTCTTAT,0.7273017770997403,0.7273017770997403,10,50000,1001
CCTGGTGT,0.7268069929493258,0.7268069929493258,10,50000,1001
GGTCAGAT,0.7234878159402961,0.7234878159402961,10,50000,1001
CTTATCGT,0.7230961118212179,0.7230961118212179,10,50000,1001
GTGGTGAT,0.7226322516802045,0.7226322516802045,10,50000,1001
CAATCTCT,0.7220240794953202,0.7220240794953202,10,50000,1001
TCGATCAT,0.7217457634107121,0.7217457634107121,10,50000,1001
