{"run_id": "14:24:28-01/17/2025", "exp_name": "Adalead_mu=1_threshold=0.05", "model_name": "LandscapeAsModel=TF_Binding", "landscape_name": "TF_Binding", "rounds": 10, "sequences_batch_size": 100, "model_queries_per_batch": 5000}
sequence,model_score,true_score,round,model_cost,measurement_cost
GCTCGAGC,,0.5502102832639261,0,0,1
GTGATATC,0.9942172102420319,0.9942172102420319,1,5063,100
GATATCCC,0.9840638271554035,0.9840638271554035,1,5063,100
GATATCGT,0.9820228425349441,0.9820228425349441,1,5063,100
GATATCGC,0.9771574650558693,0.9771574650558693,1,5063,100
GATATCCT,0.9755081845544881,0.9755081845544881,1,5063,100
TATCAAAT,0.9692615346555065,0.9692615346555065,1,5063,100
GGTGTATC,0.9676947181791943,0.9676947181791943,1,5063,100
GATATACC,0.9673236300663836,0.9673236300663836,1,5063,100
GGTATATC,0.9673236300663836,0.9673236300663836,1,5063,100
GTGATATA,0.961973776440028,0.961973776440028,1,5063,100
GGGGGATA,0.9563146827196636,0.9563146827196636,1,5063,100
GGGGGATC,0.9528305776604957,0.9528305776604957,1,5063,100
CCCATATC,0.9523461015132149,0.9523461015132149,1,5063,100
TATCACAC,0.9519956294066714,0.9519956294066714,1,5063,100
CTGATATA,0.9452026553416072,0.9452026553416072,1,5063,100
GATATGTA,0.9446975631880592,0.9446975631880592,1,5063,100
GATATCGA,0.9400486537747907,0.9400486537747907,1,5063,100
GGAGTATC,0.9356574444398631,0.9356574444398631,1,5063,100
TCGATACT,0.9347503401641034,0.9347503401641034,1,5063,100
GCTATCAC,0.9339669319259473,0.9339669319259473,1,5063,100
GATCGATA,0.9319774873211562,0.9319774873211562,1,5063,100
TATCGATC,0.9319774873211562,0.9319774873211562,1,5063,100
ATTATATC,0.9310806910485301,0.9310806910485301,1,5063,100
GATACTGT,0.9251020492310229,0.9251020492310229,1,5063,100
GTATCAGC,0.9250814332247558,0.9250814332247558,1,5063,100
GATATGGA,0.9239887848925906,0.9239887848925906,1,5063,100
CCTATCAC,0.9200408196924091,0.9200408196924091,1,5063,100
GCTATATC,0.9194223395043912,0.9194223395043912,1,5063,100
TCAGTATC,0.9182266111408898,0.9182266111408898,1,5063,100
GATACTGA,0.9182266111408898,0.9182266111408898,1,5063,100
ATCAGATC,0.9148146621036574,0.9148146621036574,1,5063,100
TCCCTATC,0.9140827938811694,0.9140827938811694,1,5063,100
TATCGTAC,0.912660289448728,0.912660289448728,1,5063,100
TATCACCG,0.9123407413515854,0.9123407413515854,1,5063,100
TATCAATC,0.9094751164804354,0.9094751164804354,1,5063,100
TATCAAGC,0.9089081763080856,0.9089081763080856,1,5063,100
TATCTCAC,0.9081763080855977,0.9081763080855977,1,5063,100
TATCACAA,0.907743371953985,0.907743371953985,1,5063,100
TATCACGC,0.904599430998227,0.904599430998227,1,5063,100
GATCCAAT,0.9010534779202574,0.9010534779202574,1,5063,100
ATTGGATC,0.9010534779202574,0.9010534779202574,1,5063,100
CCCGGATC,0.9000948336288294,0.9000948336288294,1,5063,100
ATAAGATA,0.8930956995010927,0.8930956995010927,1,5063,100
ACCTGATA,0.8918587391250568,0.8918587391250568,1,5063,100
TATCGCTG,0.8907351667834907,0.8907351667834907,1,5063,100
CAGCGATA,0.8907351667834907,0.8907351667834907,1,5063,100
CTTCGATA,0.8870139776522492,0.8870139776522492,1,5063,100
GCTGTATC,0.8837875726714222,0.8837875726714222,1,5063,100
CCTATCAG,0.8798602234775079,0.8798602234775079,1,5063,100
AATAGATC,0.8787675751453429,0.8787675751453429,1,5063,100
CCCTGATA,0.8778398548633158,0.8778398548633158,1,5063,100
GCCGGATC,0.8777264668288458,0.8777264668288458,1,5063,100
GATCCGGC,0.8777264668288458,0.8777264668288458,1,5063,100
GATAGGGT,0.8768193625530861,0.8768193625530861,1,5063,100
GATCAAAA,0.8754999381519812,0.8754999381519812,1,5063,100
AGGAGATC,0.87339710551272,0.87339710551272,1,5063,100
CATCGATA,0.8720158330928133,0.8720158330928133,1,5063,100
TAGATATT,0.8711293448233208,0.8711293448233208,1,5063,100
CCCCGATA,0.8687791201088525,0.8687791201088525,1,5063,100
TATCGGGG,0.8687791201088525,0.8687791201088525,1,5063,100
GGGATACC,0.8685008040242445,0.8685008040242445,1,5063,100
GATCCATT,0.8683667999835072,0.8683667999835072,1,5063,100
GATCTTAC,0.8680060198738301,0.8680060198738301,1,5063,100
GATCATAG,0.8673463076732776,0.8673463076732776,1,5063,100
TATCGTGT,0.8639858986517132,0.8639858986517132,1,5063,100
GATTGATC,0.8586257370222241,0.8586257370222241,1,5063,100
TCCGGATC,0.8571826165835154,0.8571826165835154,1,5063,100
GATCCGGA,0.8571826165835154,0.8571826165835154,1,5063,100
GATCTACT,0.8567909124644374,0.8567909124644374,1,5063,100
AGTAGATC,0.8567909124644374,0.8567909124644374,1,5063,100
TCTTGATA,0.8567290644456356,0.8567290644456356,1,5063,100
GATATTGA,0.855708572135406,0.855708572135406,1,5063,100
TATCGCGC,0.8551210159567888,0.8551210159567888,1,5063,100
GCAGGATC,0.8535541994804766,0.8535541994804766,1,5063,100
GATCCTGC,0.8535541994804766,0.8535541994804766,1,5063,100
GATAGGGC,0.853512967467942,0.853512967467942,1,5063,100
GCCCTATC,0.853512967467942,0.853512967467942,1,5063,100
TATCAGCG,0.8530800313363296,0.8530800313363296,1,5063,100
TATCTAAC,0.853038799323795,0.853038799323795,1,5063,100
TCGGTATC,0.8527707912423205,0.8527707912423205,1,5063,100
GATCTATC,0.8524203191357771,0.8524203191357771,1,5063,100
GATAGATC,0.8524203191357771,0.8524203191357771,1,5063,100
GGGATTAT,0.8523997031295097,0.8523997031295097,1,5063,100
GATCCTAG,0.8520595390260999,0.8520595390260999,1,5063,100
GGGATAAC,0.8519770750010307,0.8519770750010307,1,5063,100
GGAGGATC,0.8504411825341195,0.8504411825341195,1,5063,100
GATCTCTG,0.8498227023461016,0.8498227023461016,1,5063,100
TATCGTCC,0.8490083700985445,0.8490083700985445,1,5063,100
TATCCTTG,0.8488949820640745,0.8488949820640745,1,5063,100
GATCAAAG,0.8482765018760565,0.8482765018760565,1,5063,100
GGTGGATC,0.8482146538572548,0.8482146538572548,1,5063,100
GATCCACC,0.8482146538572548,0.8482146538572548,1,5063,100
TATCTTAC,0.8480394178039831,0.8480394178039831,1,5063,100
GTGATCTA,0.8477198697068403,0.8477198697068403,1,5063,100
TCTGTATC,0.8474930936379006,0.8474930936379006,1,5063,100
ACACTATC,0.8464829093308044,0.8464829093308044,1,5063,100
TATCTCTT,0.8459778171772564,0.8459778171772564,1,5063,100
GAAGGATC,0.8457819651177175,0.8457819651177175,1,5063,100
ACTATCAG,0.8445346967385478,0.8445346967385478,1,5063,100
GATATCAC,0.9942172102420319,0.9942172102420319,2,10078,199
GTGATACC,0.9939079701480229,0.9939079701480229,2,10078,199
GGTATCAC,0.9939079701480229,0.9939079701480229,2,10078,199
GATATCAA,0.9935059580258113,0.9935059580258113,2,10078,199
TTGATATC,0.9935059580258113,0.9935059580258113,2,10078,199
TTGATACC,0.992980249865996,0.992980249865996,2,10078,199
GGGGTATC,0.9909186492392694,0.9909186492392694,2,10078,199
GATACCCC,0.9909186492392694,0.9909186492392694,2,10078,199
ATGATACC,0.989691996866367,0.989691996866367,2,10078,199
GGTATCAT,0.989691996866367,0.989691996866367,2,10078,199
ATGATATG,0.9850946274687667,0.9850946274687667,2,10078,199
ATGATACG,0.9847338473590896,0.9847338473590896,2,10078,199
GGGATATC,0.9840638271554035,0.9840638271554035,2,10078,199
ACGATATC,0.9820228425349441,0.9820228425349441,2,10078,199
AGGGTATC,0.9812497422999216,0.9812497422999216,2,10078,199
GATACCCT,0.9812497422999216,0.9812497422999216,2,10078,199
TAGGTATC,0.979724157836144,0.979724157836144,2,10078,199
TATGATAT,0.9794870737640705,0.9794870737640705,2,10078,199
GATATCAT,0.9794561497546695,0.9794561497546695,2,10078,199
ATGATATC,0.9794561497546695,0.9794561497546695,2,10078,199
TTGATACT,0.9781985733723663,0.9781985733723663,2,10078,199
GCGATATC,0.9771574650558693,0.9771574650558693,2,10078,199
TATCATAT,0.9761988207644415,0.9761988207644415,2,10078,199
ATGATACA,0.9761163567393725,0.9761163567393725,2,10078,199
AGGATATC,0.9755081845544881,0.9755081845544881,2,10078,199
GTGATACG,0.9751680204510782,0.9751680204510782,2,10078,199
GATATCAG,0.9750546324166083,0.9750546324166083,2,10078,199
CTGATATC,0.9750546324166083,0.9750546324166083,2,10078,199
GATATCCG,0.9737352080155032,0.9737352080155032,2,10078,199
CGGATATC,0.9737352080155032,0.9737352080155032,2,10078,199
TATCATAC,0.9734362759246279,0.9734362759246279,2,10078,199
GATATCTT,0.9732094998556878,0.9732094998556878,2,10078,199
TATATATC,0.9730445718055498,0.9730445718055498,2,10078,199
GATATATA,0.9730445718055498,0.9730445718055498,2,10078,199
TAGATATC,0.9729827237867481,0.9729827237867481,2,10078,199
GATATCTA,0.9729827237867481,0.9729827237867481,2,10078,199
GATATATC,0.9725188636457345,0.9725188636457345,2,10078,199
GCTATCAT,0.9723333195893292,0.9723333195893292,2,10078,199
ATGATAGC,0.9723333195893292,0.9723333195893292,2,10078,199
TGTATCAC,0.9714674473261039,0.9714674473261039,2,10078,199
GTGATACA,0.9714674473261039,0.9714674473261039,2,10078,199
GATACCTT,0.9706634230816805,0.9706634230816805,2,10078,199
TTGATATG,0.9700449428936627,0.9700449428936627,2,10078,199
CATATCAA,0.9700449428936627,0.9700449428936627,2,10078,199
ATCATATC,0.9700243268873954,0.9700243268873954,2,10078,199
GATATGAT,0.9700243268873954,0.9700243268873954,2,10078,199
GTGATACT,0.9694780027213128,0.9694780027213128,2,10078,199
GATATCTG,0.9682719663546778,0.9682719663546778,2,10078,199
TATCAGAT,0.9677874902073971,0.9677874902073971,2,10078,199
GATACACC,0.9676947181791943,0.9676947181791943,2,10078,199
TATCGTAT,0.9657155815775369,0.9657155815775369,2,10078,199
GATACCCG,0.9653032614521916,0.9653032614521916,2,10078,199
GATATCTC,0.9650352533707169,0.9650352533707169,2,10078,199
GAGATATC,0.9650352533707169,0.9650352533707169,2,10078,199
GGGTGATA,0.9641693811074918,0.9641693811074918,2,10078,199
TATCACCC,0.9641693811074918,0.9641693811074918,2,10078,199
TTGATACA,0.9631695048035296,0.9631695048035296,2,10078,199
GATATCCA,0.9623242485465716,0.9623242485465716,2,10078,199
TGGATATC,0.9623242485465716,0.9623242485465716,2,10078,199
GGTATCTA,0.9621490124932999,0.9621490124932999,2,10078,199
TAGATACC,0.9621490124932999,0.9621490124932999,2,10078,199
TATATCAC,0.961973776440028,0.961973776440028,2,10078,199
TATCAATA,0.9604275759699831,0.9604275759699831,2,10078,199
AGAGTATC,0.9597369397600297,0.9597369397600297,2,10078,199
CTGATATG,0.9595513957036242,0.9595513957036242,2,10078,199
CAGGTATC,0.9586752154372655,0.9586752154372655,2,10078,199
GGTATCGT,0.9577578031583722,0.9577578031583722,2,10078,199
GTGATATG,0.9574897950768977,0.9574897950768977,2,10078,199
CATATCAC,0.9574897950768977,0.9574897950768977,2,10078,199
TATATCAT,0.9571908629860224,0.9571908629860224,2,10078,199
ATGATATA,0.9571908629860224,0.9571908629860224,2,10078,199
TATCATTT,0.9565414587886035,0.9565414587886035,2,10078,199
GGGGTATA,0.9564074547478661,0.9564074547478661,2,10078,199
TATACCCC,0.9564074547478661,0.9564074547478661,2,10078,199
GATACCTC,0.9544386261493425,0.9544386261493425,2,10078,199
GGTATCGA,0.9541500020616006,0.9541500020616006,2,10078,199
CTGATACC,0.9533975178328454,0.9533975178328454,2,10078,199
GATATCGG,0.9528305776604957,0.9528305776604957,2,10078,199
CCGATATC,0.9528305776604957,0.9528305776604957,2,10078,199
GATACATA,0.9525522615758876,0.9525522615758876,2,10078,199
TATGTATC,0.9525522615758876,0.9525522615758876,2,10078,199
GATATGGG,0.9523461015132149,0.9523461015132149,2,10078,199
GTGTGATA,0.9519956294066714,0.9519956294066714,2,10078,199
TATCATCT,0.9501298808394838,0.9501298808394838,2,10078,199
GCGATACC,0.9493361645981941,0.9493361645981941,2,10078,199
GGTATCGC,0.9493361645981941,0.9493361645981941,2,10078,199
TATATATA,0.9487692244258442,0.9487692244258442,2,10078,199
GGGATATA,0.9485733723663052,0.9485733723663052,2,10078,199
TATATCCC,0.9485733723663052,0.9485733723663052,2,10078,199
GGCATATC,0.9485527563600379,0.9485527563600379,2,10078,199
GATATGCC,0.9485527563600379,0.9485527563600379,2,10078,199
TATCACTC,0.9481816682472273,0.9481816682472273,2,10078,199
AGTGTATC,0.9470580959056611,0.9470580959056611,2,10078,199
GATACACT,0.9470580959056611,0.9470580959056611,2,10078,199
TATCATGT,0.9466663917865831,0.9466663917865831,2,10078,199
GATACCAT,0.9456355914732198,0.9456355914732198,2,10078,199
TATCATCC,0.9454912794293491,0.9454912794293491,2,10078,199
GTGATATT,0.9453057353729436,0.9453057353729436,2,10078,199
TACATATC,0.9446975631880592,0.9446975631880592,2,10078,199
GGTATCAA,0.992980249865996,0.992980249865996,3,15166,298
CATATCAT,0.9850946274687667,0.9850946274687667,3,15166,298
CGTATCAT,0.9847338473590896,0.9847338473590896,3,15166,298
TATGATAC,0.982703170741764,0.982703170741764,3,15166,298
CGTATCAA,0.982589782707294,0.982589782707294,3,15166,298
TTGATACG,0.982589782707294,0.982589782707294,3,15166,298
ATGATACT,0.9804354100523647,0.9804354100523647,3,15166,298
AGTATCAT,0.9804354100523647,0.9804354100523647,3,15166,298
GATACCTA,0.979724157836144,0.979724157836144,3,15166,298
TGTGATAT,0.9771986970684039,0.9771986970684039,3,15166,298
TGTATCAT,0.9761163567393725,0.9761163567393725,3,15166,298
CGTATCAC,0.9751680204510782,0.9751680204510782,3,15166,298
AAGATATC,0.9732094998556878,0.9732094998556878,3,15166,298
AATGATAT,0.9719106914608502,0.9719106914608502,3,15166,298
GGTGATAT,0.9714055993073022,0.9714055993073022,3,15166,298
AAGGTATC,0.9706634230816805,0.9706634230816805,3,15166,298
AGTATCAC,0.9694780027213128,0.9694780027213128,3,15166,298
CGTGATAT,0.9684059703954151,0.9684059703954151,3,15166,298
CAGATATC,0.9682719663546778,0.9682719663546778,3,15166,298
GATGATAT,0.9670350059786418,0.9670350059786418,3,15166,298
CTGATACT,0.9653548014678596,0.9653548014678596,3,15166,298
CGGGTATC,0.9653032614521916,0.9653032614521916,3,15166,298
TGTATCAA,0.9631695048035296,0.9631695048035296,3,15166,298
TATCGGAT,0.9627674926813178,0.9627674926813178,3,15166,298
TTTGATAT,0.9616026883272173,0.9616026883272173,3,15166,298
TACGATAT,0.9614893002927474,0.9614893002927474,3,15166,298
GGTGTCAT,0.961272832226941,0.961272832226941,3,15166,298
ATGACACC,0.961272832226941,0.961272832226941,3,15166,298
GATACTCT,0.9597369397600297,0.9597369397600297,3,15166,298
CATATCAG,0.9595513957036242,0.9595513957036242,3,15166,298
GATACCTG,0.9586752154372655,0.9586752154372655,3,15166,298
ACGATACC,0.9577578031583722,0.9577578031583722,3,15166,298
ATGATCCG,0.9577165711458376,0.9577165711458376,3,15166,298
TATCCCCC,0.9563146827196636,0.9563146827196636,3,15166,298
TTGACACC,0.9545623221869459,0.9545623221869459,3,15166,298
GAGGTATC,0.9544386261493425,0.9544386261493425,3,15166,298
TCGATACC,0.9541500020616006,0.9541500020616006,3,15166,298
GGTATCAG,0.9533975178328454,0.9533975178328454,3,15166,298
TCTGATAT,0.9529645817012329,0.9529645817012329,3,15166,298
GATCCCCC,0.9528305776604957,0.9528305776604957,3,15166,298
AAAGTATC,0.952593493588422,0.952593493588422,3,15166,298
CATGATAT,0.9521193254442749,0.9521193254442749,3,15166,298
ATGATCCC,0.9514183812311879,0.9514183812311879,3,15166,298
GGGATCAT,0.9514183812311879,0.9514183812311879,3,15166,298
GAGTGATA,0.9481816682472273,0.9481816682472273,3,15166,298
TATCATCG,0.94793427617202,0.94793427617202,3,15166,298
CGATGATA,0.94793427617202,0.94793427617202,3,15166,298
ATGATAGG,0.9467076237991177,0.9467076237991177,3,15166,298
CCTATCAT,0.9467076237991177,0.9467076237991177,3,15166,298
ATGGTATC,0.9456355914732198,0.9456355914732198,3,15166,298
GGATGATA,0.9454912794293491,0.9454912794293491,3,15166,298
AATATCAC,0.9453057353729436,0.9453057353729436,3,15166,298
TATATCAG,0.9452026553416072,0.9452026553416072,3,15166,298
TGGGTATC,0.944450171112852,0.944450171112852,3,15166,298
GATACCCA,0.944450171112852,0.944450171112852,3,15166,298
TATCACCA,0.9434812188182905,0.9434812188182905,3,15166,298
TACCGTAT,0.9431719787242815,0.9431719787242815,3,15166,298
ACGATATG,0.9431307467117469,0.9431307467117469,3,15166,298
CATATCGT,0.9431307467117469,0.9431307467117469,3,15166,298
CCGATACC,0.9428421226240052,0.9428421226240052,3,15166,298
GGTATCGG,0.9428421226240052,0.9428421226240052,3,15166,298
ATCATATA,0.9412856141508267,0.9412856141508267,3,15166,298
TATATGAT,0.9412856141508267,0.9412856141508267,3,15166,298
TATCATTC,0.9412340741351586,0.9412340741351586,3,15166,298
CCCGTATC,0.9411000700944213,0.9411000700944213,3,15166,298
TATATCGA,0.940966066053684,0.940966066053684,3,15166,298
TCGATATA,0.940966066053684,0.940966066053684,3,15166,298
GATACTAC,0.9406155939471406,0.9406155939471406,3,15166,298
GTGATCCG,0.9404197418876016,0.9404197418876016,3,15166,298
TGTATCAG,0.9403888178782007,0.9403888178782007,3,15166,298
CTGATACA,0.9403888178782007,0.9403888178782007,3,15166,298
GGGATCAC,0.9401311177998598,0.9401311177998598,3,15166,298
GTGATCCC,0.9401311177998598,0.9401311177998598,3,15166,298
TCGATATC,0.9400486537747907,0.9400486537747907,3,15166,298
TATCATTG,0.9399455737434544,0.9399455737434544,3,15166,298
GTGATCCT,0.9393477095617037,0.9393477095617037,3,15166,298
AGGATCAC,0.9393477095617037,0.9393477095617037,3,15166,298
TATCACAT,0.9387086133674185,0.9387086133674185,3,15166,298
TTGATCCT,0.9381622892013359,0.9381622892013359,3,15166,298
GATATACT,0.937770585082258,0.937770585082258,3,15166,298
AGTATATC,0.937770585082258,0.937770585082258,3,15166,298
TATATCTC,0.9376984290603225,0.9376984290603225,3,15166,298
GAGATATA,0.9376984290603225,0.9376984290603225,3,15166,298
TATCTCCC,0.9374407289819816,0.9374407289819816,3,15166,298
GGGAGATA,0.9374407289819816,0.9374407289819816,3,15166,298
TATCAGTA,0.93715210489424,0.93715210489424,3,15166,298
GATACTCC,0.9356574444398631,0.9356574444398631,3,15166,298
TACGATAC,0.9355440564053932,0.9355440564053932,3,15166,298
AGTATCGA,0.9347503401641034,0.9347503401641034,3,15166,298
GTGATAGC,0.9339669319259473,0.9339669319259473,3,15166,298
TTGATATA,0.933667999835072,0.933667999835072,3,15166,298
TATATCAA,0.933667999835072,0.933667999835072,3,15166,298
ACGATACT,0.933358759741063,0.933358759741063,3,15166,298
AGTATCGT,0.933358759741063,0.933358759741063,3,15166,298
ATAATACC,0.9329258236094504,0.9329258236094504,3,15166,298
GGTATTAT,0.9329258236094504,0.9329258236094504,3,15166,298
AAAGATAT,0.9322764194120315,0.9322764194120315,3,15166,298
CATATATA,0.9319774873211562,0.9319774873211562,3,15166,298
TATATATG,0.9319774873211562,0.9319774873211562,3,15166,298
GTATGATA,0.9734362759246279,0.9734362759246279,4,20247,397
AGTATCAG,0.9653548014678596,0.9653548014678596,4,20247,397
GATACTTT,0.952593493588422,0.952593493588422,4,20247,397
ATAGTATC,0.9461509916299015,0.9461509916299015,4,20247,397
GATACGGG,0.9411000700944213,0.9411000700944213,4,20247,397
ATGTGATA,0.9387086133674185,0.9387086133674185,4,20247,397
GATACGGT,0.9359769925370057,0.9359769925370057,4,20247,397
TATCAAAG,0.9340390879478827,0.9340390879478827,4,20247,397
TATATCTA,0.931925947305488,0.931925947305488,4,20247,397
TAGATATA,0.931925947305488,0.931925947305488,4,20247,397
GATATAAT,0.9310806910485301,0.9310806910485301,4,20247,397
TATCAACA,0.9309466870077928,0.9309466870077928,4,20247,397
GATACCGT,0.9306271389106502,0.9306271389106502,4,20247,397
ACGGTATC,0.9306271389106502,0.9306271389106502,4,20247,397
TATAGTAT,0.9304519028573784,0.9304519028573784,4,20247,397
TATATACT,0.9302766668041067,0.9302766668041067,4,20247,397
GATCATAT,0.9301220467571023,0.9301220467571023,4,20247,397
CGGATCAA,0.9298024986599597,0.9298024986599597,4,20247,397
GGTATATA,0.9296994186286234,0.9296994186286234,4,20247,397
TATATACC,0.9296994186286234,0.9296994186286234,4,20247,397
TATCAGTT,0.9296169546035542,0.9296169546035542,4,20247,397
CCTATATC,0.929596338597287,0.929596338597287,4,20247,397
GATATAGG,0.929596338597287,0.929596338597287,4,20247,397
ATCGTATC,0.9294726425596833,0.9294726425596833,4,20247,397
GATACGAT,0.9294726425596833,0.9294726425596833,4,20247,397
GATATGTC,0.9292561744938771,0.9292561744938771,4,20247,397
GACATATC,0.9292561744938771,0.9292561744938771,4,20247,397
GATACATC,0.9289881664124026,0.9289881664124026,4,20247,397
GATGTATC,0.9289881664124026,0.9289881664124026,4,20247,397
TATCCTAT,0.9287098503277945,0.9287098503277945,4,20247,397
CTGATACG,0.9283284542118501,0.9283284542118501,4,20247,397
AGGGGATA,0.9282666061930483,0.9282666061930483,4,20247,397
TATATCGC,0.9281841421679792,0.9281841421679792,4,20247,397
GCGATATA,0.9281841421679792,0.9281841421679792,4,20247,397
GGTATCTT,0.9268544097637406,0.9268544097637406,4,20247,397
AAGATACC,0.9268544097637406,0.9268544097637406,4,20247,397
GATACTTC,0.9264317816352615,0.9264317816352615,4,20247,397
TTGATAGC,0.9257617614315755,0.9257617614315755,4,20247,397
GCTATCAA,0.9257617614315755,0.9257617614315755,4,20247,397
GATACGTA,0.9254834453469675,0.9254834453469675,4,20247,397
TACGTATC,0.9254834453469675,0.9254834453469675,4,20247,397
GATATATG,0.9251948212592257,0.9251948212592257,4,20247,397
CATATATC,0.9251948212592257,0.9251948212592257,4,20247,397
ACAGTATC,0.9251020492310229,0.9251020492310229,4,20247,397
GCGATACT,0.9248958891683503,0.9248958891683503,4,20247,397
TATCATTA,0.9248546571558158,0.9248546571558158,4,20247,397
GATATAGA,0.9246072650806086,0.9246072650806086,4,20247,397
TCTATATC,0.9246072650806086,0.9246072650806086,4,20247,397
GATATGTG,0.9244011050179359,0.9244011050179359,4,20247,397
CACATATC,0.9244011050179359,0.9244011050179359,4,20247,397
TATGATAG,0.9243804890116687,0.9243804890116687,4,20247,397
CTGACACC,0.923947552880056,0.923947552880056,4,20247,397
TATAGATA,0.923947552880056,0.923947552880056,4,20247,397
GATAGATA,0.9238135488393188,0.9238135488393188,4,20247,397
TATCTATC,0.9238135488393188,0.9238135488393188,4,20247,397
TATCATGC,0.9233084566857709,0.9233084566857709,4,20247,397
TATCATAG,0.9232466086669691,0.9232466086669691,4,20247,397
AATATCAT,0.9232156846575681,0.9232156846575681,4,20247,397
ATGATATT,0.9232156846575681,0.9232156846575681,4,20247,397
TATAATAC,0.9227105925040202,0.9227105925040202,4,20247,397
ATCAGATA,0.9222261163567395,0.9222261163567395,4,20247,397
CCGGTATC,0.9221642683379376,0.9221642683379376,4,20247,397
GATACCGG,0.9221642683379376,0.9221642683379376,4,20247,397
ACTATATC,0.921875644250196,0.921875644250196,4,20247,397
GATATAGT,0.921875644250196,0.921875644250196,4,20247,397
ATGATAGT,0.9216901001937905,0.9216901001937905,4,20247,397
ACTATCAT,0.9216901001937905,0.9216901001937905,4,20247,397
TAAGATAT,0.9215767121593205,0.9215767121593205,4,20247,397
GATATGCT,0.9210716200057726,0.9210716200057726,4,20247,397
AGCATATC,0.9210716200057726,0.9210716200057726,4,20247,397
CTGGTATC,0.9206592998804272,0.9206592998804272,4,20247,397
GATACCAG,0.9206592998804272,0.9206592998804272,4,20247,397
GATACGCC,0.9204531398177546,0.9204531398177546,4,20247,397
GGCGTATC,0.9204531398177546,0.9204531398177546,4,20247,397
TATCACCT,0.9200923597080775,0.9200923597080775,4,20247,397
AGGTGATA,0.9200923597080775,0.9200923597080775,4,20247,397
GTGATAGG,0.9200408196924091,0.9200408196924091,4,20247,397
GATATAGC,0.9194223395043912,0.9194223395043912,4,20247,397
TGAGTATC,0.9193192594730549,0.9193192594730549,4,20247,397
CGCATATC,0.9181132231064197,0.9181132231064197,4,20247,397
GATATGCG,0.9181132231064197,0.9181132231064197,4,20247,397
TATCATAA,0.9177215189873418,0.9177215189873418,4,20247,397
GCGGTATC,0.9176390549622727,0.9176390549622727,4,20247,397
GATACCGC,0.9176390549622727,0.9176390549622727,4,20247,397
GATACCAC,0.9176184389560055,0.9176184389560055,4,20247,397
GTGGTATC,0.9176184389560055,0.9176184389560055,4,20247,397
CGGATATA,0.9175153589246692,0.9175153589246692,4,20247,397
TATATCCG,0.9175153589246692,0.9175153589246692,4,20247,397
TGTGATAG,0.9171133468024575,0.9171133468024575,4,20247,397
ATGATCTA,0.9150826701851317,0.9150826701851317,4,20247,397
TAGATCAT,0.9150826701851317,0.9150826701851317,4,20247,397
TTAATACC,0.91502082216633,0.91502082216633,4,20247,397
AGGGTGTC,0.9149692821506618,0.9149692821506618,4,20247,397
GATCTGAT,0.9148146621036574,0.9148146621036574,4,20247,397
TTGATCCC,0.9142271059250402,0.9142271059250402,4,20247,397
CTGTGATA,0.9134436976868842,0.9134436976868842,4,20247,397
GGTGTCAC,0.9134333896837504,0.9134333896837504,4,20247,397
GTGACACC,0.9134333896837504,0.9134333896837504,4,20247,397
GATCATCT,0.9131756896054097,0.9131756896054097,4,20247,397
AGTATCAA,0.9781985733723663,0.9781985733723663,5,25328,496
TGGTGATA,0.9434812188182905,0.9434812188182905,5,25328,496
GTAGTATC,0.9406155939471406,0.9406155939471406,5,25328,496
AGTATATA,0.9302766668041067,0.9302766668041067,5,25328,496
TATCACTT,0.9290706304374717,0.9290706304374717,5,25328,496
TATCCGAT,0.9257617614315755,0.9257617614315755,5,25328,496
TCCATATC,0.9239887848925906,0.9239887848925906,5,25328,496
TATCTATA,0.923947552880056,0.923947552880056,5,25328,496
GATACTTG,0.9232156846575681,0.9232156846575681,5,25328,496
CAAGTATC,0.9232156846575681,0.9232156846575681,5,25328,496
GATCAGAT,0.9227312085102873,0.9227312085102873,5,25328,496
TATCTGAT,0.9222261163567395,0.9222261163567395,5,25328,496
TATCATGA,0.9206180678678927,0.9206180678678927,5,25328,496
TATCAAAA,0.9173091988619964,0.9173091988619964,5,25328,496
TAGGATAT,0.9165464066301076,0.9165464066301076,5,25328,496
GGTATTAA,0.91502082216633,0.91502082216633,5,25328,496
GACACCCT,0.9149692821506618,0.9149692821506618,5,25328,496
CCGATACT,0.9145363460190493,0.9145363460190493,5,25328,496
TATCACAG,0.9134436976868842,0.9134436976868842,5,25328,496
TATCAATG,0.9128355255019998,0.9128355255019998,5,25328,496
TATTTGAT,0.9125984414299262,0.9125984414299262,5,25328,496
CGGTGATA,0.9123407413515854,0.9123407413515854,5,25328,496
ATACTATC,0.9121448892920463,0.9121448892920463,5,25328,496
GATAGTAT,0.9121448892920463,0.9121448892920463,5,25328,496
TAGATACT,0.9117222611635674,0.9117222611635674,5,25328,496
AGTATCTA,0.9117222611635674,0.9117222611635674,5,25328,496
GATATACA,0.9114336370758257,0.9114336370758257,5,25328,496
TGTATATC,0.9114336370758257,0.9114336370758257,5,25328,496
TGTATCGT,0.9111553209912175,0.9111553209912175,5,25328,496
GATCAATA,0.9107945408815404,0.9107945408815404,5,25328,496
TTGATAGG,0.9102379087123244,0.9102379087123244,5,25328,496
CCTATCAA,0.9102379087123244,0.9102379087123244,5,25328,496
GATATATT,0.9091452603801592,0.9091452603801592,5,25328,496
AATATATC,0.9091452603801592,0.9091452603801592,5,25328,496
AGGGTATA,0.9090112563394219,0.9090112563394219,5,25328,496
TATACCCT,0.9090112563394219,0.9090112563394219,5,25328,496
GTGATAGT,0.9081866160887313,0.9081866160887313,5,25328,496
ACTATCAC,0.9081866160887313,0.9081866160887313,5,25328,496
GTGAGATA,0.9081763080855977,0.9081763080855977,5,25328,496
TTGTGATA,0.907743371953985,0.907743371953985,5,25328,496
TAGGTATA,0.9075062878819116,0.9075062878819116,5,25328,496
GTTTGATA,0.9073001278192389,0.9073001278192389,5,25328,496
TATCAAAC,0.9073001278192389,0.9073001278192389,5,25328,496
CCGATATG,0.9072073557910362,0.9072073557910362,5,25328,496
CATATCGG,0.9072073557910362,0.9072073557910362,5,25328,496
GATACTTA,0.9067125716406219,0.9067125716406219,5,25328,496
TAAGTATC,0.9067125716406219,0.9067125716406219,5,25328,496
AATGTATC,0.906454871562281,0.906454871562281,5,25328,496
GATACATT,0.906454871562281,0.906454871562281,5,25328,496
CAGATACC,0.905918855399332,0.905918855399332,5,25328,496
TTGATAGT,0.905918855399332,0.905918855399332,5,25328,496
GGTATCTG,0.905918855399332,0.905918855399332,5,25328,496
TGGATACC,0.9057848513585948,0.9057848513585948,5,25328,496
GGTATCCA,0.9057848513585948,0.9057848513585948,5,25328,496
TTGATATT,0.9055683832927885,0.9055683832927885,5,25328,496
AATATCAA,0.9055683832927885,0.9055683832927885,5,25328,496
ATCCTATC,0.9053622232301158,0.9053622232301158,5,25328,496
GATAGGAT,0.9053622232301158,0.9053622232301158,5,25328,496
GCGTGATA,0.904599430998227,0.904599430998227,5,25328,496
GATAGCCG,0.9045066589700244,0.9045066589700244,5,25328,496
CGGCTATC,0.9045066589700244,0.9045066589700244,5,25328,496
GATATGCA,0.9039294107945408,0.9039294107945408,5,25328,496
TGCATATC,0.9039294107945408,0.9039294107945408,5,25328,496
GAGAGATA,0.9031047705438503,0.9031047705438503,5,25328,496
ATGATCCT,0.9030532305281821,0.9030532305281821,5,25328,496
TATCGATA,0.903001690512514,0.903001690512514,5,25328,496
TATCAACT,0.9025996783903023,0.9025996783903023,5,25328,496
TATATCCA,0.9024553663464314,0.9024553663464314,5,25328,496
TGGATATA,0.9024553663464314,0.9024553663464314,5,25328,496
ATTATACC,0.9022595142868923,0.9022595142868923,5,25328,496
GGTATAAT,0.9022595142868923,0.9022595142868923,5,25328,496
TATCACTA,0.9022492062837587,0.9022492062837587,5,25328,496
GATATGTT,0.9020018142085515,0.9020018142085515,5,25328,496
AACATATC,0.9020018142085515,0.9020018142085515,5,25328,496
CATAGATA,0.9019399661897497,0.9019399661897497,5,25328,496
GATACGGC,0.9013111779985981,0.9013111779985981,5,25328,496
TATTATAT,0.9008988578732527,0.9008988578732527,5,25328,496
TATCTCAA,0.9006514657980456,0.9006514657980456,5,25328,496
TTGAGATA,0.9006514657980456,0.9006514657980456,5,25328,496
GGTATCTC,0.9001772976538985,0.9001772976538985,5,25328,496
GAGATACC,0.9001772976538985,0.9001772976538985,5,25328,496
GATCCGGG,0.9000948336288294,0.9000948336288294,5,25328,496
TATCAACC,0.8999814455943594,0.8999814455943594,5,25328,496
GGTTGATA,0.8999814455943594,0.8999814455943594,5,25328,496
TATATCTT,0.8998989815692905,0.8998989815692905,5,25328,496
AAGATATA,0.8998989815692905,0.8998989815692905,5,25328,496
GGAGGATA,0.8997752855316867,0.8997752855316867,5,25328,496
AGGATATA,0.8994454294314106,0.8994454294314106,5,25328,496
TATATCCT,0.8994454294314106,0.8994454294314106,5,25328,496
ACTGTATC,0.8987444852183236,0.8987444852183236,5,25328,496
GATACAGT,0.8987444852183236,0.8987444852183236,5,25328,496
TTGATCCA,0.8986104811775862,0.8986104811775862,5,25328,496
TTAATATC,0.8984146291180473,0.8984146291180473,5,25328,496
GATATTAA,0.8984146291180473,0.8984146291180473,5,25328,496
TATCAATT,0.8980538490083702,0.8980538490083702,5,25328,496
ATGATCTG,0.8980435410052365,0.8980435410052365,5,25328,496
ATAATACG,0.8977549169174948,0.8977549169174948,5,25328,496
GAGGGATA,0.8976827608955593,0.8976827608955593,5,25328,496
GATACCAA,0.8976209128767576,0.8976209128767576,5,25328,496
AATGATAC,0.9794149177421351,0.9794149177421351,6,30408,595
TCGGATAT,0.9509854450995753,0.9509854450995753,6,30408,595
ACCGTATC,0.9359769925370057,0.9359769925370057,6,30408,595
AAGTGATA,0.9290706304374717,0.9290706304374717,6,30408,595
GAAGTATC,0.9264317816352615,0.9264317816352615,6,30408,595
TATCATCA,0.9240506329113924,0.9240506329113924,6,30408,595
CTATGATA,0.9232466086669691,0.9232466086669691,6,30408,595
TAGGGTAT,0.9199686636704737,0.9199686636704737,6,30408,595
TCTATGAT,0.9149280501381273,0.9149280501381273,6,30408,595
TATCAGTC,0.9137632457840268,0.9137632457840268,6,30408,595
ACGATACA,0.9111553209912175,0.9111553209912175,6,30408,595
TATCTCTC,0.9031047705438503,0.9031047705438503,6,30408,595
AGTTGATA,0.9025996783903023,0.9025996783903023,6,30408,595
GTGATCAT,0.902414134333897,0.902414134333897,6,30408,595
ATGATCAC,0.902414134333897,0.902414134333897,6,30408,595
TTAGTATC,0.9022285902774915,0.9022285902774915,6,30408,595
GATACTAA,0.9022285902774915,0.9022285902774915,6,30408,595
TGTATCGG,0.8994866614439451,0.8994866614439451,6,30408,595
TATCAAGT,0.8977652249206285,0.8977652249206285,6,30408,595
CGTATTAT,0.8977549169174948,0.8977549169174948,6,30408,595
TTGGTATC,0.8976209128767576,0.8976209128767576,6,30408,595
CCGATCAC,0.8976209128767576,0.8976209128767576,6,30408,595
TATATACG,0.8974766008328866,0.8974766008328866,6,30408,595
GATACTCG,0.8971673607388777,0.8971673607388777,6,30408,595
CGAGTATC,0.8971673607388777,0.8971673607388777,6,30408,595
TATCAGAA,0.8970024326887396,0.8970024326887396,6,30408,595
TATACGAT,0.8967756566197996,0.8967756566197996,6,30408,595
GATACGCG,0.8965179565414588,0.8965179565414588,6,30408,595
GAGATACA,0.8964148765101225,0.8964148765101225,6,30408,595
TGTATCTC,0.8964148765101225,0.8964148765101225,6,30408,595
ACGATATA,0.8963427204881871,0.8963427204881871,6,30408,595
TATATCGT,0.8963427204881871,0.8963427204881871,6,30408,595
GGGTGATC,0.8962808724693851,0.8962808724693851,6,30408,595
GATCACCC,0.8962808724693851,0.8962808724693851,6,30408,595
AATATACC,0.896033480394178,0.896033480394178,6,30408,595
GGTATATT,0.896033480394178,0.896033480394178,6,30408,595
ACGATACG,0.8959613243722426,0.8959613243722426,6,30408,595
TGGATCAC,0.8957448563064363,0.8957448563064363,6,30408,595
TTGGATAT,0.8957036242939018,0.8957036242939018,6,30408,595
CGGATATG,0.8956314682719664,0.8956314682719664,6,30408,595
CATATCCG,0.8956314682719664,0.8956314682719664,6,30408,595
GCAGTATC,0.8951882241372201,0.8951882241372201,6,30408,595
CTGATAGC,0.8950129880839484,0.8950129880839484,6,30408,595
GCTATCAG,0.8950129880839484,0.8950129880839484,6,30408,595
GATAGCCT,0.8948377520306766,0.8948377520306766,6,30408,595
AGGCTATC,0.8948377520306766,0.8948377520306766,6,30408,595
GATCCGAT,0.8946625159774049,0.8946625159774049,6,30408,595
GATATTAT,0.8941986558363915,0.8941986558363915,6,30408,595
ATAATATC,0.8941986558363915,0.8941986558363915,6,30408,595
GCGATACG,0.8940234197831196,0.8940234197831196,6,30408,595
GATCATAC,0.8940234197831196,0.8940234197831196,6,30408,595
TATCGGTT,0.8930956995010927,0.8930956995010927,6,30408,595
TATCTTAT,0.8930956995010927,0.8930956995010927,6,30408,595
GAGATACT,0.8924256792974065,0.8924256792974065,6,30408,595
GATACGTG,0.8919721271595267,0.8919721271595267,6,30408,595
TATCAGGT,0.8918587391250568,0.8918587391250568,6,30408,595
GTGTGATC,0.8910340988743661,0.8910340988743661,6,30408,595
GATCACAC,0.8910340988743661,0.8910340988743661,6,30408,595
GACACCCC,0.8906836267678225,0.8906836267678225,6,30408,595
TAGTATCT,0.8902094586236754,0.8902094586236754,6,30408,595
CATGTATC,0.8900857625860719,0.8900857625860719,6,30408,595
AGGATATG,0.8899105265328,0.8899105265328,6,30408,595
CATATCCT,0.8899105265328,0.8899105265328,6,30408,595
ATAGTATT,0.8895600544262565,0.8895600544262565,6,30408,595
GGGGTATT,0.8892508143322476,0.8892508143322476,6,30408,595
AATACCCC,0.8892508143322476,0.8892508143322476,6,30408,595
ATCATACA,0.8891992743165794,0.8891992743165794,6,30408,595
GATATTAG,0.8889518822413722,0.8889518822413722,6,30408,595
CTAATATC,0.8889518822413722,0.8889518822413722,6,30408,595
ATGATCTC,0.8888075701975013,0.8888075701975013,6,30408,595
CGTGTATC,0.8884570980909577,0.8884570980909577,6,30408,595
GATACACG,0.8884570980909577,0.8884570980909577,6,30408,595
CATATCGC,0.8884055580752898,0.8884055580752898,6,30408,595
GCGATATG,0.8884055580752898,0.8884055580752898,6,30408,595
GATCCCTT,0.8883643260627552,0.8883643260627552,6,30408,595
TATATATT,0.8876633818496681,0.8876633818496681,6,30408,595
AATATATA,0.8876633818496681,0.8876633818496681,6,30408,595
TATCTCCT,0.8875499938151981,0.8875499938151981,6,30408,595
GATATTAC,0.8874881457963963,0.8874881457963963,6,30408,595
GTAATATC,0.8874881457963963,0.8874881457963963,6,30408,595
TCGATATG,0.8870861336741847,0.8870861336741847,6,30408,595
CATATCGA,0.8870861336741847,0.8870861336741847,6,30408,595
GATACGTT,0.8869727456397147,0.8869727456397147,6,30408,595
TATGACAC,0.8869212056240465,0.8869212056240465,6,30408,595
GTGTCATA,0.8869212056240465,0.8869212056240465,6,30408,595
GATATGGT,0.8862821094297613,0.8862821094297613,6,30408,595
ACCATATC,0.8862821094297613,0.8862821094297613,6,30408,595
CATGATAG,0.8851069970725272,0.8851069970725272,6,30408,595
TTGGTATA,0.8850245330474581,0.8850245330474581,6,30408,595
TATACCAA,0.8850245330474581,0.8850245330474581,6,30408,595
GGTATCCT,0.8845194408939101,0.8845194408939101,6,30408,595
AGGATACC,0.8845194408939101,0.8845194408939101,6,30408,595
CTGATCCC,0.8838906527027585,0.8838906527027585,6,30408,595
GATACAGC,0.8837875726714222,0.8837875726714222,6,30408,595
GAGATACG,0.8834989485836804,0.8834989485836804,6,30408,595
GATCGTAT,0.8832824805178741,0.8832824805178741,6,30408,595
TATCCTTT,0.8830660124520678,0.8830660124520678,6,30408,595
AGATCATC,0.882694924339257,0.882694924339257,6,30408,595
TATGATCT,0.8825093802828516,0.8825093802828516,6,30408,595
GTATCATC,0.9861872758009319,0.9861872758009319,7,35490,694
GTATCATA,0.982703170741764,0.982703170741764,7,35490,694
AACGATAT,0.9541293860553334,0.9541293860553334,7,35490,694
GATACTAT,0.9461509916299015,0.9461509916299015,7,35490,694
TTGATCCG,0.9298024986599597,0.9298024986599597,7,35490,694
TATCCCCT,0.9282666061930483,0.9282666061930483,7,35490,694
TATAATCC,0.9247000371088113,0.9247000371088113,7,35490,694
GATACTCA,0.9193192594730549,0.9193192594730549,7,35490,694
ATCATAGA,0.9149280501381273,0.9149280501381273,7,35490,694
AAGCGATA,0.9130416855646725,0.9130416855646725,7,35490,694
TATTGATC,0.9107945408815404,0.9107945408815404,7,35490,694
TATACCTA,0.9075062878819116,0.9075062878819116,7,35490,694
TATCGTTC,0.9060940914526039,0.9060940914526039,7,35490,694
TATTAATA,0.904795283057766,0.904795283057766,7,35490,694
TCTATATT,0.9019502741928833,0.9019502741928833,7,35490,694
TATCCTCC,0.8997752855316867,0.8997752855316867,7,35490,694
CGCGTATC,0.8965179565414588,0.8965179565414588,7,35490,694
CGTATCGT,0.8959613243722426,0.8959613243722426,7,35490,694
GTGATCCA,0.8957448563064363,0.8957448563064363,7,35490,694
TATTATCC,0.8951469921246857,0.8951469921246857,7,35490,694
CGTATCGC,0.8940234197831196,0.8940234197831196,7,35490,694
ATCCTATA,0.8934255556013689,0.8934255556013689,7,35490,694
AGTATCTC,0.8924256792974065,0.8924256792974065,7,35490,694
CACGTATC,0.8919721271595267,0.8919721271595267,7,35490,694
GATCAGTT,0.8914361109965778,0.8914361109965778,7,35490,694
GGGGTGTC,0.8906836267678225,0.8906836267678225,7,35490,694
GATACATG,0.8900857625860719,0.8900857625860719,7,35490,694
GAGATCAT,0.8888075701975013,0.8888075701975013,7,35490,694
AAGGGATC,0.8883643260627552,0.8883643260627552,7,35490,694
AGGAGATA,0.8875499938151981,0.8875499938151981,7,35490,694
ATGATCCA,0.8873953737681937,0.8873953737681937,7,35490,694
ATAGTATA,0.8855605492104069,0.8855605492104069,7,35490,694
TACGGATA,0.8854883931884715,0.8854883931884715,7,35490,694
CGTATCTC,0.8834989485836804,0.8834989485836804,7,35490,694
TTTCGATA,0.882581536304787,0.882581536304787,7,35490,694
TGGATACT,0.8819424401105019,0.8819424401105019,7,35490,694
TTGATCTC,0.8819321321073682,0.8819321321073682,7,35490,694
GAGGTATA,0.8818187440728982,0.8818187440728982,7,35490,694
TATACCTC,0.8818187440728982,0.8818187440728982,7,35490,694
CATATCTA,0.8813858079412856,0.8813858079412856,7,35490,694
TAGATATG,0.8813858079412856,0.8813858079412856,7,35490,694
TATCTTTT,0.8813342679256174,0.8813342679256174,7,35490,694
GCGATACA,0.8803240836185214,0.8803240836185214,7,35490,694
AAGATACT,0.8800973075495815,0.8800973075495815,7,35490,694
AGTATCTT,0.8800973075495815,0.8800973075495815,7,35490,694
CTGATAGG,0.8798602234775079,0.8798602234775079,7,35490,694
TATCCATA,0.8797571434461716,0.8797571434461716,7,35490,694
CGGATACA,0.8796643714179689,0.8796643714179689,7,35490,694
CAGATCAC,0.8790458912299509,0.8790458912299509,7,35490,694
GTGATCTG,0.8790458912299509,0.8790458912299509,7,35490,694
TAGATACG,0.8790046592174164,0.8790046592174164,7,35490,694
TAATATAT,0.878932503195481,0.878932503195481,7,35490,694
TATATAGC,0.8788809631798128,0.8788809631798128,7,35490,694
GCTATATA,0.8788809631798128,0.8788809631798128,7,35490,694
GATCTATT,0.8787675751453429,0.8787675751453429,7,35490,694
GATCATGT,0.8787675751453429,0.8787675751453429,7,35490,694
CTGATCCA,0.8785614150826702,0.8785614150826702,7,35490,694
ACCCTATC,0.8768193625530861,0.8768193625530861,7,35490,694
TGTATCGA,0.8764998144559436,0.8764998144559436,7,35490,694
TCGATACA,0.8764998144559436,0.8764998144559436,7,35490,694
GATACGTC,0.8763864264214737,0.8763864264214737,7,35490,694
ATAATATA,0.8761699583556674,0.8761699583556674,7,35490,694
TATATTAT,0.8761699583556674,0.8761699583556674,7,35490,694
TATACCAT,0.8760565703211973,0.8760565703211973,7,35490,694
ATGGTATA,0.8760565703211973,0.8760565703211973,7,35490,694
TACCTATA,0.8755308621613821,0.8755308621613821,7,35490,694
ATCATCTC,0.8755205541582485,0.8755205541582485,7,35490,694
GAGATGAT,0.8755205541582485,0.8755205541582485,7,35490,694
CCGATATA,0.8754380901331794,0.8754380901331794,7,35490,694
TATATCGG,0.8754380901331794,0.8754380901331794,7,35490,694
ATCATACC,0.8750566940172351,0.8750566940172351,7,35490,694
GGTATGAT,0.8750566940172351,0.8750566940172351,7,35490,694
TATCTTCC,0.8750051540015668,0.8750051540015668,7,35490,694
AAGATCAA,0.8749536139858988,0.8749536139858988,7,35490,694
GGTATACC,0.8749329979796313,0.8749329979796313,7,35490,694
TACCTATC,0.87373726961613,0.87373726961613,7,35490,694
GATCTCCT,0.87339710551272,0.87339710551272,7,35490,694
TATCGTCT,0.8732631014719828,0.8732631014719828,7,35490,694
GGTATACT,0.8726343132808312,0.8726343132808312,7,35490,694
AGTATACC,0.8726343132808312,0.8726343132808312,7,35490,694
GATATTGG,0.8724900012369603,0.8724900012369603,7,35490,694
AAGATATG,0.8724693852306932,0.8724693852306932,7,35490,694
CATATCTT,0.8724693852306932,0.8724693852306932,7,35490,694
TATTATCT,0.871881829052076,0.871881829052076,7,35490,694
TATGGTAT,0.8718715210489424,0.8718715210489424,7,35490,694
GATACGAC,0.8717890570238733,0.8717890570238733,7,35490,694
TTTATCCG,0.8716859769925369,0.8716859769925369,7,35490,694
ATTAGATA,0.8712221168515235,0.8712221168515235,7,35490,694
TATCTAAT,0.8712221168515235,0.8712221168515235,7,35490,694
TGGGTATA,0.8711396528264546,0.8711396528264546,7,35490,694
TATACCCA,0.8711396528264546,0.8711396528264546,7,35490,694
AATATCTA,0.8711293448233208,0.8711293448233208,7,35490,694
TATCTACT,0.871067496804519,0.871067496804519,7,35490,694
GATATTCC,0.8710056487857173,0.8710056487857173,7,35490,694
GGAATATC,0.8710056487857173,0.8710056487857173,7,35490,694
GATATGAC,0.8708097967261782,0.8708097967261782,7,35490,694
GTCATATC,0.8708097967261782,0.8708097967261782,7,35490,694
CCCCTATC,0.8704902486290356,0.8704902486290356,7,35490,694
GATAGGGG,0.8704902486290356,0.8704902486290356,7,35490,694
CATGATAC,0.9717045313981776,0.9717045313981776,8,40570,793
CGTATCAG,0.9283284542118501,0.9283284542118501,8,40570,793
GGTGTCAG,0.923947552880056,0.923947552880056,8,40570,793
GTATTATA,0.9227105925040202,0.9227105925040202,8,40570,793
TAAGATAC,0.9181956871314889,0.9181956871314889,8,40570,793
AATCGATA,0.9179173710468809,0.9179173710468809,8,40570,793
TATCGATT,0.9179173710468809,0.9179173710468809,8,40570,793
GGGATCAA,0.9142271059250402,0.9142271059250402,8,40570,793
AGATGATC,0.9131756896054097,0.9131756896054097,8,40570,793
GATAATAC,0.9114336370758257,0.9114336370758257,8,40570,793
GATACGGA,0.9055786912959222,0.9055786912959222,8,40570,793
TCCGTATC,0.9055786912959222,0.9055786912959222,8,40570,793
AATATAGA,0.9019502741928833,0.9019502741928833,8,40570,793
TATCTATG,0.9019399661897497,0.9019399661897497,8,40570,793
CCGATACA,0.8994866614439451,0.8994866614439451,8,40570,793
CAGATCAT,0.8980435410052365,0.8980435410052365,8,40570,793
TATCAAGG,0.8977961489300293,0.8977961489300293,8,40570,793
GGATAATA,0.8951469921246857,0.8951469921246857,8,40570,793
ATCGGATC,0.8946625159774049,0.8946625159774049,8,40570,793
TAGGGATA,0.8932297035418298,0.8932297035418298,8,40570,793
GATCATCC,0.890054838576671,0.890054838576671,8,40570,793
TGTATGAT,0.8891992743165794,0.8891992743165794,8,40570,793
TGGATCAT,0.8873953737681937,0.8873953737681937,8,40570,793
AACGTATC,0.8869727456397147,0.8869727456397147,8,40570,793
GATCGGAT,0.8842720488187028,0.8842720488187028,8,40570,793
GAGATCAA,0.8819321321073682,0.8819321321073682,8,40570,793
AATAATAC,0.880757019750134,0.880757019750134,8,40570,793
TGTATCGC,0.8803240836185214,0.8803240836185214,8,40570,793
CGTATCTA,0.8790046592174164,0.8790046592174164,8,40570,793
TATCAGGG,0.8778398548633158,0.8778398548633158,8,40570,793
GATCCTAT,0.8761184183399991,0.8761184183399991,8,40570,793
CTGATCTA,0.8753350101018431,0.8753350101018431,8,40570,793
GGAAGATA,0.8750051540015668,0.8750051540015668,8,40570,793
GATAGGTA,0.87373726961613,0.87373726961613,8,40570,793
GATCACTA,0.8728610893497711,0.8728610893497711,8,40570,793
CCAATATC,0.8724900012369603,0.8724900012369603,8,40570,793
GTCGTATC,0.8717890570238733,0.8717890570238733,8,40570,793
GATTATAC,0.8709438007669155,0.8709438007669155,8,40570,793
GATATACG,0.8703871685976993,0.8703871685976993,8,40570,793
CGTATATC,0.8703871685976993,0.8703871685976993,8,40570,793
TATCAGCC,0.8703356285820312,0.8703356285820312,8,40570,793
TATCGTTT,0.8701294685193585,0.8701294685193585,8,40570,793
TATATAAT,0.8700882365068239,0.8700882365068239,8,40570,793
ATTATATA,0.8700882365068239,0.8700882365068239,8,40570,793
AGCGTATC,0.8690368201871933,0.8690368201871933,8,40570,793
GATACGCT,0.8690368201871933,0.8690368201871933,8,40570,793
GGTATCCG,0.8688615841339216,0.8688615841339216,8,40570,793
CGGATACC,0.8688615841339216,0.8688615841339216,8,40570,793
ATATAATC,0.868706964086917,0.868706964086917,8,40570,793
AATATACA,0.8685214200305117,0.8685214200305117,8,40570,793
GGTATCCC,0.8685008040242445,0.8685008040242445,8,40570,793
CTTATATA,0.868088483898899,0.868088483898899,8,40570,793
TATATAAG,0.868088483898899,0.868088483898899,8,40570,793
ATAATACA,0.8679338638518946,0.8679338638518946,8,40570,793
GTTATATC,0.8678823238362264,0.8678823238362264,8,40570,793
GATATAAC,0.8678823238362264,0.8678823238362264,8,40570,793
TAGGGATC,0.8678720158330928,0.8678720158330928,8,40570,793
CTTATATC,0.8678617078299593,0.8678617078299593,8,40570,793
GATATAAG,0.8678617078299593,0.8678617078299593,8,40570,793
GATAGCTT,0.8674596957077475,0.8674596957077475,8,40570,793
AAGCTATC,0.8674596957077475,0.8674596957077475,8,40570,793
CGGATATT,0.8674287716983466,0.8674287716983466,8,40570,793
AATATCCG,0.8674287716983466,0.8674287716983466,8,40570,793
TTTATACC,0.8669855275636005,0.8669855275636005,8,40570,793
TATATACA,0.8666556714633241,0.8666556714633241,8,40570,793
GATACAGG,0.866294891353647,0.866294891353647,8,40570,793
GTTGTATC,0.86548055910609,0.86548055910609,8,40570,793
GATACAAC,0.86548055910609,0.86548055910609,8,40570,793
TATAGATC,0.8654290190904217,0.8654290190904217,8,40570,793
GATCTATA,0.8654290190904217,0.8654290190904217,8,40570,793
TATACCTT,0.86536717107162,0.86536717107162,8,40570,793
CAGATGAT,0.8649857749556756,0.8649857749556756,8,40570,793
TATTGTAT,0.8646662268585329,0.8646662268585329,8,40570,793
GGGATATG,0.8628932503195481,0.8628932503195481,8,40570,793
CATATCCC,0.8628932503195481,0.8628932503195481,8,40570,793
GTATAATA,0.8617799859811158,0.8617799859811158,8,40570,793
TATTATAC,0.8617799859811158,0.8617799859811158,8,40570,793
TATCTTAG,0.8613161258401023,0.8613161258401023,8,40570,793
GATCCATA,0.8607801096771532,0.8607801096771532,8,40570,793
TATGGATC,0.8607801096771532,0.8607801096771532,8,40570,793
GATCATTT,0.8604605615800107,0.8604605615800107,8,40570,793
CGGGGATA,0.8600791654640664,0.8600791654640664,8,40570,793
AGAGGATC,0.860058549457799,0.860058549457799,8,40570,793
GATCCCTC,0.8593576052447119,0.8593576052447119,8,40570,793
GAGGGATC,0.8593576052447119,0.8593576052447119,8,40570,793
TATAATAT,0.8591514451820393,0.8591514451820393,8,40570,793
ATATTATA,0.8591514451820393,0.8591514451820393,8,40570,793
TTAATACA,0.8588422050880304,0.8588422050880304,8,40570,793
GATCAATC,0.8586257370222241,0.8586257370222241,8,40570,793
TATCCTCT,0.8584814249783531,0.8584814249783531,8,40570,793
ATGATCTT,0.8583268049313487,0.8583268049313487,8,40570,793
GATACAAT,0.8582855729188142,0.8582855729188142,8,40570,793
ATTGTATC,0.8582855729188142,0.8582855729188142,8,40570,793
ATTATCTC,0.857842328784068,0.857842328784068,8,40570,793
TATCGCAT,0.8577701727621325,0.8577701727621325,8,40570,793
TATCTTTA,0.8577598647589989,0.8577598647589989,8,40570,793
TATCAGCT,0.8572753886117183,0.8572753886117183,8,40570,793
TATCAAGA,0.8567290644456356,0.8567290644456356,8,40570,793
AGAATATC,0.8561208922607513,0.8561208922607513,8,40570,793
TTTGATAC,0.9884550364903311,0.9884550364903311,9,45654,892
GGTGATAC,0.9883519564589948,0.9883519564589948,9,45654,892
TGTGATAC,0.9817651424566033,0.9817651424566033,9,45654,892
ACTGATAT,0.9681585783202078,0.9681585783202078,9,45654,892
GGTGTCAA,0.9545623221869459,0.9545623221869459,9,45654,892
TATGATCC,0.9501092648332166,0.9501092648332166,9,45654,892
TTAGATAT,0.9461612996330351,0.9461612996330351,9,45654,892
GGATTATA,0.9247000371088113,0.9247000371088113,9,45654,892
TGCGATAC,0.916144394507896,0.916144394507896,9,45654,892
GATCATTA,0.9107945408815404,0.9107945408815404,9,45654,892
GTATTAAT,0.9081866160887313,0.9081866160887313,9,45654,892
CCTGATAT,0.9049808271141714,0.9049808271141714,9,45654,892
GATCACTG,0.8977343009112275,0.8977343009112275,9,45654,892
CGTATATA,0.8974766008328866,0.8974766008328866,9,45654,892
TCGTGATA,0.8974147528140849,0.8974147528140849,9,45654,892
TCTTAGAT,0.8938378757267141,0.8938378757267141,9,45654,892
TAGTATAT,0.8930544674885581,0.8930544674885581,9,45654,892
TACTATAT,0.8904259266894817,0.8904259266894817,9,45654,892
ATGTGATC,0.8888900342225705,0.8888900342225705,9,45654,892
GGGATCAG,0.8838906527027585,0.8838906527027585,9,45654,892
GATGATCT,0.882694924339257,0.882694924339257,9,45654,892
CCTATCGT,0.8817775120603636,0.8817775120603636,9,45654,892
ACGATAGG,0.8817775120603636,0.8817775120603636,9,45654,892
TGTATCCG,0.8796643714179689,0.8796643714179689,9,45654,892
GACGTATC,0.8763864264214737,0.8763864264214737,9,45654,892
ATAGGATC,0.8761184183399991,0.8761184183399991,9,45654,892
GATACAAG,0.8760359543149302,0.8760359543149302,9,45654,892
TTGATCTT,0.8749536139858988,0.8749536139858988,9,45654,892
GATCACCT,0.872696161299633,0.872696161299633,9,45654,892
TAGATCAA,0.8723972292087577,0.8723972292087577,9,45654,892
CGGATAAA,0.8716859769925369,0.8716859769925369,9,45654,892
GGCTGATA,0.8703356285820312,0.8703356285820312,9,45654,892
TATAAGAT,0.869438832309405,0.869438832309405,9,45654,892
ATCTTATA,0.869438832309405,0.869438832309405,9,45654,892
ATAATACT,0.8688306601245207,0.8688306601245207,9,45654,892
AGTATTAT,0.8688306601245207,0.8688306601245207,9,45654,892
TGTATATT,0.8685214200305117,0.8685214200305117,9,45654,892
GGTAGATA,0.8682534119490373,0.8682534119490373,9,45654,892
TGTATTAT,0.8679338638518946,0.8679338638518946,9,45654,892
GATCCCTA,0.8678720158330928,0.8678720158330928,9,45654,892
GGTATAAA,0.8669855275636005,0.8669855275636005,9,45654,892
TATCCGAC,0.8654187110872882,0.8654187110872882,9,45654,892
GCGATCGC,0.8645940708365975,0.8645940708365975,9,45654,892
ATATTATC,0.8641405186987177,0.8641405186987177,9,45654,892
GATAGTAG,0.863429266482497,0.863429266482497,9,45654,892
GGTATTGA,0.8613161258401023,0.8613161258401023,9,45654,892
CACGATAT,0.8611924298024987,0.8611924298024987,9,45654,892
GATCCTCT,0.860058549457799,0.860058549457799,9,45654,892
AGAGGATA,0.8584814249783531,0.8584814249783531,9,45654,892
TATGTGAT,0.8582752649156805,0.8582752649156805,9,45654,892
GAGATAAT,0.857842328784068,0.857842328784068,9,45654,892
TATCATGG,0.8570176885333773,0.8570176885333773,9,45654,892
TGGATGAT,0.856605368408032,0.856605368408032,9,45654,892
GATATTCT,0.8561208922607513,0.8561208922607513,9,45654,892
GACACCAT,0.8560075042262814,0.8560075042262814,9,45654,892
TATATGAG,0.8557704201542078,0.8557704201542078,9,45654,892
CTCATATA,0.8557704201542078,0.8557704201542078,9,45654,892
TATACAAT,0.855595184100936,0.855595184100936,9,45654,892
GATATTGT,0.8552344039912588,0.8552344039912588,9,45654,892
ACAATATC,0.8552344039912588,0.8552344039912588,9,45654,892
TATATAGT,0.8548633158784481,0.8548633158784481,9,45654,892
CGTATCGA,0.8546983878283099,0.8546983878283099,9,45654,892
TATTAATC,0.8546056158001072,0.8546056158001072,9,45654,892
CTAGTATC,0.8544819197625036,0.8544819197625036,9,45654,892
GATACTAG,0.8544819197625036,0.8544819197625036,9,45654,892
TATATTAA,0.8543582237249,0.8543582237249,9,45654,892
TTAATATA,0.8543582237249,0.8543582237249,9,45654,892
TATCCAAT,0.8540695996371583,0.8540695996371583,9,45654,892
GATACTGG,0.8536263555024121,0.8536263555024121,9,45654,892
CCAGTATC,0.8536263555024121,0.8536263555024121,9,45654,892
GTTATCCG,0.8534305034428731,0.8534305034428731,9,45654,892
CGGATAAC,0.8534305034428731,0.8534305034428731,9,45654,892
GCCATATC,0.8531109553457304,0.8531109553457304,9,45654,892
GATATGGC,0.8531109553457304,0.8531109553457304,9,45654,892
ACGATATT,0.853038799323795,0.853038799323795,9,45654,892
AATATCGT,0.853038799323795,0.853038799323795,9,45654,892
GTTAGATA,0.853038799323795,0.853038799323795,9,45654,892
GATACCGA,0.8527707912423205,0.8527707912423205,9,45654,892
TATCTCTA,0.8527192512266524,0.8527192512266524,9,45654,892
GTTATCCC,0.8519770750010307,0.8519770750010307,9,45654,892
TATAAATA,0.8519358429884962,0.8519358429884962,9,45654,892
AATATATG,0.8517709149383581,0.8517709149383581,9,45654,892
CATATATT,0.8517709149383581,0.8517709149383581,9,45654,892
GGGATACA,0.8509462746876676,0.8509462746876676,9,45654,892
TGTATCCC,0.8509462746876676,0.8509462746876676,9,45654,892
AGGGTATT,0.8503896425184514,0.8503896425184514,9,45654,892
AATACCCT,0.8503896425184514,0.8503896425184514,9,45654,892
CCGTGATA,0.8500804024244423,0.8500804024244423,9,45654,892
TGTGTATC,0.8498123943429678,0.8498123943429678,9,45654,892
GATACACA,0.8498123943429678,0.8498123943429678,9,45654,892
TATCAGAG,0.8497093143116315,0.8497093143116315,9,45654,892
TGGGGATA,0.8495031542489588,0.8495031542489588,9,45654,892
TATCACGT,0.8492557621737516,0.8492557621737516,9,45654,892
GTAATATA,0.8491217581330145,0.8491217581330145,9,45654,892
TATATTAC,0.8491217581330145,0.8491217581330145,9,45654,892
GATCTGGG,0.8490186781016782,0.8490186781016782,9,45654,892
CCCAGATC,0.8490186781016782,0.8490186781016782,9,45654,892
AATACCTC,0.8486269739826,0.8486269739826,9,45654,892
CTAATATA,0.8484105059167938,0.8484105059167938,9,45654,892
ATACTATA,0.9304519028573784,0.9304519028573784,10,50734,991
TGAGATAT,0.9295138745722179,0.9295138745722179,10,50734,991
GGATCATT,0.9248958891683503,0.9248958891683503,10,50734,991
TATCAACG,0.9195048035294603,0.9195048035294603,10,50734,991
AATGATAG,0.9190409433884469,0.9190409433884469,10,50734,991
TCTTATAT,0.9106605368408033,0.9106605368408033,10,50734,991
GCTTGATA,0.9089081763080856,0.9089081763080856,10,50734,991
GCCGTATC,0.9013111779985981,0.9013111779985981,10,50734,991
TATCCCTC,0.8976827608955593,0.8976827608955593,10,50734,991
GTGATCGG,0.8976209128767576,0.8976209128767576,10,50734,991
ATCGTATA,0.8967756566197996,0.8967756566197996,10,50734,991
GATCCGTA,0.8923019832598029,0.8923019832598029,10,50734,991
GATCACAT,0.8888900342225705,0.8888900342225705,10,50734,991
TATACTAT,0.8855605492104069,0.8855605492104069,10,50734,991
TATCGAAA,0.882581536304787,0.882581536304787,10,50734,991
TATGGATA,0.8797571434461716,0.8797571434461716,10,50734,991
CTGATCCG,0.8774893827567724,0.8774893827567724,10,50734,991
CTTGTATC,0.8760359543149302,0.8760359543149302,10,50734,991
ATCATTAA,0.8759225662804602,0.8759225662804602,10,50734,991
TAGGATAC,0.8741186657320744,0.8741186657320744,10,50734,991
TTGATCTA,0.8723972292087577,0.8723972292087577,10,50734,991
TCACATAT,0.8710365727951181,0.8710365727951181,10,50734,991
AGTATCCG,0.8700882365068239,0.8700882365068239,10,50734,991
TATGATCA,0.8684801880179772,0.8684801880179772,10,50734,991
TATCTACC,0.8682534119490373,0.8682534119490373,10,50734,991
AAGGTATA,0.86536717107162,0.86536717107162,10,50734,991
CGGATAAT,0.8650166989650765,0.8650166989650765,10,50734,991
TCTGATCT,0.8648002308992702,0.8648002308992702,10,50734,991
CTGATCCT,0.861749061971715,0.861749061971715,10,50734,991
TGTATACA,0.8610481177586279,0.8610481177586279,10,50734,991
TATCTCCA,0.858347420937616,0.858347420937616,10,50734,991
GATGGTAT,0.8573990846493217,0.8573990846493217,10,50734,991
TCAATATC,0.855708572135406,0.855708572135406,10,50734,991
TCGATACG,0.8546983878283099,0.8546983878283099,10,50734,991
GATTAATA,0.8546056158001072,0.8546056158001072,10,50734,991
AGTGTATA,0.854554075784439,0.854554075784439,10,50734,991
TCTGATAG,0.852873871273657,0.852873871273657,10,50734,991
CCGACACC,0.8506370345936586,0.8506370345936586,10,50734,991
CAGAGATC,0.8498227023461016,0.8498227023461016,10,50734,991
TGGCGATA,0.8488743660578073,0.8488743660578073,10,50734,991
GATAATAG,0.8483177338885911,0.8483177338885911,10,50734,991
GATACAGA,0.8474930936379006,0.8474930936379006,10,50734,991
AGGGGATC,0.8472147775532924,0.8472147775532924,10,50734,991
GATCCCCT,0.8472147775532924,0.8472147775532924,10,50734,991
AGGATACT,0.846833381437348,0.846833381437348,10,50734,991
TATATAAA,0.8461942852430627,0.8461942852430627,10,50734,991
GAGATATG,0.8461427452273945,0.8461427452273945,10,50734,991
CATATCTC,0.8461427452273945,0.8461427452273945,10,50734,991
ACCATATA,0.845905661155321,0.845905661155321,10,50734,991
AAGATACA,0.8451016369108976,0.8451016369108976,10,50734,991
TGTATCTT,0.8451016369108976,0.8451016369108976,10,50734,991
TCTTATAC,0.8450397888920959,0.8450397888920959,10,50734,991
CGTGGATA,0.8448748608419577,0.8448748608419577,10,50734,991
AATACCTT,0.8445553127448151,0.8445553127448151,10,50734,991
CGTATCTT,0.8441842246320044,0.8441842246320044,10,50734,991
AAGATACG,0.8441842246320044,0.8441842246320044,10,50734,991
TTGACACT,0.8441842246320044,0.8441842246320044,10,50734,991
GGGCGATC,0.8439883725724653,0.8439883725724653,10,50734,991
GAGATCTC,0.8436069764565208,0.8436069764565208,10,50734,991
GGTGGATA,0.8435554364408527,0.8435554364408527,10,50734,991
TATCCACC,0.8435554364408527,0.8435554364408527,10,50734,991
TGGATATT,0.8425967921494248,0.8425967921494248,10,50734,991
AATATCCA,0.8425967921494248,0.8425967921494248,10,50734,991
AGACTATC,0.8424112480930194,0.8424112480930194,10,50734,991
AATACCGT,0.8424112480930194,0.8424112480930194,10,50734,991
CTGATCTG,0.8421844720240795,0.8421844720240795,10,50734,991
GGGATCGA,0.8421020079990105,0.8421020079990105,10,50734,991
TGTAGTAT,0.8420813919927431,0.8420813919927431,10,50734,991
GGTGTCGT,0.8420195439739413,0.8420195439739413,10,50734,991
CCCATATA,0.8419576959551396,0.8419576959551396,10,50734,991
TATATGGG,0.8419576959551396,0.8419576959551396,10,50734,991
TATCGAAT,0.8419061559394714,0.8419061559394714,10,50734,991
GATATTTA,0.8418546159238033,0.8418546159238033,10,50734,991
TAAATATC,0.8418546159238033,0.8418546159238033,10,50734,991
GTAATACC,0.8416175318517297,0.8416175318517297,10,50734,991
GGTATTAC,0.8416175318517297,0.8416175318517297,10,50734,991
ACTATCTC,0.8415762998391951,0.8415762998391951,10,50734,991
GTGATCTC,0.8410299756731127,0.8410299756731127,10,50734,991
GAGATCAC,0.8410299756731127,0.8410299756731127,10,50734,991
CAGATACG,0.84048365150703,0.84048365150703,10,50734,991
CGTATCTG,0.84048365150703,0.84048365150703,10,50734,991
TATCGTAG,0.8402465674349565,0.8402465674349565,10,50734,991
TAAATATA,0.840122871397353,0.840122871397353,10,50734,991
TAGGTGTC,0.8399167113346803,0.8399167113346803,10,50734,991
GACACCTA,0.8399167113346803,0.8399167113346803,10,50734,991
ACGATAGT,0.8398548633158784,0.8398548633158784,10,50734,991
ACTATCGT,0.8398548633158784,0.8398548633158784,10,50734,991
TATGATAA,0.8397723992908095,0.8397723992908095,10,50734,991
TCTCAGAT,0.8396899352657403,0.8396899352657403,10,50734,991
ATCTTATC,0.839586855234404,0.839586855234404,10,50734,991
GATAAGAT,0.839586855234404,0.839586855234404,10,50734,991
GGCGGATA,0.8386488269492435,0.8386488269492435,10,50734,991
TATCGCAC,0.8386488269492435,0.8386488269492435,10,50734,991
GTGCGATA,0.8386488269492435,0.8386488269492435,10,50734,991
TAAGGATC,0.8385251309116397,0.8385251309116397,10,50734,991
TCGATAGT,0.8383498948583681,0.8383498948583681,10,50734,991
TATCCAAC,0.838236506823898,0.838236506823898,10,50734,991
TGGATATG,0.8377211066672164,0.8377211066672164,10,50734,991
CATATCCA,0.8377211066672164,0.8377211066672164,10,50734,991
