{"run_id": "14:24:29-01/17/2025", "exp_name": "cbas_Q=0.7_generator=VAE_latent_dim=2_intermediate_dim=250", "model_name": "LandscapeAsModel=TF_Binding", "landscape_name": "TF_Binding", "rounds": 10, "sequences_batch_size": 100, "model_queries_per_batch": 5000}
sequence,model_score,true_score,round,model_cost,measurement_cost
GCTCGAGC,,0.5502102832639261,0,0,1
AATCTAGA,0.5946893167855523,0.5946893167855523,1,100,101
GCTTGAGG,0.391456727002845,0.391456727002845,1,100,101
GCTCGCGT,0.19339875479322147,0.19339875479322147,1,100,101
GGGCGCAC,0.18763658104152062,0.18763658104152062,1,100,101
ACTACAGC,0.3040448604296376,0.3040448604296376,1,100,101
ACTCGATC,0.6555993073021894,0.6555993073021894,1,100,101
GCTCGGGT,0.525244299674267,0.525244299674267,1,100,101
GCTCCAAC,0.289232259926607,0.289232259926607,1,100,101
GCGCGAGG,0.38677689358017564,0.38677689358017564,1,100,101
GCTAGAAT,0.44340906279635506,0.44340906279635506,1,100,101
GCTCGACA,0.23380612707706266,0.23380612707706266,1,100,101
GCTCCACT,0.3275780315837216,0.3275780315837216,1,100,101
GATCGAGC,0.6426112233538119,0.6426112233538119,1,100,101
GCTCCAGA,0.44579021152022436,0.44579021152022436,1,100,101
GCTGGAAT,0.41753597493093636,0.41753597493093636,1,100,101
TTTCGTAC,0.3244134746216963,0.3244134746216963,1,100,101
GCACGAGC,0.4142271059250402,0.4142271059250402,1,100,101
GGACGAGA,0.5377375994722302,0.5377375994722302,1,100,101
GCAGGAGC,0.33495856182740275,0.33495856182740275,1,100,101
GCTCGGGC,0.21069558405145752,0.21069558405145752,1,100,101
GCTGGAGC,0.2950253576877087,0.2950253576877087,1,100,101
GCTGGAAC,0.1364779614893003,0.1364779614893003,1,100,101
GCTCGCGC,0.12242815321815857,0.12242815321815857,1,100,101
GCTAGAGG,0.3006122953861378,0.3006122953861378,1,100,101
GAGCGAGC,0.31976456520842783,0.31976456520842783,1,100,101
CTTCGAGC,0.34007133138168477,0.34007133138168477,1,100,101
GTTCGACC,0.29694264627056444,0.29694264627056444,1,100,101
ACTCGAAC,0.39707458871067497,0.39707458871067497,1,100,101
GGTCGGGC,0.37523193007050676,0.37523193007050676,1,100,101
GATCGAAC,0.5907207355791035,0.5907207355791035,1,100,101
GCGCGACC,0.2700387580917825,0.2700387580917825,1,100,101
TCTCCGGC,0.5140085762586072,0.5140085762586072,1,100,101
GCTCACGC,0.33876221498371334,0.33876221498371334,1,100,101
GTCCGAAC,0.2886962437636581,0.2886962437636581,1,100,101
CCTCGATC,0.5322640498082712,0.5322640498082712,1,100,101
GCTCGACC,0.35574980414794044,0.35574980414794044,1,100,101
GCTCCCGT,0.39083824681482704,0.39083824681482704,1,100,101
TCTCGCAC,0.4293386385189461,0.4293386385189461,1,100,101
GCACAAGC,0.4639941450542201,0.4639941450542201,1,100,101
TCTTGCGC,0.2811404774667051,0.2811404774667051,1,100,101
GCTCGTGG,0.4696223147651837,0.4696223147651837,1,100,101
TATCCAAG,0.7372799241330968,0.7372799241330968,1,100,101
ACTCGGGC,0.42809137013977655,0.42809137013977655,1,100,101
GGTGGAGC,0.27909949284624586,0.27909949284624586,1,100,101
GCCCGGGC,0.3792005112769555,0.3792005112769555,1,100,101
GCTCGAGC,0.5502102832639261,0.5502102832639261,1,100,101
GCTCGCTC,0.31976456520842783,0.31976456520842783,1,100,101
GTGCATGT,0.5039582732033151,0.5039582732033151,1,100,101
GATCGAGA,0.7499381519811982,0.7499381519811982,1,100,101
GCCACAGA,0.19189378633571105,0.19189378633571105,1,100,101
GCTCGATA,0.6783181462087164,0.6783181462087164,1,100,101
TCTCGAGC,0.2924689729105677,0.2924689729105677,1,100,101
GCTAGAGC,0.3601100894734672,0.3601100894734672,1,100,101
CCTCGAGC,0.3609759617366924,0.3609759617366924,1,100,101
GCGCGAGA,0.3812105718880138,0.3812105718880138,1,100,101
GCTCGATC,0.6426112233538119,0.6426112233538119,1,100,101
GCAAGAGC,0.2904382962932421,0.2904382962932421,1,100,101
TCAAGAGC,0.43628623263101474,0.43628623263101474,1,100,101
GTTCGAGC,0.21334474085680122,0.21334474085680122,1,100,101
GCTCGAAC,0.21334474085680122,0.21334474085680122,1,100,101
GCTTGACC,0.1395085144105884,0.1395085144105884,1,100,101
GCTCTAGC,0.3601100894734672,0.3601100894734672,1,100,101
GCTGGAGG,0.687007792850369,0.687007792850369,1,100,101
GCTCCAGC,0.2950253576877087,0.2950253576877087,1,100,101
GCTAGAAC,0.40538283923638313,0.40538283923638313,1,100,101
GCTCGTGT,0.3638415866078423,0.3638415866078423,1,100,101
GATGGTGC,0.2658227848101266,0.2658227848101266,1,100,101
GGTCGAGC,0.35574980414794044,0.35574980414794044,1,100,101
CCTGGAGC,0.3399373273409475,0.3399373273409475,1,100,101
CCCCGAGC,0.37176844101760603,0.37176844101760603,1,100,101
ACTCGAGG,0.3790665072362182,0.3790665072362182,1,100,101
ACTCGAGC,0.3047767286521255,0.3047767286521255,1,100,101
GCCCGAGT,0.42809137013977655,0.42809137013977655,1,100,101
ACTCCAGG,0.2679874654681895,0.2679874654681895,1,100,101
GGCAGAGC,0.34201954397394135,0.34201954397394135,1,100,101
GCTCGAGT,0.3047767286521255,0.3047767286521255,1,100,101
GCGCCAGC,0.16273244547066343,0.16273244547066343,1,100,101
GCTCGAGA,0.2924689729105677,0.2924689729105677,1,100,101
GCTGGAGT,0.5190079577784191,0.5190079577784191,1,100,101
GGTTGAGT,0.3145693316290768,0.3145693316290768,1,100,101
GCACGGGC,0.3431740403249083,0.3431740403249083,1,100,101
GCGCGAGC,0.12242815321815857,0.12242815321815857,1,100,101
GGTCAAGC,0.1395085144105884,0.1395085144105884,1,100,101
GCTACCGC,0.37451036985115244,0.37451036985115244,1,100,101
TCTCCGAC,0.5452212097472477,0.5452212097472477,1,100,101
CGTCGAGC,0.34366882447532265,0.34366882447532265,1,100,101
GCTTGAGC,0.2830474580464272,0.2830474580464272,1,100,101
GGACGCTC,0.19082175400981322,0.19082175400981322,1,100,101
GCTCAAGC,0.2830474580464272,0.2830474580464272,1,100,101
GCTCGAGG,0.3609759617366924,0.3609759617366924,1,100,101
ACTCGAAG,0.26100894734672,0.26100894734672,1,100,101
GCCTGAGC,0.3072300333979302,0.3072300333979302,1,100,101
GCTCTAAA,0.35791448480600335,0.35791448480600335,1,100,101
GCGCGAAC,0.23905290067208182,0.23905290067208182,1,100,101
GCTCTCTC,0.3513998268255473,0.3513998268255473,1,100,101
CCTCGCGC,0.38677689358017564,0.38677689358017564,1,100,101
GCTCGTGC,0.4142271059250402,0.4142271059250402,1,100,101
GCGAGAGC,0.2040159980208634,0.2040159980208634,1,100,101
GTTCTAGG,0.40704242774089805,0.40704242774089805,1,100,101
CCTCGCTA,0.5036078010967715,0.5036078010967715,1,100,101
AGGTATCA,1.0,1.0,2,5110,200
TGATACCG,0.9879293283305158,0.9879293283305158,2,5110,200
GTATCATC,0.9861872758009319,0.9861872758009319,2,5110,200
TGATACAT,0.9839298231146663,0.9839298231146663,2,5110,200
TGATACGT,0.9831051828639755,0.9831051828639755,2,5110,200
TTGATACG,0.982589782707294,0.982589782707294,2,5110,200
CGATATCC,0.9825485506947594,0.9825485506947594,2,5110,200
TGTGATAC,0.9817651424566033,0.9817651424566033,2,5110,200
GAGTATCA,0.979724157836144,0.979724157836144,2,5110,200
GATATCAT,0.9794561497546695,0.9794561497546695,2,5110,200
TGATACTT,0.9782810373974353,0.9782810373974353,2,5110,200
TTGATACT,0.9781985733723663,0.9781985733723663,2,5110,200
ATGATACA,0.9761163567393725,0.9761163567393725,2,5110,200
CTGATATC,0.9750546324166083,0.9750546324166083,2,5110,200
TGATACGG,0.9736527439904342,0.9736527439904342,2,5110,200
GCTATCAT,0.9723333195893292,0.9723333195893292,2,5110,200
TGATATCG,0.971323135282233,0.971323135282233,2,5110,200
GCATATCA,0.9712303632540304,0.9712303632540304,2,5110,200
TGATATGC,0.9712303632540304,0.9712303632540304,2,5110,200
TGATACTG,0.970684039087948,0.970684039087948,2,5110,200
GGATCACT,0.9659217416402095,0.9659217416402095,2,5110,200
TATCGTAT,0.9657155815775369,0.9657155815775369,2,5110,200
CTGATACT,0.9653548014678596,0.9653548014678596,2,5110,200
TATCGGAT,0.9627674926813178,0.9627674926813178,2,5110,200
CATATCAG,0.9595513957036242,0.9595513957036242,2,5110,200
ATGATCCG,0.9577165711458376,0.9577165711458376,2,5110,200
CGATATCG,0.9555828144971756,0.9555828144971756,2,5110,200
GGATATCC,0.9548921782872223,0.9548921782872223,2,5110,200
ATATCATG,0.9521193254442749,0.9521193254442749,2,5110,200
GGCATATC,0.9485527563600379,0.9485527563600379,2,5110,200
GGATATCT,0.9474394920216056,0.9474394920216056,2,5110,200
TGATACAG,0.9472436399620665,0.9472436399620665,2,5110,200
ATATATCG,0.9470374798993939,0.9470374798993939,2,5110,200
TGATAGCT,0.9469653238774585,0.9469653238774585,2,5110,200
GACGATAC,0.9469137838617903,0.9469137838617903,2,5110,200
TGACACCT,0.9462643796643714,0.9462643796643714,2,5110,200
GATGATCC,0.9452438873541418,0.9452438873541418,2,5110,200
ACGGATCA,0.9431925947305488,0.9431925947305488,2,5110,200
TATCATTC,0.9412340741351586,0.9412340741351586,2,5110,200
CCCGTATC,0.9411000700944213,0.9411000700944213,2,5110,200
CTGATACA,0.9403888178782007,0.9403888178782007,2,5110,200
TAATACCT,0.9366367047375582,0.9366367047375582,2,5110,200
GATACGGT,0.9359769925370057,0.9359769925370057,2,5110,200
GAGTATCG,0.9335443037974684,0.9335443037974684,2,5110,200
GTATCGAA,0.9326062755123078,0.9326062755123078,2,5110,200
TGATATTC,0.932235187399497,0.932235187399497,2,5110,200
TGTGATCC,0.9320290273368244,0.9320290273368244,2,5110,200
CGATACTG,0.931389931142539,0.931389931142539,2,5110,200
TAGGATCA,0.9308436069764565,0.9308436069764565,2,5110,200
TTGATCCG,0.9298024986599597,0.9298024986599597,2,5110,200
CTGATACG,0.9283284542118501,0.9283284542118501,2,5110,200
CGTATCAG,0.9283284542118501,0.9283284542118501,2,5110,200
CGATACGG,0.9279985981115738,0.9279985981115738,2,5110,200
CGATATGT,0.9264833216509298,0.9264833216509298,2,5110,200
TATCCGAT,0.9257617614315755,0.9257617614315755,2,5110,200
TTGATAGC,0.9257617614315755,0.9257617614315755,2,5110,200
CGATATGC,0.9249165051746177,0.9249165051746177,2,5110,200
AATGATCC,0.9248958891683503,0.9248958891683503,2,5110,200
AGGTATCT,0.9248134251432812,0.9248134251432812,2,5110,200
TATCATCA,0.9240506329113924,0.9240506329113924,2,5110,200
CCATATCG,0.9235249247515771,0.9235249247515771,2,5110,200
CGATATGG,0.9235249247515771,0.9235249247515771,2,5110,200
CGATATAG,0.9230198325980291,0.9230198325980291,2,5110,200
ATATAGAT,0.9202675957613492,0.9202675957613492,2,5110,200
CGATACAC,0.9195769595513957,0.9195769595513957,2,5110,200
GATACTGA,0.9182266111408898,0.9182266111408898,2,5110,200
TAGATCAT,0.9150826701851317,0.9150826701851317,2,5110,200
GTATCTGG,0.9150414381725972,0.9150414381725972,2,5110,200
TTAATACC,0.91502082216633,0.91502082216633,2,5110,200
AGTATCGG,0.9145363460190493,0.9145363460190493,2,5110,200
CGATATAC,0.9135570857213541,0.9135570857213541,2,5110,200
GATCATCT,0.9131756896054097,0.9131756896054097,2,5110,200
GTATATCC,0.9130623015709397,0.9130623015709397,2,5110,200
TATTTGAT,0.9125984414299262,0.9125984414299262,2,5110,200
GGAGATAC,0.9121964293077146,0.9121964293077146,2,5110,200
GACTATCA,0.9098152805838453,0.9098152805838453,2,5110,200
ATCATGAT,0.9071764317816353,0.9071764317816353,2,5110,200
TGATCTGG,0.9065373355873501,0.9065373355873501,2,5110,200
GATACATT,0.906454871562281,0.906454871562281,2,5110,200
GGTATCTG,0.905918855399332,0.905918855399332,2,5110,200
TGGATACC,0.9057848513585948,0.9057848513585948,2,5110,200
TATCACGC,0.904599430998227,0.904599430998227,2,5110,200
TGAGATAC,0.904290190904218,0.904290190904218,2,5110,200
ATGATCAC,0.902414134333897,0.902414134333897,2,5110,200
TGATCCAT,0.9001979136601658,0.9001979136601658,2,5110,200
TGGATCAA,0.8986104811775862,0.8986104811775862,2,5110,200
TGATATTA,0.8981878530491074,0.8981878530491074,2,5110,200
CAGATCAT,0.8980435410052365,0.8980435410052365,2,5110,200
TATACGAT,0.8967756566197996,0.8967756566197996,2,5110,200
ATACCTCC,0.8964767245289244,0.8964767245289244,2,5110,200
GAGATACA,0.8964148765101225,0.8964148765101225,2,5110,200
AATATACC,0.896033480394178,0.896033480394178,2,5110,200
ACGATACG,0.8959613243722426,0.8959613243722426,2,5110,200
CATATCCG,0.8956314682719664,0.8956314682719664,2,5110,200
GCAGTATC,0.8951882241372201,0.8951882241372201,2,5110,200
GATCCGAT,0.8946625159774049,0.8946625159774049,2,5110,200
GGATACTT,0.8904362346926153,0.8904362346926153,2,5110,200
TGTATGAT,0.8891992743165794,0.8891992743165794,2,5110,200
GATGATCA,0.8891168102915102,0.8891168102915102,2,5110,200
GGGTATCA,0.9973714592009236,0.9973714592009236,3,10120,299
ATTGATAC,0.9944852183235064,0.9944852183235064,3,10120,299
GATATCAA,0.9935059580258113,0.9935059580258113,3,10120,299
GGTATCAT,0.989691996866367,0.989691996866367,3,10120,299
ATGATACG,0.9847338473590896,0.9847338473590896,3,10120,299
GTATCATA,0.982703170741764,0.982703170741764,3,10120,299
ATGATACT,0.9804354100523647,0.9804354100523647,3,10120,299
TATGATAT,0.9794870737640705,0.9794870737640705,3,10120,299
GTATCATT,0.9794149177421351,0.9794149177421351,3,10120,299
AATGATAC,0.9794149177421351,0.9794149177421351,3,10120,299
CTATATCA,0.9728693357522781,0.9728693357522781,3,10120,299
ATGATAGC,0.9723333195893292,0.9723333195893292,3,10120,299
GTATCATG,0.9717045313981776,0.9717045313981776,3,10120,299
CATGATAC,0.9717045313981776,0.9717045313981776,3,10120,299
GTGATACA,0.9714674473261039,0.9714674473261039,3,10120,299
GTATCAGA,0.9707458871067497,0.9707458871067497,3,10120,299
ATTTGATA,0.9692615346555065,0.9692615346555065,3,10120,299
ATATCACG,0.9684059703954151,0.9684059703954151,3,10120,299
GGGTATAT,0.9668803859316373,0.9668803859316373,3,10120,299
ATATACCC,0.9668803859316373,0.9668803859316373,3,10120,299
TAGTATCA,0.9665711458376284,0.9665711458376284,3,10120,299
TAGATACC,0.9621490124932999,0.9621490124932999,3,10120,299
TACGATAT,0.9614893002927474,0.9614893002927474,3,10120,299
TATCATTT,0.9565414587886035,0.9565414587886035,3,10120,299
GGTGTCAA,0.9545623221869459,0.9545623221869459,3,10120,299
ATATCGTT,0.9541293860553334,0.9541293860553334,3,10120,299
GTATCAGT,0.9528821176761637,0.9528821176761637,3,10120,299
ACTGATAC,0.9528821176761637,0.9528821176761637,3,10120,299
GATATCGG,0.9528305776604957,0.9528305776604957,3,10120,299
GATATGGG,0.9523461015132149,0.9523461015132149,3,10120,299
GGGGATAT,0.9522120974724776,0.9522120974724776,3,10120,299
TCGGATAT,0.9509854450995753,0.9509854450995753,3,10120,299
TATCATCT,0.9501298808394838,0.9501298808394838,3,10120,299
TGATACAG,0.9472436399620665,0.9472436399620665,3,10120,299
TGACACCT,0.9462643796643714,0.9462643796643714,3,10120,299
GATGATCC,0.9452438873541418,0.9452438873541418,3,10120,299
TACATATC,0.9446975631880592,0.9446975631880592,3,10120,299
GGTATCGG,0.9428421226240052,0.9428421226240052,3,10120,299
TATCATTC,0.9412340741351586,0.9412340741351586,3,10120,299
TGATCCGG,0.9410485300787532,0.9410485300787532,3,10120,299
CTGATACA,0.9403888178782007,0.9403888178782007,3,10120,299
TATCACAT,0.9387086133674185,0.9387086133674185,3,10120,299
AACGATAC,0.9372861089349771,0.9372861089349771,3,10120,299
TACTGATA,0.93715210489424,0.93715210489424,3,10120,299
TACGATAC,0.9355440564053932,0.9355440564053932,3,10120,299
TGGTGTCA,0.9348121881829052,0.9348121881829052,3,10120,299
TATATCAA,0.933667999835072,0.933667999835072,3,10120,299
CGATACTC,0.9335443037974684,0.9335443037974684,3,10120,299
TCCGATAT,0.9331732156846575,0.9331732156846575,3,10120,299
ATAATACC,0.9329258236094504,0.9329258236094504,3,10120,299
TTCGATAC,0.9326062755123078,0.9326062755123078,3,10120,299
TAGTATCG,0.9322454954026307,0.9322454954026307,3,10120,299
AGCGATAC,0.9320496433430916,0.9320496433430916,3,10120,299
TAGGATCA,0.9308436069764565,0.9308436069764565,3,10120,299
ACGGTATC,0.9306271389106502,0.9306271389106502,3,10120,299
TATAGTAT,0.9304519028573784,0.9304519028573784,3,10120,299
GATACGAT,0.9294726425596833,0.9294726425596833,3,10120,299
AAGTGATA,0.9290706304374717,0.9290706304374717,3,10120,299
CGATATGT,0.9264833216509298,0.9264833216509298,3,10120,299
GTAGATAT,0.926421473632128,0.926421473632128,3,10120,299
TTGATAGC,0.9257617614315755,0.9257617614315755,3,10120,299
GATACGTA,0.9254834453469675,0.9254834453469675,3,10120,299
ATATACTC,0.9252154372654929,0.9252154372654929,3,10120,299
ACAGTATC,0.9251020492310229,0.9251020492310229,3,10120,299
GCATATCG,0.9249165051746177,0.9249165051746177,3,10120,299
TATGATAG,0.9243804890116687,0.9243804890116687,3,10120,299
CCATATCG,0.9235249247515771,0.9235249247515771,3,10120,299
CTATGATA,0.9232466086669691,0.9232466086669691,3,10120,299
TATCATAG,0.9232466086669691,0.9232466086669691,3,10120,299
CTATATCG,0.9230198325980291,0.9230198325980291,3,10120,299
TATCTGAT,0.9222261163567395,0.9222261163567395,3,10120,299
ATATAGAT,0.9202675957613492,0.9202675957613492,3,10120,299
ATCTATAT,0.9202675957613492,0.9202675957613492,3,10120,299
TCAGTATC,0.9182266111408898,0.9182266111408898,3,10120,299
TAAGATAC,0.9181956871314889,0.9181956871314889,3,10120,299
TGTGATAG,0.9171133468024575,0.9171133468024575,3,10120,299
ACCGATAC,0.9165154826207067,0.9165154826207067,3,10120,299
GTATCTGG,0.9150414381725972,0.9150414381725972,3,10120,299
ATCATAGA,0.9149280501381273,0.9149280501381273,3,10120,299
TATCAGTC,0.9137632457840268,0.9137632457840268,3,10120,299
TATCACAG,0.9134436976868842,0.9134436976868842,3,10120,299
GATCATCT,0.9131756896054097,0.9131756896054097,3,10120,299
GTATATCC,0.9130623015709397,0.9130623015709397,3,10120,299
TAGATACT,0.9117222611635674,0.9117222611635674,3,10120,299
GATCATTA,0.9107945408815404,0.9107945408815404,3,10120,299
TAATGATC,0.9107945408815404,0.9107945408815404,3,10120,299
CCTATCAA,0.9102379087123244,0.9102379087123244,3,10120,299
TTGATAGG,0.9102379087123244,0.9102379087123244,3,10120,299
AGATCAAT,0.9097843565744445,0.9097843565744445,3,10120,299
CAATATCA,0.9094957324867027,0.9094957324867027,3,10120,299
CGATACTT,0.9094132684616335,0.9094132684616335,3,10120,299
TAAGTATC,0.9067125716406219,0.9067125716406219,3,10120,299
TGATCTGG,0.9065373355873501,0.9065373355873501,3,10120,299
TATCACTA,0.9022492062837587,0.9022492062837587,3,10120,299
GATACTAA,0.9022285902774915,0.9022285902774915,3,10120,299
ATGGATAC,0.900837009854451,0.900837009854451,3,10120,299
TGATCCAT,0.9001979136601658,0.9001979136601658,3,10120,299
TATATCTT,0.8998989815692905,0.8998989815692905,3,10120,299
CCGATACA,0.8994866614439451,0.8994866614439451,3,10120,299
TTGATATC,0.9935059580258113,0.9935059580258113,4,15130,398
AGTGATAC,0.9879602523399167,0.9879602523399167,4,15130,398
CATATCAT,0.9850946274687667,0.9850946274687667,4,15130,398
CGTATCAT,0.9847338473590896,0.9847338473590896,4,15130,398
TTGATACG,0.982589782707294,0.982589782707294,4,15130,398
CGATATCC,0.9825485506947594,0.9825485506947594,4,15130,398
GGATATCG,0.9825485506947594,0.9825485506947594,4,15130,398
GATACCCT,0.9812497422999216,0.9812497422999216,4,15130,398
ATATCAAT,0.9782604213911682,0.9782604213911682,4,15130,398
ATACCCCC,0.9774667051498783,0.9774667051498783,4,15130,398
ATATGATA,0.9761988207644415,0.9761988207644415,4,15130,398
CTGATATC,0.9750546324166083,0.9750546324166083,4,15130,398
TGATATGG,0.974724776316332,0.974724776316332,4,15130,398
TGATATAG,0.9728693357522781,0.9728693357522781,4,15130,398
GATATATC,0.9725188636457345,0.9725188636457345,4,15130,398
ATATCACC,0.9714055993073022,0.9714055993073022,4,15130,398
AAGGTATC,0.9706634230816805,0.9706634230816805,4,15130,398
AGTATCAC,0.9694780027213128,0.9694780027213128,4,15130,398
TGATACTA,0.9665711458376284,0.9665711458376284,4,15130,398
CTGATACT,0.9653548014678596,0.9653548014678596,4,15130,398
TATCGGAT,0.9627674926813178,0.9627674926813178,4,15130,398
TTTGATAT,0.9616026883272173,0.9616026883272173,4,15130,398
CATATCAG,0.9595513957036242,0.9595513957036242,4,15130,398
GATACCTG,0.9586752154372655,0.9586752154372655,4,15130,398
ATCGATAC,0.9539541500020616,0.9539541500020616,4,15130,398
GGGGGATC,0.9528305776604957,0.9528305776604957,4,15130,398
ATACCCTC,0.9518513173628006,0.9518513173628006,4,15130,398
CTTGATAC,0.9517276213251968,0.9517276213251968,4,15130,398
CGTGATAC,0.9489238444728487,0.9489238444728487,4,15130,398
GATATGCC,0.9485527563600379,0.9485527563600379,4,15130,398
TATCATCG,0.94793427617202,0.94793427617202,4,15130,398
ATATCCTC,0.947398260009071,0.947398260009071,4,15130,398
TGATAGCT,0.9469653238774585,0.9469653238774585,4,15130,398
GATACCAT,0.9456355914732198,0.9456355914732198,4,15130,398
TGATCCGT,0.9431925947305488,0.9431925947305488,4,15130,398
GTAGTATC,0.9406155939471406,0.9406155939471406,4,15130,398
TATATCTC,0.9376984290603225,0.9376984290603225,4,15130,398
TATCTCCC,0.9374407289819816,0.9374407289819816,4,15130,398
AACGATAC,0.9372861089349771,0.9372861089349771,4,15130,398
CCTGATAC,0.9351626602894486,0.9351626602894486,4,15130,398
ACGATACT,0.933358759741063,0.933358759741063,4,15130,398
CAGTATCG,0.931389931142539,0.931389931142539,4,15130,398
ATCGTATC,0.9294726425596833,0.9294726425596833,4,15130,398
GATACGAT,0.9294726425596833,0.9294726425596833,4,15130,398
GATATGTC,0.9292561744938771,0.9292561744938771,4,15130,398
CGTATCAG,0.9283284542118501,0.9283284542118501,4,15130,398
CTGATACG,0.9283284542118501,0.9283284542118501,4,15130,398
CGATACGG,0.9279985981115738,0.9279985981115738,4,15130,398
CGATATGC,0.9249165051746177,0.9249165051746177,4,15130,398
AATGATCC,0.9248958891683503,0.9248958891683503,4,15130,398
CTATCATA,0.9243804890116687,0.9243804890116687,4,15130,398
CGATATGG,0.9235249247515771,0.9235249247515771,4,15130,398
CAAGTATC,0.9232156846575681,0.9232156846575681,4,15130,398
CTATATCG,0.9230198325980291,0.9230198325980291,4,15130,398
CGATATAG,0.9230198325980291,0.9230198325980291,4,15130,398
AGTGATCT,0.9229476765760937,0.9229476765760937,4,15130,398
TAAGATAT,0.9215767121593205,0.9215767121593205,4,15130,398
GATACGCC,0.9204531398177546,0.9204531398177546,4,15130,398
CGTTGATA,0.9195048035294603,0.9195048035294603,4,15130,398
ATATCTGT,0.9182884591596915,0.9182884591596915,4,15130,398
CGCATATC,0.9181132231064197,0.9181132231064197,4,15130,398
GGTATTAA,0.91502082216633,0.91502082216633,4,15130,398
GACACCCT,0.9149692821506618,0.9149692821506618,4,15130,398
GGGATCAA,0.9142271059250402,0.9142271059250402,4,15130,398
AGATGATC,0.9131756896054097,0.9131756896054097,4,15130,398
CGCGATAC,0.9118253411949037,0.9118253411949037,4,15130,398
ACTATCAC,0.9081866160887313,0.9081866160887313,4,15130,398
AGGTATCC,0.9072382798004371,0.9072382798004371,4,15130,398
CCGATATG,0.9072073557910362,0.9072073557910362,4,15130,398
GATACTTA,0.9067125716406219,0.9067125716406219,4,15130,398
GATACATT,0.906454871562281,0.906454871562281,4,15130,398
GGTATCCA,0.9057848513585948,0.9057848513585948,4,15130,398
GATAGGAT,0.9053622232301158,0.9053622232301158,4,15130,398
GCTGATAT,0.904857131076568,0.904857131076568,4,15130,398
CGGCTATC,0.9045066589700244,0.9045066589700244,4,15130,398
ATTAATAT,0.9030738465344494,0.9030738465344494,4,15130,398
GGATCAGA,0.9028367624623758,0.9028367624623758,4,15130,398
AGTTGATA,0.9025996783903023,0.9025996783903023,4,15130,398
ATGATCAC,0.902414134333897,0.902414134333897,4,15130,398
GTGATCAT,0.902414134333897,0.902414134333897,4,15130,398
ATTATACC,0.9022595142868923,0.9022595142868923,4,15130,398
GATACTAA,0.9022285902774915,0.9022285902774915,4,15130,398
GATACGGC,0.9013111779985981,0.9013111779985981,4,15130,398
ATTGGATC,0.9010534779202574,0.9010534779202574,4,15130,398
ATATCTGA,0.9007133138168475,0.9007133138168475,4,15130,398
GGTTGATA,0.8999814455943594,0.8999814455943594,4,15130,398
GTGATCGG,0.8976209128767576,0.8976209128767576,4,15130,398
GATACTCG,0.8971673607388777,0.8971673607388777,4,15130,398
GGGTGATC,0.8962808724693851,0.8962808724693851,4,15130,398
CGATAGGG,0.8955696202531646,0.8955696202531646,4,15130,398
GCGATACG,0.8940234197831196,0.8940234197831196,4,15130,398
CGGGATAT,0.8917865831031213,0.8917865831031213,4,15130,398
AACTGATC,0.8914361109965778,0.8914361109965778,4,15130,398
TAATATCG,0.8905496227270853,0.8905496227270853,4,15130,398
CATGTATC,0.8900857625860719,0.8900857625860719,4,15130,398
ATAGTATT,0.8895600544262565,0.8895600544262565,4,15130,398
GAGATCAT,0.8888075701975013,0.8888075701975013,4,15130,398
TAGGGGAT,0.8879107739248753,0.8879107739248753,4,15130,398
GTAATATC,0.8874881457963963,0.8874881457963963,4,15130,398
AGGTATCA,1.0,1.0,5,20140,497
GTGATATC,0.9942172102420319,0.9942172102420319,5,20140,497
ATGTATCA,0.9839298231146663,0.9839298231146663,5,20140,497
TGATACGT,0.9831051828639755,0.9831051828639755,5,20140,497
TGATACAC,0.983063950851441,0.983063950851441,5,20140,497
CGTATCAA,0.982589782707294,0.982589782707294,5,20140,497
ACATATCA,0.979559229786006,0.979559229786006,5,20140,497
AATGATAC,0.9794149177421351,0.9794149177421351,5,20140,497
GCGATATC,0.9771574650558693,0.9771574650558693,5,20140,497
GATATCGC,0.9771574650558693,0.9771574650558693,5,20140,497
CCATATCA,0.974724776316332,0.974724776316332,5,20140,497
CGATACCT,0.9741062961283141,0.9741062961283141,5,20140,497
AGGTATCG,0.9741062961283141,0.9741062961283141,5,20140,497
CGGATATC,0.9737352080155032,0.9737352080155032,5,20140,497
AAGATATC,0.9732094998556878,0.9732094998556878,5,20140,497
GATATCTT,0.9732094998556878,0.9732094998556878,5,20140,497
ATGATAGC,0.9723333195893292,0.9723333195893292,5,20140,497
CATGATAC,0.9717045313981776,0.9717045313981776,5,20140,497
GCATATCA,0.9712303632540304,0.9712303632540304,5,20140,497
TTGATACA,0.9631695048035296,0.9631695048035296,5,20140,497
GGTGTCAT,0.961272832226941,0.961272832226941,5,20140,497
AGGGATCA,0.9595307796973571,0.9595307796973571,5,20140,497
CAGGTATC,0.9586752154372655,0.9586752154372655,5,20140,497
ATGATCCG,0.9577165711458376,0.9577165711458376,5,20140,497
TGATAGCC,0.9534799818579145,0.9534799818579145,5,20140,497
GGTATCAG,0.9533975178328454,0.9533975178328454,5,20140,497
CTGATACC,0.9533975178328454,0.9533975178328454,5,20140,497
GATACTTT,0.952593493588422,0.952593493588422,5,20140,497
ATGATAGG,0.9467076237991177,0.9467076237991177,5,20140,497
AGGTGTCA,0.9462643796643714,0.9462643796643714,5,20140,497
GGATGATA,0.9454912794293491,0.9454912794293491,5,20140,497
CGATATCT,0.944450171112852,0.944450171112852,5,20140,497
ACGGATCA,0.9431925947305488,0.9431925947305488,5,20140,497
GTATCTAA,0.9415330062260339,0.9415330062260339,5,20140,497
CTGATACA,0.9403888178782007,0.9403888178782007,5,20140,497
TCGATATC,0.9400486537747907,0.9400486537747907,5,20140,497
GATATCGA,0.9400486537747907,0.9400486537747907,5,20140,497
GGATCAAT,0.938471529295345,0.938471529295345,5,20140,497
ATTGATCC,0.938471529295345,0.938471529295345,5,20140,497
TATATCTC,0.9376984290603225,0.9376984290603225,5,20140,497
CCTGATAC,0.9351626602894486,0.9351626602894486,5,20140,497
GTGATAGC,0.9339669319259473,0.9339669319259473,5,20140,497
GATCGATA,0.9319774873211562,0.9319774873211562,5,20140,497
TGATAGCG,0.9297818826536922,0.9297818826536922,5,20140,497
GATACGAT,0.9294726425596833,0.9294726425596833,5,20140,497
CGTATCAG,0.9283284542118501,0.9283284542118501,5,20140,497
CTGATACG,0.9283284542118501,0.9283284542118501,5,20140,497
TGATAGGT,0.9280192141178412,0.9280192141178412,5,20140,497
AAGATACC,0.9268544097637406,0.9268544097637406,5,20140,497
TTGATAGC,0.9257617614315755,0.9257617614315755,5,20140,497
ATCCCCCG,0.9256689894033727,0.9256689894033727,5,20140,497
AATGATCC,0.9248958891683503,0.9248958891683503,5,20140,497
AGTATCGC,0.9248958891683503,0.9248958891683503,5,20140,497
CCATATCG,0.9235249247515771,0.9235249247515771,5,20140,497
CAAGTATC,0.9232156846575681,0.9232156846575681,5,20140,497
CTATATCG,0.9230198325980291,0.9230198325980291,5,20140,497
ATCTGATC,0.9227312085102873,0.9227312085102873,5,20140,497
CGATACAC,0.9195769595513957,0.9195769595513957,5,20140,497
GATATGCG,0.9181132231064197,0.9181132231064197,5,20140,497
GTATATAC,0.9175875149466046,0.9175875149466046,5,20140,497
GTATCTGG,0.9150414381725972,0.9150414381725972,5,20140,497
GACACCCT,0.9149692821506618,0.9149692821506618,5,20140,497
TATCAGTC,0.9137632457840268,0.9137632457840268,5,20140,497
CTGTGATA,0.9134436976868842,0.9134436976868842,5,20140,497
CGGTGTCA,0.9133818496680823,0.9133818496680823,5,20140,497
ATGTATCG,0.9130107615552715,0.9130107615552715,5,20140,497
CATGATCC,0.9129901455490043,0.9129901455490043,5,20140,497
GTATCGCG,0.9118253411949037,0.9118253411949037,5,20140,497
GATATACA,0.9114336370758257,0.9114336370758257,5,20140,497
TTGATAGG,0.9102379087123244,0.9102379087123244,5,20140,497
AAGTGATC,0.9092792644208963,0.9092792644208963,5,20140,497
AGGTATCC,0.9072382798004371,0.9072382798004371,5,20140,497
CATATCGG,0.9072073557910362,0.9072073557910362,5,20140,497
CCAGATCA,0.9065373355873501,0.9065373355873501,5,20140,497
TTATATCC,0.9063002515152765,0.9063002515152765,5,20140,497
TATCGTTC,0.9060940914526039,0.9060940914526039,5,20140,497
GATACGGA,0.9055786912959222,0.9055786912959222,5,20140,497
ATCGCGAT,0.902692450418505,0.902692450418505,5,20140,497
GTGATCAT,0.902414134333897,0.902414134333897,5,20140,497
ACGGGTAT,0.9023729023213624,0.9023729023213624,5,20140,497
ATTGGATC,0.9010534779202574,0.9010534779202574,5,20140,497
GGATCAAC,0.8994969694470787,0.8994969694470787,5,20140,497
ACTTGATA,0.8977652249206285,0.8977652249206285,5,20140,497
TTGGTATC,0.8976209128767576,0.8976209128767576,5,20140,497
TATATACG,0.8974766008328866,0.8974766008328866,5,20140,497
TATACGAT,0.8967756566197996,0.8967756566197996,5,20140,497
AATATACC,0.896033480394178,0.896033480394178,5,20140,497
CGTATCGT,0.8959613243722426,0.8959613243722426,5,20140,497
CTGATAGC,0.8950129880839484,0.8950129880839484,5,20140,497
ATCGGATC,0.8946625159774049,0.8946625159774049,5,20140,497
GATATTAT,0.8941986558363915,0.8941986558363915,5,20140,497
GATCCGTA,0.8923019832598029,0.8923019832598029,5,20140,497
GTATCCGT,0.8921679792190657,0.8921679792190657,5,20140,497
TATCAGGT,0.8918587391250568,0.8918587391250568,5,20140,497
TGATAGGC,0.8911474869088359,0.8911474869088359,5,20140,497
ATATACCT,0.8896940584669938,0.8896940584669938,5,20140,497
GATATTAG,0.8889518822413722,0.8889518822413722,5,20140,497
GATCACAT,0.8888900342225705,0.8888900342225705,5,20140,497
AAGGGATC,0.8883643260627552,0.8883643260627552,5,20140,497
GTATCAAT,0.9944852183235064,0.9944852183235064,6,25150,596
GGTATCAT,0.989691996866367,0.989691996866367,6,25150,596
GTATCATT,0.9794149177421351,0.9794149177421351,6,25150,596
GTATCATG,0.9717045313981776,0.9717045313981776,6,25150,596
TGATATAC,0.9713334432853667,0.9713334432853667,6,25150,596
TGATATCG,0.971323135282233,0.971323135282233,6,25150,596
GATATCTG,0.9682719663546778,0.9682719663546778,6,25150,596
ACTGATAT,0.9681585783202078,0.9681585783202078,6,25150,596
ATATCAGT,0.9681585783202078,0.9681585783202078,6,25150,596
TATCGTAT,0.9657155815775369,0.9657155815775369,6,25150,596
CTGATACT,0.9653548014678596,0.9653548014678596,6,25150,596
TGGATATC,0.9623242485465716,0.9623242485465716,6,25150,596
TGATCCCT,0.9595307796973571,0.9595307796973571,6,25150,596
ATATATAC,0.9564074547478661,0.9564074547478661,6,25150,596
GTATCGAT,0.9539541500020616,0.9539541500020616,6,25150,596
TCCGATAC,0.9536449099080525,0.9536449099080525,6,25150,596
GTATCGGA,0.9536449099080525,0.9536449099080525,6,25150,596
GTATCAGT,0.9528821176761637,0.9528821176761637,6,25150,596
ACTGATAC,0.9528821176761637,0.9528821176761637,6,25150,596
ATATCCCC,0.9522120974724776,0.9522120974724776,6,25150,596
TATCACAC,0.9519956294066714,0.9519956294066714,6,25150,596
GGATCATA,0.9501092648332166,0.9501092648332166,6,25150,596
GCGATACC,0.9493361645981941,0.9493361645981941,6,25150,596
GGATATCT,0.9474394920216056,0.9474394920216056,6,25150,596
CTGTATCA,0.9472436399620665,0.9472436399620665,6,25150,596
AGCTATCA,0.9469653238774585,0.9469653238774585,6,25150,596
GTATCTAT,0.9460891436110996,0.9460891436110996,6,25150,596
GATACCAT,0.9456355914732198,0.9456355914732198,6,25150,596
CCGGATCA,0.9410485300787532,0.9410485300787532,6,25150,596
CGGATCAC,0.9404197418876016,0.9404197418876016,6,25150,596
ATTGATCC,0.938471529295345,0.938471529295345,6,25150,596
GATATACT,0.937770585082258,0.937770585082258,6,25150,596
AGGTATTA,0.9366367047375582,0.9366367047375582,6,25150,596
AGATATAC,0.9360285325526739,0.9360285325526739,6,25150,596
TACGATAC,0.9355440564053932,0.9355440564053932,6,25150,596
AGTATCGT,0.933358759741063,0.933358759741063,6,25150,596
ATATCGGA,0.9331732156846575,0.9331732156846575,6,25150,596
GGTATTAT,0.9329258236094504,0.9329258236094504,6,25150,596
TTCGATAC,0.9326062755123078,0.9326062755123078,6,25150,596
GTATCGAA,0.9326062755123078,0.9326062755123078,6,25150,596
CAGTATCG,0.931389931142539,0.931389931142539,6,25150,596
TGATCCTA,0.9308436069764565,0.9308436069764565,6,25150,596
GATACCGT,0.9306271389106502,0.9306271389106502,6,25150,596
AGGGGTAT,0.9302148187853049,0.9302148187853049,6,25150,596
ATCGTATC,0.9294726425596833,0.9294726425596833,6,25150,596
CTGATACG,0.9283284542118501,0.9283284542118501,6,25150,596
ATATCCGT,0.9281119861460437,0.9281119861460437,6,25150,596
TGATAGGT,0.9280192141178412,0.9280192141178412,6,25150,596
GGTATCTT,0.9268544097637406,0.9268544097637406,6,25150,596
TGATCCGA,0.9261843895600543,0.9261843895600543,6,25150,596
CGGGGGAT,0.9256689894033727,0.9256689894033727,6,25150,596
GCATATCG,0.9249165051746177,0.9249165051746177,6,25150,596
CGATATGC,0.9249165051746177,0.9249165051746177,6,25150,596
GGATCATT,0.9248958891683503,0.9248958891683503,6,25150,596
TTGGATCA,0.9232672246732363,0.9232672246732363,6,25150,596
GATCAGAT,0.9227312085102873,0.9227312085102873,6,25150,596
ATATAGAT,0.9202675957613492,0.9202675957613492,6,25150,596
CTATCATT,0.9190409433884469,0.9190409433884469,6,25150,596
TGGTATCT,0.9188450913289078,0.9188450913289078,6,25150,596
GATATGCG,0.9181132231064197,0.9181132231064197,6,25150,596
GTGGTATC,0.9176184389560055,0.9176184389560055,6,25150,596
GTATATAC,0.9175875149466046,0.9175875149466046,6,25150,596
ACCGATAC,0.9165154826207067,0.9165154826207067,6,25150,596
GTATCGGT,0.9165154826207067,0.9165154826207067,6,25150,596
GTATCGCA,0.916144394507896,0.916144394507896,6,25150,596
GTATCTGG,0.9150414381725972,0.9150414381725972,6,25150,596
ATCATAGA,0.9149280501381273,0.9149280501381273,6,25150,596
CGATATAC,0.9135570857213541,0.9135570857213541,6,25150,596
AGATGATC,0.9131756896054097,0.9131756896054097,6,25150,596
GGATATAC,0.9130623015709397,0.9130623015709397,6,25150,596
GTATATCC,0.9130623015709397,0.9130623015709397,6,25150,596
ATGTATCG,0.9130107615552715,0.9130107615552715,6,25150,596
GATAGTAT,0.9121448892920463,0.9121448892920463,6,25150,596
CGCGATAC,0.9118253411949037,0.9118253411949037,6,25150,596
TGTATATC,0.9114336370758257,0.9114336370758257,6,25150,596
TATTGATC,0.9107945408815404,0.9107945408815404,6,25150,596
TGATAGTC,0.9098152805838453,0.9098152805838453,6,25150,596
AGATCAAT,0.9097843565744445,0.9097843565744445,6,25150,596
ACTATCAC,0.9081866160887313,0.9081866160887313,6,25150,596
TTATATCC,0.9063002515152765,0.9063002515152765,6,25150,596
ATCCTATC,0.9053622232301158,0.9053622232301158,6,25150,596
GATAGCCG,0.9045066589700244,0.9045066589700244,6,25150,596
TGCATATC,0.9039294107945408,0.9039294107945408,6,25150,596
AGATCAGT,0.9038778707788728,0.9038778707788728,6,25150,596
CTATATCC,0.9028264544592421,0.9028264544592421,6,25150,596
ATCGCGAT,0.902692450418505,0.902692450418505,6,25150,596
GGATATTA,0.9024038263307632,0.9024038263307632,6,25150,596
TTAGTATC,0.9022285902774915,0.9022285902774915,6,25150,596
GTATCCAT,0.900837009854451,0.900837009854451,6,25150,596
ACTGTATC,0.8987444852183236,0.8987444852183236,6,25150,596
CGTATTAT,0.8977549169174948,0.8977549169174948,6,25150,596
CTGATAGC,0.8950129880839484,0.8950129880839484,6,25150,596
AGGCTATC,0.8948377520306766,0.8948377520306766,6,25150,596
AGAGATAC,0.8931472395167608,0.8931472395167608,6,25150,596
TACGGATC,0.8923019832598029,0.8923019832598029,6,25150,596
GATCATTG,0.8911681029151033,0.8911681029151033,6,25150,596
TGATAGGC,0.8911474869088359,0.8911474869088359,6,25150,596
CGATATTA,0.8905496227270853,0.8905496227270853,6,25150,596
GGATACTT,0.8904362346926153,0.8904362346926153,6,25150,596
ATGATACG,0.9847338473590896,0.9847338473590896,7,30160,695
CGTATCAT,0.9847338473590896,0.9847338473590896,7,30160,695
TGATACAT,0.9839298231146663,0.9839298231146663,7,30160,695
TTGATACG,0.982589782707294,0.982589782707294,7,30160,695
TGATACTC,0.979724157836144,0.979724157836144,7,30160,695
GATATCAT,0.9794561497546695,0.9794561497546695,7,30160,695
ATTGATAT,0.9782604213911682,0.9782604213911682,7,30160,695
GTGATACG,0.9751680204510782,0.9751680204510782,7,30160,695
AGGTATCG,0.9741062961283141,0.9741062961283141,7,30160,695
GATATCCG,0.9737352080155032,0.9737352080155032,7,30160,695
GGGTATCG,0.9729105677648127,0.9729105677648127,7,30160,695
TGATACTG,0.970684039087948,0.970684039087948,7,30160,695
AGATATCT,0.9677874902073971,0.9677874902073971,7,30160,695
GATATACC,0.9673236300663836,0.9673236300663836,7,30160,695
ATGACACC,0.961272832226941,0.961272832226941,7,30160,695
CAGGTATC,0.9586752154372655,0.9586752154372655,7,30160,695
GGTATCGT,0.9577578031583722,0.9577578031583722,7,30160,695
CATATCAC,0.9574897950768977,0.9574897950768977,7,30160,695
TATATCAT,0.9571908629860224,0.9571908629860224,7,30160,695
GGTATCGA,0.9541500020616006,0.9541500020616006,7,30160,695
CTGATACC,0.9533975178328454,0.9533975178328454,7,30160,695
AGCGATAT,0.9507689770337691,0.9507689770337691,7,30160,695
GTTGATAT,0.9491609285449224,0.9491609285449224,7,30160,695
GGATCATC,0.9452438873541418,0.9452438873541418,7,30160,695
TACCGTAT,0.9431719787242815,0.9431719787242815,7,30160,695
ATACGGTA,0.9431719787242815,0.9431719787242815,7,30160,695
ATCATATA,0.9412856141508267,0.9412856141508267,7,30160,695
TGTATCAG,0.9403888178782007,0.9403888178782007,7,30160,695
TATCACAT,0.9387086133674185,0.9387086133674185,7,30160,695
GTATCGTT,0.9372861089349771,0.9372861089349771,7,30160,695
AACGATAC,0.9372861089349771,0.9372861089349771,7,30160,695
ACCGTATC,0.9359769925370057,0.9359769925370057,7,30160,695
GATACGGT,0.9359769925370057,0.9359769925370057,7,30160,695
GTATCGTA,0.9355440564053932,0.9355440564053932,7,30160,695
TACGATAC,0.9355440564053932,0.9355440564053932,7,30160,695
GTATCGAA,0.9326062755123078,0.9326062755123078,7,30160,695
TAGTATCG,0.9322454954026307,0.9322454954026307,7,30160,695
CAGTATCG,0.931389931142539,0.931389931142539,7,30160,695
ATAGGTAT,0.9296375706098214,0.9296375706098214,7,30160,695
GATACGAT,0.9294726425596833,0.9294726425596833,7,30160,695
AAGTGATA,0.9290706304374717,0.9290706304374717,7,30160,695
CTGATACG,0.9283284542118501,0.9283284542118501,7,30160,695
CGATATGT,0.9264833216509298,0.9264833216509298,7,30160,695
GATACTTC,0.9264317816352615,0.9264317816352615,7,30160,695
TATCCGAT,0.9257617614315755,0.9257617614315755,7,30160,695
TACGTATC,0.9254834453469675,0.9254834453469675,7,30160,695
ATATACTC,0.9252154372654929,0.9252154372654929,7,30160,695
TGATCCAA,0.9232672246732363,0.9232672246732363,7,30160,695
ATGATATT,0.9232156846575681,0.9232156846575681,7,30160,695
GGCGTATC,0.9204531398177546,0.9204531398177546,7,30160,695
ATATCTGT,0.9182884591596915,0.9182884591596915,7,30160,695
CGGATATA,0.9175153589246692,0.9175153589246692,7,30160,695
ACCGATAC,0.9165154826207067,0.9165154826207067,7,30160,695
GTATCGCA,0.916144394507896,0.916144394507896,7,30160,695
TCTATGAT,0.9149280501381273,0.9149280501381273,7,30160,695
TATCAGTC,0.9137632457840268,0.9137632457840268,7,30160,695
GTATATCG,0.9135570857213541,0.9135570857213541,7,30160,695
GGTGTCAC,0.9134333896837504,0.9134333896837504,7,30160,695
GGAGATAC,0.9121964293077146,0.9121964293077146,7,30160,695
TATTGATC,0.9107945408815404,0.9107945408815404,7,30160,695
ATATAAGA,0.9106605368408033,0.9106605368408033,7,30160,695
CCTATCAA,0.9102379087123244,0.9102379087123244,7,30160,695
AGATCAAT,0.9097843565744445,0.9097843565744445,7,30160,695
CGATACTT,0.9094132684616335,0.9094132684616335,7,30160,695
AAGTATCG,0.9094132684616335,0.9094132684616335,7,30160,695
TATCTCAC,0.9081763080855977,0.9081763080855977,7,30160,695
TATCACAA,0.907743371953985,0.907743371953985,7,30160,695
ATCATGAT,0.9071764317816353,0.9071764317816353,7,30160,695
CAGATACC,0.905918855399332,0.905918855399332,7,30160,695
ATATTGAT,0.904176802869748,0.904176802869748,7,30160,695
AGATCAGT,0.9038778707788728,0.9038778707788728,7,30160,695
TATCTCTC,0.9031047705438503,0.9031047705438503,7,30160,695
TAGTGATA,0.9022492062837587,0.9022492062837587,7,30160,695
GTGATCGG,0.8976209128767576,0.8976209128767576,7,30160,695
GCGATACG,0.8940234197831196,0.8940234197831196,7,30160,695
TATAGGAT,0.8934255556013689,0.8934255556013689,7,30160,695
TACGGATC,0.8923019832598029,0.8923019832598029,7,30160,695
GATACGTG,0.8919721271595267,0.8919721271595267,7,30160,695
CGGGATAT,0.8917865831031213,0.8917865831031213,7,30160,695
GATACATG,0.8900857625860719,0.8900857625860719,7,30160,695
ATGTGATC,0.8888900342225705,0.8888900342225705,7,30160,695
TTGGATAC,0.888395250072156,0.888395250072156,7,30160,695
TGCGATAT,0.8872819857337237,0.8872819857337237,7,30160,695
ACCATATC,0.8862821094297613,0.8862821094297613,7,30160,695
ATCACTGA,0.8856223972292087,0.8856223972292087,7,30160,695
CGTATCTC,0.8834989485836804,0.8834989485836804,7,30160,695
TATCCTTT,0.8830660124520678,0.8830660124520678,7,30160,695
ATCATCTA,0.8828701603925287,0.8828701603925287,7,30160,695
TGGATACT,0.8819424401105019,0.8819424401105019,7,30160,695
TATACCTC,0.8818187440728982,0.8818187440728982,7,30160,695
CATATCTA,0.8813858079412856,0.8813858079412856,7,30160,695
GGATACAT,0.8799529955057106,0.8799529955057106,7,30160,695
CAGATCAC,0.8790458912299509,0.8790458912299509,7,30160,695
TAGATACG,0.8790046592174164,0.8790046592174164,7,30160,695
ACATGATC,0.8787675751453429,0.8787675751453429,7,30160,695
TGGATCAG,0.8785614150826702,0.8785614150826702,7,30160,695
GATACAAG,0.8760359543149302,0.8760359543149302,7,30160,695
TAGATCAG,0.8753350101018431,0.8753350101018431,7,30160,695
GGTATGAT,0.8750566940172351,0.8750566940172351,7,30160,695
GTGATACC,0.9939079701480229,0.9939079701480229,8,35170,794
GTATCACC,0.9883519564589948,0.9883519564589948,8,35170,794
GATATCCC,0.9840638271554035,0.9840638271554035,8,35170,794
TGATACGC,0.9835071949861872,0.9835071949861872,8,35170,794
TGATACGT,0.9831051828639755,0.9831051828639755,8,35170,794
TATGATAC,0.982703170741764,0.982703170741764,8,35170,794
AGTATCAT,0.9804354100523647,0.9804354100523647,8,35170,794
ATGATATC,0.9794561497546695,0.9794561497546695,8,35170,794
GTATCATT,0.9794149177421351,0.9794149177421351,8,35170,794
GCGATATC,0.9771574650558693,0.9771574650558693,8,35170,794
CGTATCAC,0.9751680204510782,0.9751680204510782,8,35170,794
GATATCAG,0.9750546324166083,0.9750546324166083,8,35170,794
TAGATATC,0.9729827237867481,0.9729827237867481,8,35170,794
CTATATCA,0.9728693357522781,0.9728693357522781,8,35170,794
GCTATCAT,0.9723333195893292,0.9723333195893292,8,35170,794
CATGATAC,0.9717045313981776,0.9717045313981776,8,35170,794
TGATATCG,0.971323135282233,0.971323135282233,8,35170,794
TTGATATG,0.9700449428936627,0.9700449428936627,8,35170,794
GATATGAT,0.9700243268873954,0.9700243268873954,8,35170,794
AGTATCAC,0.9694780027213128,0.9694780027213128,8,35170,794
CAGATATC,0.9682719663546778,0.9682719663546778,8,35170,794
TATCAGAT,0.9677874902073971,0.9677874902073971,8,35170,794
CTGATACT,0.9653548014678596,0.9653548014678596,8,35170,794
CGGGTATC,0.9653032614521916,0.9653032614521916,8,35170,794
GATATCTC,0.9650352533707169,0.9650352533707169,8,35170,794
ATCGATAT,0.9604481919762504,0.9604481919762504,8,35170,794
ATATATCC,0.9604275759699831,0.9604275759699831,8,35170,794
ATGATCCG,0.9577165711458376,0.9577165711458376,8,35170,794
AAATGATA,0.9565414587886035,0.9565414587886035,8,35170,794
GTATCGAT,0.9539541500020616,0.9539541500020616,8,35170,794
GTATCGGA,0.9536449099080525,0.9536449099080525,8,35170,794
GATATCGG,0.9528305776604957,0.9528305776604957,8,35170,794
TATGTATC,0.9525522615758876,0.9525522615758876,8,35170,794
CATGATAT,0.9521193254442749,0.9521193254442749,8,35170,794
CTTGATAC,0.9517276213251968,0.9517276213251968,8,35170,794
GTATCAAG,0.9517276213251968,0.9517276213251968,8,35170,794
GGGATCAT,0.9514183812311879,0.9514183812311879,8,35170,794
TATGATCC,0.9501092648332166,0.9501092648332166,8,35170,794
GGCATATC,0.9485527563600379,0.9485527563600379,8,35170,794
ATGATAGG,0.9467076237991177,0.9467076237991177,8,35170,794
GATGATCC,0.9452438873541418,0.9452438873541418,8,35170,794
CTGATATA,0.9452026553416072,0.9452026553416072,8,35170,794
AGATATAT,0.9442955510658475,0.9442955510658475,8,35170,794
CATATCGT,0.9431307467117469,0.9431307467117469,8,35170,794
CGGATCAC,0.9404197418876016,0.9404197418876016,8,35170,794
GTGATCCG,0.9404197418876016,0.9404197418876016,8,35170,794
GATATCGA,0.9400486537747907,0.9400486537747907,8,35170,794
TTGATCCT,0.9381622892013359,0.9381622892013359,8,35170,794
TCAATGAT,0.9339050839071454,0.9339050839071454,8,35170,794
GTATCGAA,0.9326062755123078,0.9326062755123078,8,35170,794
ATACTATA,0.9304519028573784,0.9304519028573784,8,35170,794
CGGATCAA,0.9298024986599597,0.9298024986599597,8,35170,794
ATCGTATC,0.9294726425596833,0.9294726425596833,8,35170,794
GATACGAT,0.9294726425596833,0.9294726425596833,8,35170,794
GATGTATC,0.9289881664124026,0.9289881664124026,8,35170,794
CTGATACG,0.9283284542118501,0.9283284542118501,8,35170,794
CGTATCAG,0.9283284542118501,0.9283284542118501,8,35170,794
GAAGTATC,0.9264317816352615,0.9264317816352615,8,35170,794
TATCCGAT,0.9257617614315755,0.9257617614315755,8,35170,794
TATAGATA,0.923947552880056,0.923947552880056,8,35170,794
TGATCCAA,0.9232672246732363,0.9232672246732363,8,35170,794
CTATATCG,0.9230198325980291,0.9230198325980291,8,35170,794
AGATCACT,0.9229476765760937,0.9229476765760937,8,35170,794
GATATAGT,0.921875644250196,0.921875644250196,8,35170,794
CTATCATT,0.9190409433884469,0.9190409433884469,8,35170,794
GTATCGCA,0.916144394507896,0.916144394507896,8,35170,794
ATGATCTA,0.9150826701851317,0.9150826701851317,8,35170,794
CCAGATAC,0.9150414381725972,0.9150414381725972,8,35170,794
TTAATACC,0.91502082216633,0.91502082216633,8,35170,794
CCGATACT,0.9145363460190493,0.9145363460190493,8,35170,794
TTGATCCC,0.9142271059250402,0.9142271059250402,8,35170,794
GATCATCT,0.9131756896054097,0.9131756896054097,8,35170,794
TATTTGAT,0.9125984414299262,0.9125984414299262,8,35170,794
ATACTATC,0.9121448892920463,0.9121448892920463,8,35170,794
GATAATAC,0.9114336370758257,0.9114336370758257,8,35170,794
TTGATAGG,0.9102379087123244,0.9102379087123244,8,35170,794
CGGGGTAT,0.9101245206778543,0.9101245206778543,8,35170,794
TGATAGTC,0.9098152805838453,0.9098152805838453,8,35170,794
ATTGATCT,0.9097843565744445,0.9097843565744445,8,35170,794
AAGTATCG,0.9094132684616335,0.9094132684616335,8,35170,794
GTATCTTT,0.9067434956500228,0.9067434956500228,8,35170,794
GATACATT,0.906454871562281,0.906454871562281,8,35170,794
ATCCTATC,0.9053622232301158,0.9053622232301158,8,35170,794
CCTGATAT,0.9049808271141714,0.9049808271141714,8,35170,794
ATGATCCT,0.9030532305281821,0.9030532305281821,8,35170,794
GGATCAGA,0.9028367624623758,0.9028367624623758,8,35170,794
CTTGATCC,0.9028161464561085,0.9028161464561085,8,35170,794
TATATCCA,0.9024553663464314,0.9024553663464314,8,35170,794
GATCCAAT,0.9010534779202574,0.9010534779202574,8,35170,794
TATCTCAA,0.9006514657980456,0.9006514657980456,8,35170,794
GTGATCGG,0.8976209128767576,0.8976209128767576,8,35170,794
TATATACG,0.8974766008328866,0.8974766008328866,8,35170,794
TATCCGAG,0.8967962726260669,0.8967962726260669,8,35170,794
ACGATACG,0.8959613243722426,0.8959613243722426,8,35170,794
CATATCCG,0.8956314682719664,0.8956314682719664,8,35170,794
GCAGTATC,0.8951882241372201,0.8951882241372201,8,35170,794
GATACTGC,0.8951882241372201,0.8951882241372201,8,35170,794
CTGATAGC,0.8950129880839484,0.8950129880839484,8,35170,794
GATCCGAT,0.8946625159774049,0.8946625159774049,8,35170,794
AGGTATCA,1.0,1.0,9,40180,893
GGTATCAC,0.9939079701480229,0.9939079701480229,9,40180,893
GATATCAA,0.9935059580258113,0.9935059580258113,9,40180,893
TTGATATC,0.9935059580258113,0.9935059580258113,9,40180,893
ATGATACC,0.989691996866367,0.989691996866367,9,40180,893
GGTATCAT,0.989691996866367,0.989691996866367,9,40180,893
TTTGATAC,0.9884550364903311,0.9884550364903311,9,40180,893
AGATATCA,0.9870325320578899,0.9870325320578899,9,40180,893
GATGATAC,0.9861872758009319,0.9861872758009319,9,40180,893
CGTATCAT,0.9847338473590896,0.9847338473590896,9,40180,893
ACGTATCA,0.9831051828639755,0.9831051828639755,9,40180,893
CGTATCAA,0.982589782707294,0.982589782707294,9,40180,893
ATATCAAT,0.9782604213911682,0.9782604213911682,9,40180,893
CTGATATC,0.9750546324166083,0.9750546324166083,9,40180,893
GATATCCG,0.9737352080155032,0.9737352080155032,9,40180,893
GATATCTT,0.9732094998556878,0.9732094998556878,9,40180,893
TATATATC,0.9730445718055498,0.9730445718055498,9,40180,893
ATATCATC,0.9670350059786418,0.9670350059786418,9,40180,893
GATATCCA,0.9623242485465716,0.9623242485465716,9,40180,893
ATATCGAT,0.9604481919762504,0.9604481919762504,9,40180,893
CATATCAG,0.9595513957036242,0.9595513957036242,9,40180,893
CTGATATG,0.9595513957036242,0.9595513957036242,9,40180,893
CAGGTATC,0.9586752154372655,0.9586752154372655,9,40180,893
GATACCTG,0.9586752154372655,0.9586752154372655,9,40180,893
CGGATCAT,0.9577165711458376,0.9577165711458376,9,40180,893
TCCGATAC,0.9536449099080525,0.9536449099080525,9,40180,893
GGTATCAG,0.9533975178328454,0.9533975178328454,9,40180,893
ACTGATAC,0.9528821176761637,0.9528821176761637,9,40180,893
AAAGTATC,0.952593493588422,0.952593493588422,9,40180,893
GATACATA,0.9525522615758876,0.9525522615758876,9,40180,893
AGATGATA,0.9501298808394838,0.9501298808394838,9,40180,893
GGATCATA,0.9501092648332166,0.9501092648332166,9,40180,893
GGTATCGC,0.9493361645981941,0.9493361645981941,9,40180,893
CGATGATA,0.94793427617202,0.94793427617202,9,40180,893
CTGTATCA,0.9472436399620665,0.9472436399620665,9,40180,893
AGTGTATC,0.9470580959056611,0.9470580959056611,9,40180,893
GATGATCC,0.9452438873541418,0.9452438873541418,9,40180,893
GGTATCGG,0.9428421226240052,0.9428421226240052,9,40180,893
CGATACCA,0.9380901331794005,0.9380901331794005,9,40180,893
GATATACT,0.937770585082258,0.937770585082258,9,40180,893
TACGATAC,0.9355440564053932,0.9355440564053932,9,40180,893
GCTATCAC,0.9339669319259473,0.9339669319259473,9,40180,893
TCAATGAT,0.9339050839071454,0.9339050839071454,9,40180,893
ATATCGGA,0.9331732156846575,0.9331732156846575,9,40180,893
GTATCGAA,0.9326062755123078,0.9326062755123078,9,40180,893
ATATCTTT,0.9322764194120315,0.9322764194120315,9,40180,893
TAGTATCG,0.9322454954026307,0.9322454954026307,9,40180,893
ACGGTATC,0.9306271389106502,0.9306271389106502,9,40180,893
GATCATAT,0.9301220467571023,0.9301220467571023,9,40180,893
ATCGTATC,0.9294726425596833,0.9294726425596833,9,40180,893
AAGTGATA,0.9290706304374717,0.9290706304374717,9,40180,893
CGTATCAG,0.9283284542118501,0.9283284542118501,9,40180,893
ATATCCGT,0.9281119861460437,0.9281119861460437,9,40180,893
ACCTATCA,0.9280192141178412,0.9280192141178412,9,40180,893
CCGTATCG,0.9279985981115738,0.9279985981115738,9,40180,893
TATCCGAT,0.9257617614315755,0.9257617614315755,9,40180,893
TACGTATC,0.9254834453469675,0.9254834453469675,9,40180,893
GCGATACT,0.9248958891683503,0.9248958891683503,9,40180,893
CTATCATA,0.9243804890116687,0.9243804890116687,9,40180,893
GATATGGA,0.9239887848925906,0.9239887848925906,9,40180,893
TATAGATA,0.923947552880056,0.923947552880056,9,40180,893
TATCTATC,0.9238135488393188,0.9238135488393188,9,40180,893
AATATCAT,0.9232156846575681,0.9232156846575681,9,40180,893
ACTATCAT,0.9216901001937905,0.9216901001937905,9,40180,893
GTGATAGG,0.9200408196924091,0.9200408196924091,9,40180,893
GAGTATCT,0.919906815651672,0.919906815651672,9,40180,893
GATCTGAT,0.9148146621036574,0.9148146621036574,9,40180,893
AAGCGATA,0.9130416855646725,0.9130416855646725,9,40180,893
CGATACAT,0.9130107615552715,0.9130107615552715,9,40180,893
GTACGATA,0.912660289448728,0.912660289448728,9,40180,893
GATAATAC,0.9114336370758257,0.9114336370758257,9,40180,893
TTGATAGG,0.9102379087123244,0.9102379087123244,9,40180,893
TGATCCTC,0.9099492846245826,0.9099492846245826,9,40180,893
TGATAGTC,0.9098152805838453,0.9098152805838453,9,40180,893
TATACCCT,0.9090112563394219,0.9090112563394219,9,40180,893
GATACATT,0.906454871562281,0.906454871562281,9,40180,893
CAGATACC,0.905918855399332,0.905918855399332,9,40180,893
ATCCTATC,0.9053622232301158,0.9053622232301158,9,40180,893
GAGAGATA,0.9031047705438503,0.9031047705438503,9,40180,893
GATCCAAT,0.9010534779202574,0.9010534779202574,9,40180,893
CCGATCAC,0.8976209128767576,0.8976209128767576,9,40180,893
AGATACGG,0.8968787366511359,0.8968787366511359,9,40180,893
TATACGAT,0.8967756566197996,0.8967756566197996,9,40180,893
AATATACC,0.896033480394178,0.896033480394178,9,40180,893
CATATCCG,0.8956314682719664,0.8956314682719664,9,40180,893
GCTATCAG,0.8950129880839484,0.8950129880839484,9,40180,893
AGGCTATC,0.8948377520306766,0.8948377520306766,9,40180,893
GATCATAC,0.8940234197831196,0.8940234197831196,9,40180,893
TGGTATAT,0.893281243557498,0.893281243557498,9,40180,893
AGATATGC,0.8920855151939966,0.8920855151939966,9,40180,893
CACGTATC,0.8919721271595267,0.8919721271595267,9,40180,893
CAGCGATA,0.8907351667834907,0.8907351667834907,9,40180,893
GATCATCC,0.890054838576671,0.890054838576671,9,40180,893
AATACTAT,0.8895600544262565,0.8895600544262565,9,40180,893
GGGGTATT,0.8892508143322476,0.8892508143322476,9,40180,893
ATCATACA,0.8891992743165794,0.8891992743165794,9,40180,893
TGTATGAT,0.8891992743165794,0.8891992743165794,9,40180,893
GATGATCA,0.8891168102915102,0.8891168102915102,9,40180,893
TGATCTTA,0.8881787820063497,0.8881787820063497,9,40180,893
GTGATACC,0.9939079701480229,0.9939079701480229,10,45190,992
TTGATACC,0.992980249865996,0.992980249865996,10,45190,992
GATACCCC,0.9909186492392694,0.9909186492392694,10,45190,992
TATGATAC,0.982703170741764,0.982703170741764,10,45190,992
TTGATACG,0.982589782707294,0.982589782707294,10,45190,992
GAGTATCA,0.979724157836144,0.979724157836144,10,45190,992
ATTGATAT,0.9782604213911682,0.9782604213911682,10,45190,992
GATATCCT,0.9755081845544881,0.9755081845544881,10,45190,992
GATATCAG,0.9750546324166083,0.9750546324166083,10,45190,992
TGATATGG,0.974724776316332,0.974724776316332,10,45190,992
TATCATAC,0.9734362759246279,0.9734362759246279,10,45190,992
TAGATATC,0.9729827237867481,0.9729827237867481,10,45190,992
GGGTATCT,0.972281779573661,0.972281779573661,10,45190,992
CATGATAC,0.9717045313981776,0.9717045313981776,10,45190,992
TGATATCG,0.971323135282233,0.971323135282233,10,45190,992
TCTGATAC,0.9707458871067497,0.9707458871067497,10,45190,992
AGTATCAC,0.9694780027213128,0.9694780027213128,10,45190,992
ACTGATAT,0.9681585783202078,0.9681585783202078,10,45190,992
GATATACC,0.9673236300663836,0.9673236300663836,10,45190,992
CTGATACT,0.9653548014678596,0.9653548014678596,10,45190,992
GATATCTC,0.9650352533707169,0.9650352533707169,10,45190,992
ATATCAAA,0.9616026883272173,0.9616026883272173,10,45190,992
TACGATAT,0.9614893002927474,0.9614893002927474,10,45190,992
GATACTCT,0.9597369397600297,0.9597369397600297,10,45190,992
CGATATCG,0.9555828144971756,0.9555828144971756,10,45190,992
GTATCGAT,0.9539541500020616,0.9539541500020616,10,45190,992
ATCGATAC,0.9539541500020616,0.9539541500020616,10,45190,992
GTATCGGA,0.9536449099080525,0.9536449099080525,10,45190,992
CTGATACC,0.9533975178328454,0.9533975178328454,10,45190,992
TATCACAC,0.9519956294066714,0.9519956294066714,10,45190,992
GGATCATA,0.9501092648332166,0.9501092648332166,10,45190,992
GTATCACG,0.9489238444728487,0.9489238444728487,10,45190,992
GATATGCC,0.9485527563600379,0.9485527563600379,10,45190,992
TGATACAG,0.9472436399620665,0.9472436399620665,10,45190,992
GATACACT,0.9470580959056611,0.9470580959056611,10,45190,992
TGATAGCT,0.9469653238774585,0.9469653238774585,10,45190,992
CCTATCAT,0.9467076237991177,0.9467076237991177,10,45190,992
GGATCATC,0.9452438873541418,0.9452438873541418,10,45190,992
ACGATATG,0.9431307467117469,0.9431307467117469,10,45190,992
GGTATCGG,0.9428421226240052,0.9428421226240052,10,45190,992
ATAGATAT,0.9426153465550654,0.9426153465550654,10,45190,992
GTATCTAA,0.9415330062260339,0.9415330062260339,10,45190,992
GAATGATA,0.9412340741351586,0.9412340741351586,10,45190,992
GATACTAC,0.9406155939471406,0.9406155939471406,10,45190,992
TGTATCAG,0.9403888178782007,0.9403888178782007,10,45190,992
TATCACAT,0.9387086133674185,0.9387086133674185,10,45190,992
AGGATCAA,0.9381622892013359,0.9381622892013359,10,45190,992
AGTATATC,0.937770585082258,0.937770585082258,10,45190,992
GTATCGTT,0.9372861089349771,0.9372861089349771,10,45190,992
AGGTATTA,0.9366367047375582,0.9366367047375582,10,45190,992
CCTGATAC,0.9351626602894486,0.9351626602894486,10,45190,992
TATATCAA,0.933667999835072,0.933667999835072,10,45190,992
CGATACTC,0.9335443037974684,0.9335443037974684,10,45190,992
GTATCGAA,0.9326062755123078,0.9326062755123078,10,45190,992
TTCGATAC,0.9326062755123078,0.9326062755123078,10,45190,992
AGCGATAC,0.9320496433430916,0.9320496433430916,10,45190,992
AATGATCT,0.9316063992083453,0.9316063992083453,10,45190,992
TATATACT,0.9302766668041067,0.9302766668041067,10,45190,992
GGTATATA,0.9296994186286234,0.9296994186286234,10,45190,992
ATCGTATC,0.9294726425596833,0.9294726425596833,10,45190,992
GATACGAT,0.9294726425596833,0.9294726425596833,10,45190,992
AAGTGATA,0.9290706304374717,0.9290706304374717,10,45190,992
TATCCTAT,0.9287098503277945,0.9287098503277945,10,45190,992
CGTATCAG,0.9283284542118501,0.9283284542118501,10,45190,992
TGATAGGT,0.9280192141178412,0.9280192141178412,10,45190,992
TGATCTCC,0.9254731373438339,0.9254731373438339,10,45190,992
AATGATCC,0.9248958891683503,0.9248958891683503,10,45190,992
GCGATACT,0.9248958891683503,0.9248958891683503,10,45190,992
TCCATATC,0.9239887848925906,0.9239887848925906,10,45190,992
CTATATCG,0.9230198325980291,0.9230198325980291,10,45190,992
AGTGATCT,0.9229476765760937,0.9229476765760937,10,45190,992
GATATGCT,0.9210716200057726,0.9210716200057726,10,45190,992
GATACCAG,0.9206592998804272,0.9206592998804272,10,45190,992
CCTATCAC,0.9200408196924091,0.9200408196924091,10,45190,992
CTATCATT,0.9190409433884469,0.9190409433884469,10,45190,992
TGATCCTT,0.918979095369645,0.918979095369645,10,45190,992
ATAGATCA,0.9167422586896466,0.9167422586896466,10,45190,992
AGTATCGG,0.9145363460190493,0.9145363460190493,10,45190,992
GGGATCAA,0.9142271059250402,0.9142271059250402,10,45190,992
TGACACCG,0.9133818496680823,0.9133818496680823,10,45190,992
CGGTGTCA,0.9133818496680823,0.9133818496680823,10,45190,992
AGATGATC,0.9131756896054097,0.9131756896054097,10,45190,992
GATCATCT,0.9131756896054097,0.9131756896054097,10,45190,992
GATAGTAT,0.9121448892920463,0.9121448892920463,10,45190,992
ACGATACA,0.9111553209912175,0.9111553209912175,10,45190,992
CCTATCAA,0.9102379087123244,0.9102379087123244,10,45190,992
GACTATCA,0.9098152805838453,0.9098152805838453,10,45190,992
ATTGATCT,0.9097843565744445,0.9097843565744445,10,45190,992
TGATATTG,0.9094957324867027,0.9094957324867027,10,45190,992
CGATACTT,0.9094132684616335,0.9094132684616335,10,45190,992
GATCACTT,0.9092792644208963,0.9092792644208963,10,45190,992
TAACGATA,0.907269203809838,0.907269203809838,10,45190,992
ATATCAGG,0.9049808271141714,0.9049808271141714,10,45190,992
TATTAATA,0.904795283057766,0.904795283057766,10,45190,992
TCTGATCC,0.9028367624623758,0.9028367624623758,10,45190,992
TATCAACT,0.9025996783903023,0.9025996783903023,10,45190,992
TATATCCA,0.9024553663464314,0.9024553663464314,10,45190,992
GATCCAAT,0.9010534779202574,0.9010534779202574,10,45190,992
TATTATAT,0.9008988578732527,0.9008988578732527,10,45190,992
