{"run_id": "08:43:10-01/09/2025", "exp_name": "Adalead_mu=1_threshold=0.05", "model_name": "NAMb_ss1", "landscape_name": "TF_Binding", "rounds": 5, "sequences_batch_size": 100, "model_queries_per_batch": 5000}
sequence,model_score,true_score,round,model_cost,measurement_cost
GCTCGAGC,,0.5502102832639261,0,0,1
GTGATATC,0.9942172102420319,0.9942172102420319,1,5051,100
GATATCAC,0.9942172102420319,0.9942172102420319,1,5051,100
GGTATCAC,0.9939079701480229,0.9939079701480229,1,5051,100
GGGATATC,0.9840638271554034,0.9840638271554034,1,5051,100
ATATGATA,0.9761988207644415,0.9761988207644415,1,5051,100
AGGATATC,0.9755081845544881,0.9755081845544881,1,5051,100
GATACACC,0.9676947181791944,0.9676947181791944,1,5051,100
GATACCCG,0.9653032614521915,0.9653032614521915,1,5051,100
GCTATCAC,0.9339669319259473,0.9339669319259473,1,5051,100
GTGATAGC,0.9339669319259473,0.9339669319259473,1,5051,100
GATCGATA,0.9319774873211563,0.9319774873211563,1,5051,100
TATCGATC,0.9319774873211563,0.9319774873211563,1,5051,100
ATAGGATA,0.9287098503277945,0.9287098503277945,1,5051,100
GATAGATA,0.9238135488393188,0.9238135488393188,1,5051,100
AGGTGATA,0.9200923597080775,0.9200923597080775,1,5051,100
GATATAGC,0.9194223395043912,0.9194223395043912,1,5051,100
GCTATATC,0.9194223395043912,0.9194223395043912,1,5051,100
AATCGATA,0.9179173710468809,0.9179173710468809,1,5051,100
GATCTGAT,0.9148146621036574,0.9148146621036574,1,5051,100
TATCAAGC,0.9089081763080856,0.9089081763080856,1,5051,100
TATCAAAC,0.9073001278192389,0.9073001278192389,1,5051,100
TATCTCTC,0.9031047705438503,0.9031047705438503,1,5051,100
TCTGATCC,0.9028367624623759,0.9028367624623759,1,5051,100
ACTGTATC,0.8987444852183236,0.8987444852183236,1,5051,100
TAATATCA,0.8981878530491074,0.8981878530491074,1,5051,100
TATCCCTC,0.8976827608955593,0.8976827608955593,1,5051,100
AGGCTATC,0.8948377520306767,0.8948377520306767,1,5051,100
AACTGATC,0.8914361109965778,0.8914361109965778,1,5051,100
GATCATCC,0.890054838576671,0.890054838576671,1,5051,100
CTAATATC,0.8889518822413722,0.8889518822413722,1,5051,100
CTTCGATA,0.8870139776522492,0.8870139776522492,1,5051,100
GATACGTT,0.8869727456397147,0.8869727456397147,1,5051,100
CTTAGATA,0.8843957448563065,0.8843957448563065,1,5051,100
GATACAGC,0.8837875726714222,0.8837875726714222,1,5051,100
ATACGATC,0.8832824805178741,0.8832824805178741,1,5051,100
GATCGTAT,0.8832824805178741,0.8832824805178741,1,5051,100
TTTCGATA,0.8825815363047871,0.8825815363047871,1,5051,100
AGATCATA,0.8825093802828515,0.8825093802828515,1,5051,100
GATCTATT,0.8787675751453429,0.8787675751453429,1,5051,100
GATCCGGC,0.8777264668288459,0.8777264668288459,1,5051,100
GCCGGATC,0.8777264668288459,0.8777264668288459,1,5051,100
AGGAGATC,0.87339710551272,0.87339710551272,1,5051,100
GATCACTA,0.8728610893497711,0.8728610893497711,1,5051,100
TCAATATA,0.8704387086133675,0.8704387086133675,1,5051,100
TATCTACC,0.8682534119490373,0.8682534119490373,1,5051,100
GGTAGATA,0.8682534119490373,0.8682534119490373,1,5051,100
GTAAGATC,0.8680060198738301,0.8680060198738301,1,5051,100
GATCCGGT,0.864831154908671,0.864831154908671,1,5051,100
CCGGATCC,0.8634808064981652,0.8634808064981652,1,5051,100
CTACTATC,0.863429266482497,0.863429266482497,1,5051,100
TATGGATC,0.8607801096771533,0.8607801096771533,1,5051,100
GATCCATA,0.8607801096771533,0.8607801096771533,1,5051,100
GAGGGATC,0.8593576052447119,0.8593576052447119,1,5051,100
GATCAATC,0.8586257370222241,0.8586257370222241,1,5051,100
ATTATCTC,0.857842328784068,0.857842328784068,1,5051,100
AGCTGATA,0.8572753886117183,0.8572753886117183,1,5051,100
TCCGGATC,0.8571826165835154,0.8571826165835154,1,5051,100
GATCTACT,0.8567909124644374,0.8567909124644374,1,5051,100
TCTTGATA,0.8567290644456356,0.8567290644456356,1,5051,100
GATATTGA,0.855708572135406,0.855708572135406,1,5051,100
GCGCGATA,0.8551210159567888,0.8551210159567888,1,5051,100
TATCGCGC,0.8551210159567888,0.8551210159567888,1,5051,100
ATTGGATA,0.8540695996371583,0.8540695996371583,1,5051,100
TCGCGATA,0.8537294355337484,0.8537294355337484,1,5051,100
TATCGCGA,0.8537294355337484,0.8537294355337484,1,5051,100
GCAGGATC,0.8535541994804766,0.8535541994804766,1,5051,100
GATCCTGC,0.8535541994804766,0.8535541994804766,1,5051,100
TATCGGAA,0.8535335834742095,0.8535335834742095,1,5051,100
GCCCTATC,0.8535129674679421,0.8535129674679421,1,5051,100
GATAGGGC,0.8535129674679421,0.8535129674679421,1,5051,100
GTTAGATA,0.853038799323795,0.853038799323795,1,5051,100
GATAGATC,0.8524203191357771,0.8524203191357771,1,5051,100
GATCTATC,0.8524203191357771,0.8524203191357771,1,5051,100
GGACGATA,0.8490083700985445,0.8490083700985445,1,5051,100
GGTGGATC,0.8482146538572548,0.8482146538572548,1,5051,100
GATCCACC,0.8482146538572548,0.8482146538572548,1,5051,100
GAAGGATC,0.8457819651177175,0.8457819651177175,1,5051,100
ATTTTTGA,0.8457201170989156,0.8457201170989156,1,5051,100
ACTATCAG,0.8445346967385479,0.8445346967385479,1,5051,100
GGGCGATC,0.8439883725724653,0.8439883725724653,1,5051,100
GATCGCCC,0.8439883725724653,0.8439883725724653,1,5051,100
GATCAAGT,0.8437203644909909,0.8437203644909909,1,5051,100
ACTTGATC,0.8437203644909909,0.8437203644909909,1,5051,100
GATCGGGT,0.8435966684533872,0.8435966684533872,1,5051,100
ACCCGATC,0.8435966684533872,0.8435966684533872,1,5051,100
TATCCACC,0.8435554364408527,0.8435554364408527,1,5051,100
ACGGATCC,0.8424834041149548,0.8424834041149548,1,5051,100
TATCGAAT,0.8419061559394715,0.8419061559394715,1,5051,100
ATTCGATA,0.8419061559394715,0.8419061559394715,1,5051,100
GATCACTC,0.8390611470745887,0.8390611470745887,1,5051,100
GATCAGAC,0.8382158908176308,0.8382158908176308,1,5051,100
GATCTTGA,0.8363089102379088,0.8363089102379088,1,5051,100
TCGGATCC,0.836133674184637,0.836133674184637,1,5051,100
GGCGGATC,0.8359275141219644,0.8359275141219644,1,5051,100
GATCCGAC,0.8344843936832557,0.8344843936832557,1,5051,100
GTGATCTT,0.83279388116934,0.83279388116934,1,5051,100
GCTGATCC,0.8325361810909991,0.8325361810909991,1,5051,100
GATCTAGA,0.8317424648497094,0.8317424648497094,1,5051,100
TCTAGATC,0.8317424648497094,0.8317424648497094,1,5051,100
GTGATACC,0.9939079701480229,0.9939079701480229,2,10143,199
TTGATATC,0.9935059580258113,0.9935059580258113,2,10143,199
GATATCAA,0.9935059580258113,0.9935059580258113,2,10143,199
TTGATACC,0.9929802498659959,0.9929802498659959,2,10143,199
GGTATCAA,0.9929802498659959,0.9929802498659959,2,10143,199
GGGGTATC,0.9909186492392693,0.9909186492392693,2,10143,199
GATACCCC,0.9909186492392693,0.9909186492392693,2,10143,199
GGTATCAT,0.989691996866367,0.989691996866367,2,10143,199
ATGATACC,0.989691996866367,0.989691996866367,2,10143,199
ATGATATG,0.9850946274687667,0.9850946274687667,2,10143,199
CATATCAT,0.9850946274687667,0.9850946274687667,2,10143,199
CGTATCAT,0.9847338473590895,0.9847338473590895,2,10143,199
GATATCCC,0.9840638271554034,0.9840638271554034,2,10143,199
TTGATACG,0.982589782707294,0.982589782707294,2,10143,199
GATATCGT,0.9820228425349441,0.9820228425349441,2,10143,199
ACGATATC,0.9820228425349441,0.9820228425349441,2,10143,199
AGGGTATC,0.9812497422999217,0.9812497422999217,2,10143,199
GATACCCT,0.9812497422999217,0.9812497422999217,2,10143,199
AGTATCAT,0.9804354100523647,0.9804354100523647,2,10143,199
GATACCTA,0.979724157836144,0.979724157836144,2,10143,199
ATATCATA,0.9794870737640705,0.9794870737640705,2,10143,199
GATATCAT,0.9794561497546695,0.9794561497546695,2,10143,199
ATGATATC,0.9794561497546695,0.9794561497546695,2,10143,199
AGTATCAA,0.9781985733723663,0.9781985733723663,2,10143,199
GATATCGC,0.9771574650558693,0.9771574650558693,2,10143,199
GCGATATC,0.9771574650558693,0.9771574650558693,2,10143,199
TGTATCAT,0.9761163567393725,0.9761163567393725,2,10143,199
ATGATACA,0.9761163567393725,0.9761163567393725,2,10143,199
GATATCCT,0.9755081845544881,0.9755081845544881,2,10143,199
CGTATCAC,0.9751680204510783,0.9751680204510783,2,10143,199
GTGATACG,0.9751680204510783,0.9751680204510783,2,10143,199
GATATCAG,0.9750546324166083,0.9750546324166083,2,10143,199
CTGATATC,0.9750546324166083,0.9750546324166083,2,10143,199
CGGATATC,0.9737352080155032,0.9737352080155032,2,10143,199
GATATCCG,0.9737352080155032,0.9737352080155032,2,10143,199
GTATGATA,0.9734362759246279,0.9734362759246279,2,10143,199
AAGATATC,0.973209499855688,0.973209499855688,2,10143,199
GATATCTT,0.973209499855688,0.973209499855688,2,10143,199
TAGATATC,0.9729827237867481,0.9729827237867481,2,10143,199
GATATCTA,0.9729827237867481,0.9729827237867481,2,10143,199
GATATATC,0.9725188636457345,0.9725188636457345,2,10143,199
ATGATAGC,0.9723333195893292,0.9723333195893292,2,10143,199
GCTATCAT,0.9723333195893292,0.9723333195893292,2,10143,199
ATATCATT,0.9719106914608502,0.9719106914608502,2,10143,199
TGTATCAC,0.9714674473261039,0.9714674473261039,2,10143,199
GTGATACA,0.9714674473261039,0.9714674473261039,2,10143,199
AAGGTATC,0.9706634230816805,0.9706634230816805,2,10143,199
CATATCAA,0.9700449428936627,0.9700449428936627,2,10143,199
TTGATATG,0.9700449428936627,0.9700449428936627,2,10143,199
ATCATATC,0.9700243268873954,0.9700243268873954,2,10143,199
GATATGAT,0.9700243268873954,0.9700243268873954,2,10143,199
GTGATACT,0.9694780027213128,0.9694780027213128,2,10143,199
AGTATCAC,0.9694780027213128,0.9694780027213128,2,10143,199
ATTTGATA,0.9692615346555066,0.9692615346555066,2,10143,199
GATATCTG,0.9682719663546777,0.9682719663546777,2,10143,199
CAGATATC,0.9682719663546777,0.9682719663546777,2,10143,199
ATCTGATA,0.9677874902073971,0.9677874902073971,2,10143,199
GGTGTATC,0.9676947181791944,0.9676947181791944,2,10143,199
GATATACC,0.9673236300663836,0.9673236300663836,2,10143,199
GGTATATC,0.9673236300663836,0.9673236300663836,2,10143,199
ATACGATA,0.9657155815775369,0.9657155815775369,2,10143,199
AGTATCAG,0.9653548014678596,0.9653548014678596,2,10143,199
CGGGTATC,0.9653032614521915,0.9653032614521915,2,10143,199
GAGATATC,0.965035253370717,0.965035253370717,2,10143,199
GATATCTC,0.965035253370717,0.965035253370717,2,10143,199
TGTATCAA,0.9631695048035296,0.9631695048035296,2,10143,199
TGGATATC,0.9623242485465716,0.9623242485465716,2,10143,199
GATATCCA,0.9623242485465716,0.9623242485465716,2,10143,199
GGTATCTA,0.9621490124932999,0.9621490124932999,2,10143,199
TATATCAC,0.961973776440028,0.961973776440028,2,10143,199
GTGATATA,0.961973776440028,0.961973776440028,2,10143,199
ATATCAAA,0.9616026883272173,0.9616026883272173,2,10143,199
ATATCGTA,0.9614893002927474,0.9614893002927474,2,10143,199
GGTGTCAT,0.961272832226941,0.961272832226941,2,10143,199
GATACTCT,0.9597369397600297,0.9597369397600297,2,10143,199
AGAGTATC,0.9597369397600297,0.9597369397600297,2,10143,199
CTGATATG,0.9595513957036244,0.9595513957036244,2,10143,199
CATATCAG,0.9595513957036244,0.9595513957036244,2,10143,199
CAGGTATC,0.9586752154372655,0.9586752154372655,2,10143,199
GATACCTG,0.9586752154372655,0.9586752154372655,2,10143,199
GGTATCGT,0.9577578031583721,0.9577578031583721,2,10143,199
ACGATACC,0.9577578031583721,0.9577578031583721,2,10143,199
GTGATATG,0.9574897950768978,0.9574897950768978,2,10143,199
CATATCAC,0.9574897950768978,0.9574897950768978,2,10143,199
TATATCAT,0.9571908629860224,0.9571908629860224,2,10143,199
ATGATATA,0.9571908629860224,0.9571908629860224,2,10143,199
AAATGATA,0.9565414587886034,0.9565414587886034,2,10143,199
GGGGTATA,0.9564074547478663,0.9564074547478663,2,10143,199
TATCCCCC,0.9563146827196636,0.9563146827196636,2,10143,199
GGTGTCAA,0.9545623221869459,0.9545623221869459,2,10143,199
GAGGTATC,0.9544386261493425,0.9544386261493425,2,10143,199
GATACCTC,0.9544386261493425,0.9544386261493425,2,10143,199
TCGATACC,0.9541500020616006,0.9541500020616006,2,10143,199
GGTATCAG,0.9533975178328453,0.9533975178328453,2,10143,199
CTGATACC,0.9533975178328453,0.9533975178328453,2,10143,199
ATATCAGA,0.9529645817012329,0.9529645817012329,2,10143,199
GGGGGATC,0.9528305776604956,0.9528305776604956,2,10143,199
CCGATATC,0.9528305776604956,0.9528305776604956,2,10143,199
GATATCGG,0.9528305776604956,0.9528305776604956,2,10143,199
GTATCAAA,0.9884550364903311,0.9884550364903311,3,15233,298
ATGATACG,0.9847338473590895,0.9847338473590895,3,15233,298
GTATCATA,0.9827031707417639,0.9827031707417639,3,15233,298
CGTATCAA,0.982589782707294,0.982589782707294,3,15233,298
ATGATACT,0.9804354100523647,0.9804354100523647,3,15233,298
TAGGTATC,0.979724157836144,0.979724157836144,3,15233,298
GTATCATT,0.9794149177421351,0.9794149177421351,3,15233,298
ATATCAAT,0.9782604213911682,0.9782604213911682,3,15233,298
TTGATACT,0.9781985733723663,0.9781985733723663,3,15233,298
ATATCACA,0.9771986970684039,0.9771986970684039,3,15233,298
GATATATA,0.9730445718055498,0.9730445718055498,3,15233,298
TATATATC,0.9730445718055498,0.9730445718055498,3,15233,298
GTATCAGA,0.9707458871067497,0.9707458871067497,3,15233,298
GATACCTT,0.9706634230816805,0.9706634230816805,3,15233,298
ATATCAGT,0.9681585783202078,0.9681585783202078,3,15233,298
ATATCATC,0.9670350059786418,0.9670350059786418,3,15233,298
TTGATACA,0.9631695048035296,0.9631695048035296,3,15233,298
ATATCAAG,0.9631591968003959,0.9631591968003959,3,15233,298
ATCCGATA,0.9627674926813178,0.9627674926813178,3,15233,298
ATATCACT,0.9626953366593825,0.9626953366593825,3,15233,298
TAGATACC,0.9621490124932999,0.9621490124932999,3,15233,298
CGGATCAT,0.9577165711458376,0.9577165711458376,3,15233,298
TATACCCC,0.9564074547478663,0.9564074547478663,3,15233,298
TTGACACC,0.9545623221869459,0.9545623221869459,3,15233,298
GGTATCGA,0.9541500020616006,0.9541500020616006,3,15233,298
ATATCGTT,0.9541293860553334,0.9541293860553334,3,15233,298
GTATCGGA,0.9536449099080526,0.9536449099080526,3,15233,298
GATCCCCC,0.9528305776604956,0.9528305776604956,3,15233,298
AAAGTATC,0.952593493588422,0.952593493588422,3,15233,298
GATACTTT,0.952593493588422,0.952593493588422,3,15233,298
TATGTATC,0.9525522615758875,0.9525522615758875,3,15233,298
GATACATA,0.9525522615758875,0.9525522615758875,3,15233,298
CCCATATC,0.9523461015132149,0.9523461015132149,3,15233,298
ATATCATG,0.9521193254442749,0.9521193254442749,3,15233,298
GGGATCAT,0.9514183812311879,0.9514183812311879,3,15233,298
ATGATCCC,0.9514183812311879,0.9514183812311879,3,15233,298
ATATCCGA,0.9509854450995753,0.9509854450995753,3,15233,298
AGATGATA,0.9501298808394838,0.9501298808394838,3,15233,298
GGTATCGC,0.9493361645981941,0.9493361645981941,3,15233,298
GCGATACC,0.9493361645981941,0.9493361645981941,3,15233,298
ATATATAA,0.9492949325856596,0.9492949325856596,3,15233,298
TATATCCC,0.9485733723663053,0.9485733723663053,3,15233,298
GGGATATA,0.9485733723663053,0.9485733723663053,3,15233,298
GGCATATC,0.9485527563600379,0.9485527563600379,3,15233,298
GATATGCC,0.9485527563600379,0.9485527563600379,3,15233,298
GATACACT,0.9470580959056611,0.9470580959056611,3,15233,298
AGTGTATC,0.9470580959056611,0.9470580959056611,3,15233,298
CCTATCAT,0.9467076237991177,0.9467076237991177,3,15233,298
ATGATAGG,0.9467076237991177,0.9467076237991177,3,15233,298
ACATGATA,0.9466663917865831,0.9466663917865831,3,15233,298
ATATCTAA,0.9461612996330351,0.9461612996330351,3,15233,298
GATACTAT,0.9461509916299015,0.9461509916299015,3,15233,298
ATAGTATC,0.9461509916299015,0.9461509916299015,3,15233,298
GATACCAT,0.94563559147322,0.94563559147322,3,15233,298
ATGGTATC,0.94563559147322,0.94563559147322,3,15233,298
GGATGATA,0.9454912794293491,0.9454912794293491,3,15233,298
GTGATATT,0.9453057353729436,0.9453057353729436,3,15233,298
AATATCAC,0.9453057353729436,0.9453057353729436,3,15233,298
CTGATATA,0.9452026553416072,0.9452026553416072,3,15233,298
TATATCAG,0.9452026553416072,0.9452026553416072,3,15233,298
GATATGTA,0.9446975631880592,0.9446975631880592,3,15233,298
TACATATC,0.9446975631880592,0.9446975631880592,3,15233,298
TGGGTATC,0.9444501711128521,0.9444501711128521,3,15233,298
GATACCCA,0.9444501711128521,0.9444501711128521,3,15233,298
ATATCTCC,0.9440275429843732,0.9440275429843732,3,15233,298
TATCACCA,0.9434812188182905,0.9434812188182905,3,15233,298
ACGATATG,0.943130746711747,0.943130746711747,3,15233,298
CATATCGT,0.943130746711747,0.943130746711747,3,15233,298
CCGATACC,0.9428421226240052,0.9428421226240052,3,15233,298
GGTATCGG,0.9428421226240052,0.9428421226240052,3,15233,298
ATCATATA,0.9412856141508267,0.9412856141508267,3,15233,298
TATATGAT,0.9412856141508267,0.9412856141508267,3,15233,298
GAATGATA,0.9412340741351586,0.9412340741351586,3,15233,298
TATATCGA,0.940966066053684,0.940966066053684,3,15233,298
TCGATATA,0.940966066053684,0.940966066053684,3,15233,298
CGGATCAC,0.9404197418876016,0.9404197418876016,3,15233,298
GTGATCCG,0.9404197418876016,0.9404197418876016,3,15233,298
CTGATACA,0.9403888178782007,0.9403888178782007,3,15233,298
TGTATCAG,0.9403888178782007,0.9403888178782007,3,15233,298
GTGATCCC,0.9401311177998598,0.9401311177998598,3,15233,298
GGGATCAC,0.9401311177998598,0.9401311177998598,3,15233,298
TCGATATC,0.9400486537747906,0.9400486537747906,3,15233,298
GATATCGA,0.9400486537747906,0.9400486537747906,3,15233,298
CAATGATA,0.9399455737434543,0.9399455737434543,3,15233,298
AGGATCAC,0.9393477095617038,0.9393477095617038,3,15233,298
GTGATCCT,0.9393477095617038,0.9393477095617038,3,15233,298
ATGTGATA,0.9387086133674185,0.9387086133674185,3,15233,298
AGGATCAA,0.938162289201336,0.938162289201336,3,15233,298
GATATACT,0.937770585082258,0.937770585082258,3,15233,298
AGTATATC,0.937770585082258,0.937770585082258,3,15233,298
TATATCTC,0.9376984290603225,0.9376984290603225,3,15233,298
TATCTCCC,0.9374407289819816,0.9374407289819816,3,15233,298
GATACGGT,0.9359769925370057,0.9359769925370057,3,15233,298
GATACTCC,0.9356574444398631,0.9356574444398631,3,15233,298
GGAGTATC,0.9356574444398631,0.9356574444398631,3,15233,298
GTATCGTA,0.9355440564053931,0.9355440564053931,3,15233,298
CTTTGATA,0.9340390879478828,0.9340390879478828,3,15233,298
TATATCAA,0.933667999835072,0.933667999835072,3,15233,298
TTGATATA,0.933667999835072,0.933667999835072,3,15233,298
GTATCATC,0.9861872758009319,0.9861872758009319,4,20315,397
GTATCACA,0.9817651424566034,0.9817651424566034,4,20315,397
CTGATACT,0.9653548014678596,0.9653548014678596,4,20315,397
ATGACACC,0.961272832226941,0.961272832226941,4,20315,397
ATGATCCG,0.9577165711458376,0.9577165711458376,4,20315,397
GGGGGATA,0.9563146827196636,0.9563146827196636,4,20315,397
GTGTGATA,0.9519956294066715,0.9519956294066715,4,20315,397
ATATCAAC,0.9491609285449224,0.9491609285449224,4,20315,397
TATATATA,0.9487692244258442,0.9487692244258442,4,20315,397
CGATGATA,0.94793427617202,0.94793427617202,4,20315,397
ATACGGTA,0.9431719787242815,0.9431719787242815,4,20315,397
GATACTAC,0.9406155939471406,0.9406155939471406,4,20315,397
GAGATATA,0.9376984290603225,0.9376984290603225,4,20315,397
GTATCGTT,0.9372861089349772,0.9372861089349772,4,20315,397
AGTATCGA,0.9347503401641034,0.9347503401641034,4,20315,397
CTATCAAA,0.9334618397723993,0.9334618397723993,4,20315,397
ACGATACT,0.933358759741063,0.933358759741063,4,20315,397
AGTATCGT,0.933358759741063,0.933358759741063,4,20315,397
GGTATTAT,0.9329258236094504,0.9329258236094504,4,20315,397
ATAATACC,0.9329258236094504,0.9329258236094504,4,20315,397
ATATCTTT,0.9322764194120315,0.9322764194120315,4,20315,397
CATATATA,0.9319774873211563,0.9319774873211563,4,20315,397
TATATATG,0.9319774873211563,0.9319774873211563,4,20315,397
TATATCTA,0.931925947305488,0.931925947305488,4,20315,397
TAGATATA,0.931925947305488,0.931925947305488,4,20315,397
AGATCATT,0.9316063992083453,0.9316063992083453,4,20315,397
ATTATATC,0.9310806910485301,0.9310806910485301,4,20315,397
GATATAAT,0.9310806910485301,0.9310806910485301,4,20315,397
GATACCGT,0.9306271389106502,0.9306271389106502,4,20315,397
ACGGTATC,0.9306271389106502,0.9306271389106502,4,20315,397
ATATGATC,0.9301220467571023,0.9301220467571023,4,20315,397
TATATACC,0.9296994186286234,0.9296994186286234,4,20315,397
GGTATATA,0.9296994186286234,0.9296994186286234,4,20315,397
AACTGATA,0.9296169546035542,0.9296169546035542,4,20315,397
CCTATATC,0.929596338597287,0.929596338597287,4,20315,397
ATATCTCA,0.9295138745722179,0.9295138745722179,4,20315,397
GATACGAT,0.9294726425596833,0.9294726425596833,4,20315,397
ATCGTATC,0.9294726425596833,0.9294726425596833,4,20315,397
GATATGTC,0.929256174493877,0.929256174493877,4,20315,397
GACATATC,0.929256174493877,0.929256174493877,4,20315,397
AAGTGATA,0.9290706304374716,0.9290706304374716,4,20315,397
GATGTATC,0.9289881664124026,0.9289881664124026,4,20315,397
GATACATC,0.9289881664124026,0.9289881664124026,4,20315,397
CGTATCAG,0.9283284542118501,0.9283284542118501,4,20315,397
CTGATACG,0.9283284542118501,0.9283284542118501,4,20315,397
TATCCCCT,0.9282666061930483,0.9282666061930483,4,20315,397
TATATCGC,0.9281841421679792,0.9281841421679792,4,20315,397
GCGATATA,0.9281841421679792,0.9281841421679792,4,20315,397
GGTATCTT,0.9268544097637406,0.9268544097637406,4,20315,397
AAGATACC,0.9268544097637406,0.9268544097637406,4,20315,397
GATACTTC,0.9264317816352615,0.9264317816352615,4,20315,397
GAAGTATC,0.9264317816352615,0.9264317816352615,4,20315,397
GCTATCAA,0.9257617614315755,0.9257617614315755,4,20315,397
TTGATAGC,0.9257617614315755,0.9257617614315755,4,20315,397
GATACGTA,0.9254834453469675,0.9254834453469675,4,20315,397
GATATATG,0.9251948212592257,0.9251948212592257,4,20315,397
CATATATC,0.9251948212592257,0.9251948212592257,4,20315,397
ACAGTATC,0.9251020492310229,0.9251020492310229,4,20315,397
GCGATACT,0.9248958891683503,0.9248958891683503,4,20315,397
CACATATC,0.9244011050179359,0.9244011050179359,4,20315,397
GATATGTG,0.9244011050179359,0.9244011050179359,4,20315,397
CTATCATA,0.9243804890116687,0.9243804890116687,4,20315,397
GATATGGA,0.9239887848925906,0.9239887848925906,4,20315,397
TCCATATC,0.9239887848925906,0.9239887848925906,4,20315,397
GGTGTCAG,0.923947552880056,0.923947552880056,4,20315,397
CTGACACC,0.923947552880056,0.923947552880056,4,20315,397
GCATGATA,0.9233084566857709,0.9233084566857709,4,20315,397
CTATGATA,0.923246608666969,0.923246608666969,4,20315,397
GATACTTG,0.9232156846575682,0.9232156846575682,4,20315,397
CAAGTATC,0.9232156846575682,0.9232156846575682,4,20315,397
ATGATATT,0.9232156846575682,0.9232156846575682,4,20315,397
AATATCAT,0.9232156846575682,0.9232156846575682,4,20315,397
GTATTATA,0.9227105925040202,0.9227105925040202,4,20315,397
ATCAGATA,0.9222261163567395,0.9222261163567395,4,20315,397
GATACCGG,0.9221642683379375,0.9221642683379375,4,20315,397
CCGGTATC,0.9221642683379375,0.9221642683379375,4,20315,397
ACTATATC,0.921875644250196,0.921875644250196,4,20315,397
GATATAGT,0.921875644250196,0.921875644250196,4,20315,397
ATGATAGT,0.9216901001937905,0.9216901001937905,4,20315,397
ACTATCAT,0.9216901001937905,0.9216901001937905,4,20315,397
ATATCTTA,0.9215767121593205,0.9215767121593205,4,20315,397
AGCATATC,0.9210716200057726,0.9210716200057726,4,20315,397
GATATGCT,0.9210716200057726,0.9210716200057726,4,20315,397
GATACCAG,0.9206592998804272,0.9206592998804272,4,20315,397
CTGGTATC,0.9206592998804272,0.9206592998804272,4,20315,397
GATACGCC,0.9204531398177546,0.9204531398177546,4,20315,397
GGCGTATC,0.9204531398177546,0.9204531398177546,4,20315,397
GTGATAGG,0.9200408196924091,0.9200408196924091,4,20315,397
CCTATCAC,0.9200408196924091,0.9200408196924091,4,20315,397
ATACCCTA,0.9199686636704738,0.9199686636704738,4,20315,397
GATACTCA,0.9193192594730549,0.9193192594730549,4,20315,397
GATATGCG,0.9181132231064199,0.9181132231064199,4,20315,397
CGCATATC,0.9181132231064199,0.9181132231064199,4,20315,397
TTATGATA,0.9177215189873419,0.9177215189873419,4,20315,397
GATACCGC,0.9176390549622727,0.9176390549622727,4,20315,397
GCGGTATC,0.9176390549622727,0.9176390549622727,4,20315,397
GTGGTATC,0.9176184389560055,0.9176184389560055,4,20315,397
GATACCAC,0.9176184389560055,0.9176184389560055,4,20315,397
CGGATATA,0.9175153589246692,0.9175153589246692,4,20315,397
TATCACCC,0.9641693811074918,0.9641693811074918,5,25396,496
ATATCGCT,0.950768977033769,0.950768977033769,5,25396,496
CCCGTATC,0.9411000700944213,0.9411000700944213,5,25396,496
GTAGTATC,0.9406155939471406,0.9406155939471406,5,25396,496
ATATCCCT,0.9390797014802292,0.9390797014802292,5,25396,496
TATCACAT,0.9387086133674185,0.9387086133674185,5,25396,496
TTGATCCT,0.938162289201336,0.938162289201336,5,25396,496
ATATCGGA,0.9331732156846575,0.9331732156846575,5,25396,496
GGATCAAA,0.9326062755123078,0.9326062755123078,5,25396,496
ATACTATA,0.9304519028573784,0.9304519028573784,5,25396,496
GATATAGG,0.929596338597287,0.929596338597287,5,25396,496
ATCGGATA,0.9257617614315755,0.9257617614315755,5,25396,496
GATACTGT,0.9251020492310229,0.9251020492310229,5,25396,496
AGTATCGC,0.9248958891683503,0.9248958891683503,5,25396,496
TAATGATA,0.9248546571558158,0.9248546571558158,5,25396,496
GATATAGA,0.9246072650806088,0.9246072650806088,5,25396,496
TCTATATC,0.9246072650806088,0.9246072650806088,5,25396,496
TGATGATA,0.9240506329113923,0.9240506329113923,5,25396,496
TATCTATC,0.9238135488393188,0.9238135488393188,5,25396,496
ATCTGATC,0.9227312085102873,0.9227312085102873,5,25396,496
TGAGTATC,0.9193192594730549,0.9193192594730549,5,25396,496
CTATCATT,0.9190409433884469,0.9190409433884469,5,25396,496
TATATCCG,0.9175153589246692,0.9175153589246692,5,25396,496
ATATCCTA,0.9165464066301076,0.9165464066301076,5,25396,496
TAGATCAT,0.9150826701851317,0.9150826701851317,5,25396,496
ATGATCTA,0.9150826701851317,0.9150826701851317,5,25396,496
GGTATTAA,0.91502082216633,0.91502082216633,5,25396,496
GACACCCT,0.9149692821506618,0.9149692821506618,5,25396,496
AGGGTGTC,0.9149692821506618,0.9149692821506618,5,25396,496
ATCATAGA,0.9149280501381273,0.9149280501381273,5,25396,496
ATCAGATC,0.9148146621036574,0.9148146621036574,5,25396,496
AGTATCGG,0.9145363460190493,0.9145363460190493,5,25396,496
TTGATCCC,0.9142271059250403,0.9142271059250403,5,25396,496
GGGATCAA,0.9142271059250403,0.9142271059250403,5,25396,496
CTGTGATA,0.9134436976868842,0.9134436976868842,5,25396,496
GGTGTCAC,0.9134333896837504,0.9134333896837504,5,25396,496
GTGACACC,0.9134333896837504,0.9134333896837504,5,25396,496
GTACGATA,0.9126602894487279,0.9126602894487279,5,25396,496
GATAGTAT,0.9121448892920463,0.9121448892920463,5,25396,496
AGTATCTA,0.9117222611635674,0.9117222611635674,5,25396,496
TGTATATC,0.9114336370758258,0.9114336370758258,5,25396,496
GTATTATC,0.9114336370758258,0.9114336370758258,5,25396,496
GATATACA,0.9114336370758258,0.9114336370758258,5,25396,496
TGTATCGT,0.9111553209912175,0.9111553209912175,5,25396,496
ACGATACA,0.9111553209912175,0.9111553209912175,5,25396,496
CCTATCAA,0.9102379087123244,0.9102379087123244,5,25396,496
TTGATAGG,0.9102379087123244,0.9102379087123244,5,25396,496
AAGTGATC,0.9092792644208963,0.9092792644208963,5,25396,496
AATATATC,0.9091452603801592,0.9091452603801592,5,25396,496
GATATATT,0.9091452603801592,0.9091452603801592,5,25396,496
AGGGTATA,0.9090112563394219,0.9090112563394219,5,25396,496
TATACCCT,0.9090112563394219,0.9090112563394219,5,25396,496
ACTATCAC,0.9081866160887313,0.9081866160887313,5,25396,496
GTGATAGT,0.9081866160887313,0.9081866160887313,5,25396,496
GTGAGATA,0.9081763080855977,0.9081763080855977,5,25396,496
TATCTCAC,0.9081763080855977,0.9081763080855977,5,25396,496
TATACCTA,0.9075062878819116,0.9075062878819116,5,25396,496
GTTTGATA,0.9073001278192389,0.9073001278192389,5,25396,496
CCGATATG,0.9072073557910362,0.9072073557910362,5,25396,496
CATATCGG,0.9072073557910362,0.9072073557910362,5,25396,496
GATACTTA,0.9067125716406219,0.9067125716406219,5,25396,496
AATGTATC,0.906454871562281,0.906454871562281,5,25396,496
ACTATCAA,0.905918855399332,0.905918855399332,5,25396,496
GGTATCTG,0.905918855399332,0.905918855399332,5,25396,496
TGGATACC,0.9057848513585948,0.9057848513585948,5,25396,496
GGTATCCA,0.9057848513585948,0.9057848513585948,5,25396,496
AATATCAA,0.9055683832927885,0.9055683832927885,5,25396,496
TTGATATT,0.9055683832927885,0.9055683832927885,5,25396,496
GATAGGAT,0.9053622232301158,0.9053622232301158,5,25396,496
ATCCTATC,0.9053622232301158,0.9053622232301158,5,25396,496
CGGCTATC,0.9045066589700244,0.9045066589700244,5,25396,496
GATAGCCG,0.9045066589700244,0.9045066589700244,5,25396,496
TGCATATC,0.9039294107945408,0.9039294107945408,5,25396,496
GATATGCA,0.9039294107945408,0.9039294107945408,5,25396,496
AGGATCAT,0.9030532305281821,0.9030532305281821,5,25396,496
AGTTGATA,0.9025996783903022,0.9025996783903022,5,25396,496
TGGATATA,0.9024553663464314,0.9024553663464314,5,25396,496
TATATCCA,0.9024553663464314,0.9024553663464314,5,25396,496
ATTATACC,0.9022595142868923,0.9022595142868923,5,25396,496
GGTATAAT,0.9022595142868923,0.9022595142868923,5,25396,496
TTAGTATC,0.9022285902774915,0.9022285902774915,5,25396,496
AACATATC,0.9020018142085515,0.9020018142085515,5,25396,496
GATATGTT,0.9020018142085515,0.9020018142085515,5,25396,496
GCCGTATC,0.9013111779985981,0.9013111779985981,5,25396,496
ATATCGAA,0.9011565579515937,0.9011565579515937,5,25396,496
ATATAATA,0.9008988578732527,0.9008988578732527,5,25396,496
ATATCTGA,0.9007133138168475,0.9007133138168475,5,25396,496
GGTATCTC,0.9001772976538985,0.9001772976538985,5,25396,496
GAGATACC,0.9001772976538985,0.9001772976538985,5,25396,496
TATATCTT,0.8998989815692905,0.8998989815692905,5,25396,496
AAGATATA,0.8998989815692905,0.8998989815692905,5,25396,496
TATCCTCC,0.8997752855316867,0.8997752855316867,5,25396,496
AGGATATA,0.8994454294314106,0.8994454294314106,5,25396,496
TATATCCT,0.8994454294314106,0.8994454294314106,5,25396,496
TGGATCAA,0.8986104811775862,0.8986104811775862,5,25396,496
TTAATATC,0.8984146291180473,0.8984146291180473,5,25396,496
GATATTAA,0.8984146291180473,0.8984146291180473,5,25396,496
AATTGATA,0.8980538490083702,0.8980538490083702,5,25396,496
CAGATCAT,0.8980435410052365,0.8980435410052365,5,25396,496
