{"run_id": "07:53:28-01/18/2025", "exp_name": "DirichletPPO", "model_name": "CNN_hidden_size_100_num_filters_32", "landscape_name": "TF_Binding", "rounds": 10, "sequences_batch_size": 100, "model_queries_per_batch": 5000}
sequence,model_score,true_score,round,model_cost,measurement_cost
GCTCGAGC,,0.5502102832639261,0,0,1
GCTCGAGC,0.5039838,0.5502102832639261,1,12000,3
GATCGAGC,0.50114155,0.6426112233538119,1,12000,3
GATCGAGC,0.6530677,0.6426112233538119,2,24000,102
GATCGAGA,0.6457906,0.7499381519811982,2,24000,102
TATCGAGC,0.6395611,0.6783181462087164,2,24000,102
TATCGAGA,0.63716924,0.7579680864222983,2,24000,102
GATCGAGG,0.62460375,0.5322640498082712,2,24000,102
GATCGATC,0.62011176,0.7932523811487239,2,24000,102
TATCGAGG,0.6105831,0.747670391291799,2,24000,102
GATCGAGT,0.60964173,0.6555993073021894,2,24000,102
AATCGAGC,0.60808825,0.32653692326722467,2,24000,102
GATCGATA,0.6079639,0.9319774873211562,2,24000,102
TATCGATC,0.6071998,0.9319774873211562,2,24000,102
GATCGACC,0.60041654,0.5027728528429473,2,24000,102
GCTCGAGC,0.59953344,0.5502102832639261,2,24000,102
GATCGAAC,0.5981642,0.5907207355791035,2,24000,102
CATCGAGC,0.5980538,0.41728858285572923,2,24000,102
TATCGATA,0.59796983,0.903001690512514,2,24000,102
AATCGAGA,0.5975309,0.5494681070383046,2,24000,102
TATCGAGT,0.59741616,0.8031686801632787,2,24000,102
CATCGAGA,0.59625614,0.5915041438172597,2,24000,102
GATCGACA,0.5945501,0.6145012988083949,2,24000,102
GATCGAAA,0.59200084,0.7050364903310931,2,24000,102
GCTCGAGA,0.59092635,0.2924689729105677,2,24000,102
TATCGACC,0.5909087,0.7441141302106956,2,24000,102
TCTCGAGC,0.58849406,0.2924689729105677,2,24000,102
TATCGAAC,0.58556926,0.792293736857296,2,24000,102
GATCGATG,0.58308375,0.7170762379911764,2,24000,102
TCTCGAGA,0.5820909,0.5900197913660166,2,24000,102
TATCGAAA,0.5811078,0.882581536304787,2,24000,102
GTTCGAGC,0.5795145,0.21334474085680122,2,24000,102
AATCGAGG,0.5789295,0.39194120315012576,2,24000,102
GATCGATT,0.5755779,0.7759246278810868,2,24000,102
GTTCGAGA,0.5748325,0.4182369191440234,2,24000,102
AATCGATC,0.57262635,0.7759246278810868,2,24000,102
TATCGATG,0.57202244,0.8720158330928133,2,24000,102
GCTCGAGG,0.57159525,0.3609759617366924,2,24000,102
CATCGAGG,0.57109267,0.3839112687090257,2,24000,102
GCTCGATC,0.57023877,0.6426112233538119,2,24000,102
GGTCGAGC,0.5700596,0.35574980414794044,2,24000,102
AATCGATA,0.56909996,0.9179173710468809,2,24000,102
GATGGAGC,0.5685326,0.3794066713396281,2,24000,102
GATCGACG,0.5664342,0.6187585041025853,2,24000,102
CATCGATC,0.56598765,0.7170762379911764,2,24000,102
TTTCGAGC,0.5649213,0.44395538696243764,2,24000,102
TTTCGAGA,0.564342,0.4281222941491774,2,24000,102
GATCAAGC,0.56365854,0.8098585741970066,2,24000,102
GATGGAGA,0.56308264,0.5946583927761514,2,24000,102
AATCGAGT,0.5630391,0.5665484682307343,2,24000,102
GATTGAGC,0.56179416,0.550973075495815,2,24000,102
TCTCGATC,0.56168914,0.7499381519811982,2,24000,102
TCTCGAGG,0.5613812,0.43482249618603885,2,24000,102
GCTCGAGT,0.5609044,0.3047767286521255,2,24000,102
GCTCGATA,0.5602386,0.6783181462087164,2,24000,102
TATCGATT,0.55968904,0.9179173710468809,2,24000,102
CATCGAGT,0.5593165,0.39310600750422625,2,24000,102
TCTCGATA,0.5581188,0.7579680864222983,2,24000,102
GGTCGAGA,0.55809563,0.2789757968086422,2,24000,102
CATCGATA,0.55736727,0.8720158330928133,2,24000,102
GAGCGAGC,0.55728316,0.31976456520842783,2,24000,102
TATCGACG,0.55680066,0.7186842864800231,2,24000,102
GATCGAAT,0.5566927,0.7222508555642602,2,24000,102
TGTCGAGC,0.55656177,0.23380612707706266,2,24000,102
AATCGACC,0.5564243,0.4249061971714839,2,24000,102
GATTGAGA,0.5554153,0.6272213746752979,2,24000,102
GATCAAGA,0.5549814,0.8278460396651961,2,24000,102
GCTCGAAC,0.5546153,0.21334474085680122,2,24000,102
ACTCGAGC,0.5543975,0.3047767286521255,2,24000,102
GATCTAGC,0.5541084,0.6526821424153713,2,24000,102
GATCGACT,0.5538838,0.7682142415371295,2,24000,102
GATAGAGC,0.5538716,0.5012266523729023,2,24000,102
TATCAAGC,0.5538242,0.9089081763080856,2,24000,102
TATGGAGC,0.5531361,0.4337916958726755,2,24000,102
GTTCGAGG,0.5528895,0.2298272378674803,2,24000,102
GCTCGACC,0.5528075,0.35574980414794044,2,24000,102
TCTCGAGT,0.5521408,0.5540757844390385,2,24000,102
TATTGAGC,0.55050445,0.7418463695212963,2,24000,102
TGTCGAGA,0.54952055,0.6059250402012123,2,24000,102
AATCGACA,0.5491556,0.5682492887477838,2,24000,102
CCTCGAGC,0.54825515,0.3609759617366924,2,24000,102
CATCGACC,0.5478528,0.43019420277903764,2,24000,102
GTTCGATC,0.5477703,0.5907207355791035,2,24000,102
ACTCGAGA,0.54702824,0.5540757844390385,2,24000,102
TATGGAGA,0.54644287,0.5185337896342721,2,24000,102
TCTCGAAC,0.5460362,0.4182369191440234,2,24000,102
GATAGAGA,0.54559237,0.5933080443656454,2,24000,102
TATTGAGA,0.5453804,0.7938914773430091,2,24000,102
GCTCGACA,0.5451253,0.23380612707706266,2,24000,102
TCTCGACC,0.5448647,0.2789757968086422,2,24000,102
TATCGACT,0.543985,0.7985713107656784,2,24000,102
TATAGAGC,0.5437284,0.5882571228301653,2,24000,102
GATCTAGA,0.543562,0.8317424648497094,2,24000,102
GAGCGAGA,0.54330826,0.6045231517750381,2,24000,102
GCTCGATG,0.5432204,0.41728858285572923,2,24000,102
TAGCGAGC,0.54312444,0.3475034016410341,2,24000,102
GCTCGAAA,0.54284036,0.44395538696243764,2,24000,102
TCTCGACA,0.54279727,0.6059250402012123,2,24000,102
CCTCGAGA,0.5426787,0.43482249618603885,2,24000,102
GTTCGATA,0.5425841,0.792293736857296,2,24000,102
AATCGAAC,0.54207116,0.6047602358471117,2,24000,102
GGTCGATC,0.54037726,0.5027728528429473,2,24000,102
TATCGATA,0.7742572,0.903001690512514,3,36000,201
GATCGATA,0.758034,0.9319774873211562,3,36000,201
TATCGATC,0.7572422,0.9319774873211562,3,36000,201
TATCGATG,0.7468349,0.8720158330928133,3,36000,201
TATCGATT,0.74170935,0.9179173710468809,3,36000,201
CATCGATA,0.7371175,0.8720158330928133,3,36000,201
GATCGATC,0.7349404,0.7932523811487239,3,36000,201
GATCGATG,0.7273606,0.7170762379911764,3,36000,201
GATCGATT,0.72493565,0.7759246278810868,3,36000,201
AATCGATA,0.7231419,0.9179173710468809,3,36000,201
TATCAATA,0.7195895,0.9604275759699831,3,36000,201
CATCGATC,0.7146412,0.7170762379911764,3,36000,201
CATCGATG,0.70674217,0.4242052529583969,3,36000,201
GATCAATA,0.7050431,0.9107945408815404,3,36000,201
AATCGATC,0.7027073,0.7759246278810868,3,36000,201
TATCAATC,0.70110905,0.9094751164804354,3,36000,201
TATCTATA,0.70099723,0.923947552880056,3,36000,201
CATCGATT,0.6968299,0.5873087865418711,3,36000,201
AATCGATG,0.69266295,0.5873087865418711,3,36000,201
GATCAATC,0.6886643,0.8586257370222241,3,36000,201
TATCAATG,0.68541837,0.9128355255019998,3,36000,201
GATCTATA,0.6844268,0.8654290190904217,3,36000,201
AATCGATT,0.6835934,0.4666948418752319,3,36000,201
TATCTATC,0.6818849,0.9238135488393188,3,36000,201
CATCAATA,0.6818663,0.7725126788438544,3,36000,201
TATCGACA,0.6783292,0.7765224920628376,3,36000,201
TATCAATT,0.67774594,0.8980538490083702,3,36000,201
TATCGAGA,0.6774044,0.7579680864222983,3,36000,201
GATCAATG,0.6705797,0.7955922978600585,3,36000,201
TATCGAAA,0.6705586,0.882581536304787,3,36000,201
GATCAATT,0.6676196,0.8019214117841091,3,36000,201
TATCCATA,0.66696787,0.8797571434461716,3,36000,201
TATTGATA,0.66439867,0.9604275759699831,3,36000,201
AATCAATA,0.6642499,0.7728734589535315,3,36000,201
TATCTATG,0.66391027,0.9019399661897497,3,36000,201
GATCTATC,0.66329825,0.8524203191357771,3,36000,201
TATCGACC,0.6628692,0.7441141302106956,3,36000,201
TATAGATA,0.6625948,0.923947552880056,3,36000,201
TATCGAGC,0.6625123,0.6783181462087164,3,36000,201
GATCGAGA,0.6588336,0.7499381519811982,3,36000,201
TATCGAGT,0.6587441,0.8031686801632787,3,36000,201
CATCAATC,0.6583984,0.6094194532635138,3,36000,201
TATCGACT,0.6564685,0.7985713107656784,3,36000,201
GATCCATA,0.6562966,0.8607801096771532,3,36000,201
TATCTATT,0.6552075,0.8815816600008246,3,36000,201
GATCGACA,0.65439653,0.6145012988083949,3,36000,201
TATCGAAC,0.6543623,0.792293736857296,3,36000,201
TATCGAAT,0.6528752,0.8419061559394714,3,36000,201
GATCGAAA,0.6499014,0.7050364903310931,3,36000,201
TATCGACG,0.64963293,0.7186842864800231,3,36000,201
TATCGGTA,0.6478473,0.8007566074300086,3,36000,201
GATCTATG,0.64689445,0.8221354059291635,3,36000,201
TAGCGATA,0.6465813,0.864047746670515,3,36000,201
CATCAATG,0.6455339,0.5090813507607306,3,36000,201
TATCGAGG,0.6450553,0.747670391291799,3,36000,201
CATCGAGA,0.6435909,0.5915041438172597,3,36000,201
TATAGATC,0.6426647,0.8654290190904217,3,36000,201
CATCTATC,0.6413765,0.7231785758462871,3,36000,201
GATCGAGC,0.64093363,0.6426112233538119,3,36000,201
TATGGATA,0.64059913,0.8797571434461716,3,36000,201
TATCAAGA,0.64040816,0.8567290644456356,3,36000,201
GATTGATA,0.63991916,0.9094751164804354,3,36000,201
AATCAATC,0.639879,0.6421164392033976,3,36000,201
GATCGACC,0.63898027,0.5027728528429473,3,36000,201
TATCCATC,0.6382898,0.8318249288747783,3,36000,201
TATCGAAG,0.63690543,0.8870139776522492,3,36000,201
TATTGATC,0.63654196,0.9107945408815404,3,36000,201
CATCGACA,0.63515556,0.5267905001443121,3,36000,201
TATCGGTC,0.634984,0.8296808642229827,3,36000,201
GATCGAGT,0.6347475,0.6555993073021894,3,36000,201
CATCAATT,0.63409746,0.3977446089143611,3,36000,201
GATCGAAC,0.6334578,0.5907207355791035,3,36000,201
CATCGAAA,0.6333045,0.5873500185544056,3,36000,201
GATCTATT,0.63330257,0.8787675751453429,3,36000,201
GATCGACT,0.63321316,0.7682142415371295,3,36000,201
TATAGATG,0.6327661,0.7703995382014596,3,36000,201
TATTGATG,0.6321647,0.7725126788438544,3,36000,201
TATCAACA,0.63128626,0.9309466870077928,3,36000,201
GATCCATC,0.6307596,0.8020863398342473,3,36000,201
GAGCGATA,0.63054895,0.8173215684657568,3,36000,201
GATAGATA,0.6303328,0.9238135488393188,3,36000,201
TATCGCTA,0.62997687,0.864047746670515,3,36000,201
CATTGATA,0.6284356,0.9128355255019998,3,36000,201
AATCAATG,0.6277876,0.4502226528676865,3,36000,201
AATCGACA,0.627442,0.5682492887477838,3,36000,201
GATCAAGA,0.62703633,0.8278460396651961,3,36000,201
GATCGAAT,0.6270038,0.7222508555642602,3,36000,201
TATCAAGC,0.6263585,0.9089081763080856,3,36000,201
CATCGAGC,0.62630725,0.41728858285572923,3,36000,201
AATCTATC,0.62618876,0.6554549952583185,3,36000,201
GATCGAGG,0.6251863,0.5322640498082712,3,36000,201
AATCGAGA,0.624563,0.5494681070383046,3,36000,201
TATCGTTC,0.62417614,0.9060940914526039,3,36000,201
TATGGATC,0.623886,0.8607801096771532,3,36000,201
GATGGATA,0.6237943,0.8318249288747783,3,36000,201
GATCGGTA,0.6230234,0.8333402053354225,3,36000,201
TATCAAAA,0.6226219,0.9173091988619964,3,36000,201
GATCGACG,0.62190187,0.6187585041025853,3,36000,201
TAACGATA,0.62184834,0.907269203809838,3,36000,201
TATCAATA,0.95826966,0.9604275759699831,4,48000,300
TATCGATA,0.9542613,0.903001690512514,4,48000,300
TATCTATA,0.9520198,0.923947552880056,4,48000,300
TATTGATA,0.9308147,0.9604275759699831,4,48000,300
TATCCATA,0.9244336,0.8797571434461716,4,48000,300
TATTTATA,0.92055446,0.8519358429884962,4,48000,300
TATAGATA,0.9098799,0.923947552880056,4,48000,300
GATCAATA,0.9071239,0.9107945408815404,4,48000,300
TATTAATA,0.903037,0.904795283057766,4,48000,300
TATCGATT,0.9027328,0.9179173710468809,4,48000,300
TATAAATA,0.901301,0.8519358429884962,4,48000,300
TATCAATC,0.89265263,0.9094751164804354,4,48000,300
TATCTATT,0.89246964,0.8815816600008246,4,48000,300
TATCGATG,0.8903266,0.8720158330928133,4,48000,300
TATCAATG,0.88987035,0.9128355255019998,4,48000,300
GATCGATA,0.8885007,0.9319774873211562,4,48000,300
GATCTATA,0.88808286,0.8654290190904217,4,48000,300
TATCAATT,0.88769096,0.8980538490083702,4,48000,300
TATCGATC,0.88647705,0.9319774873211562,4,48000,300
TATCTATC,0.8844825,0.9238135488393188,4,48000,300
TATTCATA,0.8809091,0.7762441759782295,4,48000,300
TATCTATG,0.87887543,0.9019399661897497,4,48000,300
TATCGTTA,0.87012804,0.907269203809838,4,48000,300
TATTGATG,0.8671973,0.7725126788438544,4,48000,300
GATCCATA,0.8658244,0.8607801096771532,4,48000,300
TATTTATC,0.8644953,0.7781511565579516,4,48000,300
TATATATA,0.86203265,0.9487692244258442,4,48000,300
TATTTATG,0.86198163,0.6778852100771038,4,48000,300
TATCGCTA,0.8596859,0.864047746670515,4,48000,300
GATTTATA,0.8572288,0.6364882694924339,4,48000,300
TATCCATC,0.8551939,0.8318249288747783,4,48000,300
TATTTATT,0.8542802,0.7270646930276666,4,48000,300
TATCCATG,0.85309124,0.7932523811487239,4,48000,300
TATCCATT,0.85306484,0.8322063249907228,4,48000,300
TATTGATT,0.8511969,0.7728734589535315,4,48000,300
TATCACTA,0.8504971,0.9022492062837587,4,48000,300
GATTGATA,0.8499587,0.9094751164804354,4,48000,300
TATTGATC,0.8495323,0.9107945408815404,4,48000,300
TATACATA,0.84940743,0.8208159815280583,4,48000,300
TATAGATT,0.84899175,0.7940873294025481,4,48000,300
TATAGATG,0.84803295,0.7703995382014596,4,48000,300
TATGGATA,0.8442262,0.8797571434461716,4,48000,300
TATAGATC,0.8430172,0.8654290190904217,4,48000,300
GATAAATA,0.8397055,0.7781511565579516,4,48000,300
TATAAATC,0.8392585,0.6364882694924339,4,48000,300
TATCGGTA,0.8378252,0.8007566074300086,4,48000,300
GATTAATA,0.8348442,0.8546056158001072,4,48000,300
TATGAATA,0.8345712,0.7762441759782295,4,48000,300
GATCAATC,0.83446354,0.8586257370222241,4,48000,300
TATTAATC,0.83216655,0.8546056158001072,4,48000,300
TATTAATT,0.8320801,0.8082814497175608,4,48000,300
TATTAATG,0.8320617,0.7173236300663836,4,48000,300
TATCATTA,0.8312842,0.9248546571558158,4,48000,300
TATGTATA,0.8310085,0.8208159815280583,4,48000,300
TATAAATG,0.8306875,0.7020162454129386,4,48000,300
GATCTATC,0.8297379,0.8524203191357771,4,48000,300
TATAAATT,0.8291006,0.6829773636251185,4,48000,300
TATCTCTA,0.82892007,0.8527192512266524,4,48000,300
TATATATC,0.8287265,0.9730445718055498,4,48000,300
GATCAATG,0.8279983,0.7955922978600585,4,48000,300
GATCAATT,0.82672554,0.8019214117841091,4,48000,300
TATCTTTA,0.82645696,0.8577598647589989,4,48000,300
GATCGATT,0.825099,0.7759246278810868,4,48000,300
GATAGATA,0.82090825,0.9238135488393188,4,48000,300
TATCCCTA,0.8199826,0.8932297035418298,4,48000,300
GATCGATG,0.81457824,0.7170762379911764,4,48000,300
TATAGTTA,0.81170243,0.7640291922648744,4,48000,300
GATCTATG,0.8110239,0.8221354059291635,4,48000,300
CATCAATA,0.8089907,0.7725126788438544,4,48000,300
GATTCATA,0.808902,0.6914711582072322,4,48000,300
GATCGATC,0.8084566,0.7932523811487239,4,48000,300
TATATATT,0.8080891,0.8876633818496681,4,48000,300
TATTGTTA,0.8063969,0.7513297324042386,4,48000,300
TATATATG,0.8058387,0.9319774873211562,4,48000,300
TATTCATG,0.8033188,0.5902259514286893,4,48000,300
TATCGTTT,0.80301344,0.8701294685193585,4,48000,300
TATCAGTA,0.8021009,0.93715210489424,4,48000,300
TATCGTTC,0.80178523,0.9060940914526039,4,48000,300
TATTGCTA,0.8013474,0.6671648868181256,4,48000,300
TATCCTTA,0.800474,0.795891229950934,4,48000,300
GATCGTTA,0.8002588,0.7776769884138045,4,48000,300
TATCGCTC,0.7998527,0.8173215684657568,4,48000,300
GATCACTA,0.79916847,0.8728610893497711,4,48000,300
CATCGATA,0.7990887,0.8720158330928133,4,48000,300
TATCAAAA,0.7982997,0.9173091988619964,4,48000,300
GATCCATC,0.7982753,0.8020863398342473,4,48000,300
TATTCATC,0.79711807,0.7160248216715458,4,48000,300
CATCTATA,0.79601866,0.7703995382014596,4,48000,300
TATTCATT,0.79517174,0.7005422009648291,4,48000,300
TATCTGTA,0.7933002,0.7840988743660577,4,48000,300
GATACATA,0.7925099,0.9525522615758876,4,48000,300
TATGCATA,0.79242796,0.7936750092772028,4,48000,300
TATTACTA,0.7904472,0.7150764853832516,4,48000,300
TATCGTTG,0.7904223,0.8399476353440812,4,48000,300
TAACAATA,0.7897943,0.7513297324042386,4,48000,300
TATCAACA,0.7866738,0.9309466870077928,4,48000,300
TAACTATA,0.7863491,0.7640291922648744,4,48000,300
GATATATA,0.785993,0.9730445718055498,4,48000,300
GATGAATA,0.78354526,0.7160248216715458,4,48000,300
TATCGATA,1.0076905,0.903001690512514,5,60000,399
TATCAATA,0.9803071,0.9604275759699831,5,60000,399
TATCTATA,0.9676987,0.923947552880056,5,60000,399
TATCAAGA,0.93773806,0.8567290644456356,5,60000,399
TATCAAAA,0.93463516,0.9173091988619964,5,60000,399
GATCGATA,0.92945015,0.9319774873211562,5,60000,399
TATCCATA,0.9230314,0.8797571434461716,5,60000,399
GATCAATA,0.91990453,0.9107945408815404,5,60000,399
TATCGATC,0.9117172,0.9319774873211562,5,60000,399
TATCGTTA,0.9111424,0.907269203809838,5,60000,399
GATCTATA,0.90454143,0.8654290190904217,5,60000,399
TATCGATT,0.90126336,0.9179173710468809,5,60000,399
TATTGATA,0.9011863,0.9604275759699831,5,60000,399
TATAGATA,0.89999455,0.923947552880056,5,60000,399
TATCTATC,0.8931231,0.9238135488393188,5,60000,399
TATCAACA,0.89006984,0.9309466870077928,5,60000,399
TATCTAAA,0.8833078,0.8619758380406547,5,60000,399
TATCGCTA,0.8767338,0.864047746670515,5,60000,399
TATCTATT,0.8761023,0.8815816600008246,5,60000,399
TATCGGTA,0.8756602,0.8007566074300086,5,60000,399
GATCCATA,0.87363863,0.8607801096771532,5,60000,399
TATCGAAA,0.87121236,0.882581536304787,5,60000,399
TATCAATC,0.8710686,0.9094751164804354,5,60000,399
TATATATA,0.86836576,0.9487692244258442,5,60000,399
GATCAAGA,0.86743957,0.8278460396651961,5,60000,399
TATAAATA,0.8638729,0.8519358429884962,5,60000,399
GATCAAAA,0.86334205,0.8754999381519812,5,60000,399
TATCTAGA,0.86326724,0.7674205252958397,5,60000,399
TATCTTTA,0.85819453,0.8577598647589989,5,60000,399
TATCGATG,0.85787475,0.8720158330928133,5,60000,399
TATCTCTA,0.8564179,0.8527192512266524,5,60000,399
TATCACTA,0.8560148,0.9022492062837587,5,60000,399
TATTAATA,0.85470104,0.904795283057766,5,60000,399
TATCATTA,0.8538913,0.9248546571558158,5,60000,399
TATTTATA,0.84238863,0.8519358429884962,5,60000,399
TATCACGA,0.8413666,0.8974147528140849,5,60000,399
TATGGATA,0.8389743,0.8797571434461716,5,60000,399
TAACGATA,0.8366619,0.907269203809838,5,60000,399
TATCAAGC,0.8366014,0.9089081763080856,5,60000,399
TATTAAGA,0.8365234,0.7283016534037026,5,60000,399
TATCTATG,0.8364848,0.9019399661897497,5,60000,399
TATCAGTA,0.83541083,0.93715210489424,5,60000,399
TATCTACA,0.83532304,0.7157568135900713,5,60000,399
TATTAAAA,0.8335682,0.8075495814950728,5,60000,399
TATCAATT,0.8315896,0.8980538490083702,5,60000,399
TATCTGTA,0.8306738,0.7840988743660577,5,60000,399
GATCTATC,0.8294854,0.8524203191357771,5,60000,399
TATCCATC,0.827041,0.8318249288747783,5,60000,399
TATCGTTC,0.82636034,0.9060940914526039,5,60000,399
TATCCAAA,0.8260421,0.8352678019214118,5,60000,399
GATAGATA,0.825321,0.9238135488393188,5,60000,399
TAACTATA,0.82448995,0.7640291922648744,5,60000,399
GATCGTTA,0.8244385,0.7776769884138045,5,60000,399
GATCAACA,0.82332987,0.8014060116274276,5,60000,399
TATCACAA,0.82314414,0.907743371953985,5,60000,399
TATCCAGA,0.8220144,0.8285263678720158,5,60000,399
TATCCCTA,0.82112145,0.8932297035418298,5,60000,399
TATCAAAC,0.82038295,0.9073001278192389,5,60000,399
GATCGATC,0.8189554,0.7932523811487239,5,60000,399
TATAGATC,0.81883246,0.8654290190904217,5,60000,399
TAGCGATA,0.8182105,0.864047746670515,5,60000,399
GATCAATC,0.8178379,0.8586257370222241,5,60000,399
TATCGAAT,0.81638837,0.8419061559394714,5,60000,399
TATCATGA,0.81606084,0.9206180678678927,5,60000,399
GATTGATA,0.8157402,0.9094751164804354,5,60000,399
TATATATC,0.8135443,0.9730445718055498,5,60000,399
TAACAATA,0.8133908,0.7513297324042386,5,60000,399
TATACATA,0.81313896,0.8208159815280583,5,60000,399
TATTGATC,0.8124161,0.9107945408815404,5,60000,399
TATAAAGA,0.8119872,0.7275594771780811,5,60000,399
TATCATAA,0.8117296,0.9177215189873418,5,60000,399
TATCCATT,0.8086244,0.8322063249907228,5,60000,399
TATCCTTA,0.80730015,0.795891229950934,5,60000,399
GATCTAAA,0.80611825,0.7729249989691998,5,60000,399
TATCAATG,0.80521923,0.9128355255019998,5,60000,399
GATCTATT,0.80415326,0.8787675751453429,5,60000,399
GATCACTA,0.804101,0.8728610893497711,5,60000,399
GATCGATT,0.8039899,0.7759246278810868,5,60000,399
TATCGACA,0.8029882,0.7765224920628376,5,60000,399
GATAAATA,0.80209047,0.7781511565579516,5,60000,399
TATAGATT,0.80070597,0.7940873294025481,5,60000,399
TATCGTTT,0.8006608,0.8701294685193585,5,60000,399
TATCGAGA,0.7995349,0.7579680864222983,5,60000,399
TATCCACA,0.79888695,0.7940460973900136,5,60000,399
TATCAAAT,0.79831284,0.9692615346555065,5,60000,399
TATAGTTA,0.7972875,0.7640291922648744,5,60000,399
TATCAAGT,0.7955065,0.8977652249206285,5,60000,399
TATGAATA,0.7953138,0.7762441759782295,5,60000,399
GATCGGTA,0.7947897,0.8333402053354225,5,60000,399
TATAAAAA,0.7945214,0.6777305900300995,5,60000,399
GATCGCTA,0.79391325,0.8055601368902816,5,60000,399
TATCCGTA,0.7938103,0.8854883931884715,5,60000,399
TATCTTTC,0.7934039,0.8339277615140395,5,60000,399
GATCATTA,0.7912482,0.9107945408815404,5,60000,399
TATTAACA,0.79082495,0.787098503277945,5,60000,399
GATCTAGA,0.789773,0.8317424648497094,5,60000,399
GATTAATA,0.78761804,0.8546056158001072,5,60000,399
CATCGATA,0.78565365,0.8720158330928133,5,60000,399
TATGTATA,0.78499293,0.8208159815280583,5,60000,399
TATCGATA,1.0070649,0.903001690512514,6,72000,498
TATCAATA,0.98381,0.9604275759699831,6,72000,498
TATCTATA,0.9712554,0.923947552880056,6,72000,498
TATTGATA,0.9497998,0.9604275759699831,6,72000,498
TATAGATA,0.9323983,0.923947552880056,6,72000,498
TATCAAAA,0.926104,0.9173091988619964,6,72000,498
TATCGTTA,0.92558134,0.907269203809838,6,72000,498
GATCGATA,0.92522025,0.9319774873211562,6,72000,498
TATCGATC,0.9249535,0.9319774873211562,6,72000,498
TATCTATC,0.9234729,0.9238135488393188,6,72000,498
GATCAATA,0.91712797,0.9107945408815404,6,72000,498
TATCAAGA,0.9121425,0.8567290644456356,6,72000,498
TATCGATT,0.91089153,0.9179173710468809,6,72000,498
TATATATA,0.9105728,0.9487692244258442,6,72000,498
TATCAATC,0.90994024,0.9094751164804354,6,72000,498
TATCATTA,0.9093355,0.9248546571558158,6,72000,498
GATCTATA,0.90664136,0.8654290190904217,6,72000,498
TATCCATA,0.90333587,0.8797571434461716,6,72000,498
TATCACTA,0.90159607,0.9022492062837587,6,72000,498
TATCTATT,0.89375645,0.8815816600008246,6,72000,498
TATCGCTA,0.88022196,0.864047746670515,6,72000,498
TATATATC,0.8800389,0.9730445718055498,6,72000,498
TATTAATA,0.87775457,0.904795283057766,6,72000,498
TATCACAA,0.8750585,0.907743371953985,6,72000,498
TATTGATC,0.874404,0.9107945408815404,6,72000,498
TATCATAA,0.8724811,0.9177215189873418,6,72000,498
TATCAACA,0.8710642,0.9309466870077928,6,72000,498
TATAAATA,0.8703322,0.8519358429884962,6,72000,498
TATCATGA,0.8695378,0.9206180678678927,6,72000,498
TATCGGTA,0.86918914,0.8007566074300086,6,72000,498
TATCGTTC,0.86629784,0.9060940914526039,6,72000,498
TATCAGTA,0.86552346,0.93715210489424,6,72000,498
TATAGATC,0.86476535,0.8654290190904217,6,72000,498
TATGGATA,0.8638399,0.8797571434461716,6,72000,498
TATCAATT,0.86353284,0.8980538490083702,6,72000,498
TATCTAAA,0.8629714,0.8619758380406547,6,72000,498
TATCTTTA,0.86069113,0.8577598647589989,6,72000,498
TATCGAAA,0.859992,0.882581536304787,6,72000,498
TATCGATG,0.8596182,0.8720158330928133,6,72000,498
TATTTATA,0.85849327,0.8519358429884962,6,72000,498
GATCCATA,0.857873,0.8607801096771532,6,72000,498
GATTGATA,0.85746694,0.9094751164804354,6,72000,498
GATAGATA,0.8574553,0.9238135488393188,6,72000,498
TATCTATG,0.8551275,0.9019399661897497,6,72000,498
TATCTCTA,0.85491216,0.8527192512266524,6,72000,498
GATCTATC,0.8531949,0.8524203191357771,6,72000,498
TATCAAGC,0.8488646,0.9089081763080856,6,72000,498
TAACGATA,0.84699035,0.907269203809838,6,72000,498
GATCAATC,0.8429166,0.8586257370222241,6,72000,498
GATCAAGA,0.84185195,0.8278460396651961,6,72000,498
GATCAAAA,0.8411906,0.8754999381519812,6,72000,498
TATACATA,0.8390288,0.8208159815280583,6,72000,498
TATCAAAC,0.8388394,0.9073001278192389,6,72000,498
TATCTAGA,0.8364497,0.7674205252958397,6,72000,498
TATCCATC,0.8363694,0.8318249288747783,6,72000,498
TATCAATG,0.8354271,0.9128355255019998,6,72000,498
GATATATA,0.83384144,0.9730445718055498,6,72000,498
GATCATTA,0.8337904,0.9107945408815404,6,72000,498
TATCGTTT,0.8319023,0.8701294685193585,6,72000,498
GATCGTTA,0.83105284,0.7776769884138045,6,72000,498
TATCCCTA,0.82989687,0.8932297035418298,6,72000,498
TATCGAAT,0.82905376,0.8419061559394714,6,72000,498
TATCTTTC,0.82833856,0.8339277615140395,6,72000,498
TATCAAAT,0.82695943,0.9692615346555065,6,72000,498
TATATATT,0.8265534,0.8876633818496681,6,72000,498
GATCGATC,0.82603127,0.7932523811487239,6,72000,498
TATAGATT,0.8252384,0.7940873294025481,6,72000,498
TAGCGATA,0.8252243,0.864047746670515,6,72000,498
GATCTATT,0.82361287,0.8787675751453429,6,72000,498
TATCATTC,0.8235725,0.9412340741351586,6,72000,498
TATCTGTA,0.8201049,0.7840988743660577,6,72000,498
TATAGTTA,0.81938696,0.7640291922648744,6,72000,498
TATCCATT,0.8185653,0.8322063249907228,6,72000,498
TATCGCTC,0.8161403,0.8173215684657568,6,72000,498
GATTAATA,0.81330156,0.8546056158001072,6,72000,498
TATCACCA,0.8123704,0.9434812188182905,6,72000,498
TATCCAAA,0.81229484,0.8352678019214118,6,72000,498
TATTAAGA,0.810928,0.7283016534037026,6,72000,498
TATATATG,0.8108604,0.9319774873211562,6,72000,498
TATCAAGT,0.8108542,0.8977652249206285,6,72000,498
TATCTCTC,0.8083524,0.9031047705438503,6,72000,498
GATCGATT,0.8080493,0.7759246278810868,6,72000,498
TATTAATC,0.8071585,0.8546056158001072,6,72000,498
GATAAATA,0.807052,0.7781511565579516,6,72000,498
TATCACTC,0.8066355,0.9481816682472273,6,72000,498
TATTGATT,0.8062908,0.7728734589535315,6,72000,498
TATTAAAA,0.8061187,0.8075495814950728,6,72000,498
TAACAATA,0.80439544,0.7513297324042386,6,72000,498
TATCAGAA,0.8043932,0.8970024326887396,6,72000,498
TATCCTTA,0.8043173,0.795891229950934,6,72000,498
TATGTATA,0.80374277,0.8208159815280583,6,72000,498
GATCGCTA,0.803387,0.8055601368902816,6,72000,498
TAACTATA,0.8028044,0.7640291922648744,6,72000,498
TATTTATC,0.80157787,0.7781511565579516,6,72000,498
TATTGTTA,0.8013049,0.7513297324042386,6,72000,498
GATCAATT,0.8011252,0.8019214117841091,6,72000,498
TATGAATA,0.8003211,0.7762441759782295,6,72000,498
TATCATAC,0.79940635,0.9734362759246279,6,72000,498
GATCATAA,0.7993197,0.8364119902692451,6,72000,498
TATCGATA,0.97111255,0.903001690512514,7,84000,597
TATCAATA,0.9453277,0.9604275759699831,7,84000,597
TATCATAA,0.942627,0.9177215189873418,7,84000,597
TATCTATA,0.94011563,0.923947552880056,7,84000,597
TATTGATA,0.93524647,0.9604275759699831,7,84000,597
TATCATTA,0.9236104,0.9248546571558158,7,84000,597
TATCAAAA,0.921402,0.9173091988619964,7,84000,597
TATCATGA,0.9177759,0.9206180678678927,7,84000,597
TATCTATC,0.91339487,0.9238135488393188,7,84000,597
TATAGATA,0.912806,0.923947552880056,7,84000,597
TATATATA,0.91238904,0.9487692244258442,7,84000,597
TATCACAA,0.9082294,0.907743371953985,7,84000,597
GATCGATA,0.90806663,0.9319774873211562,7,84000,597
TATATATC,0.90215075,0.9730445718055498,7,84000,597
TATCACGA,0.8982582,0.8974147528140849,7,84000,597
TATCACTA,0.8935996,0.9022492062837587,7,84000,597
TATCAATC,0.8909479,0.9094751164804354,7,84000,597
GATCAATA,0.886452,0.9107945408815404,7,84000,597
TATCAAGA,0.88513684,0.8567290644456356,7,84000,597
GATCTATA,0.88409245,0.8654290190904217,7,84000,597
TATCGATC,0.88264966,0.9319774873211562,7,84000,597
TATCGTTA,0.881029,0.907269203809838,7,84000,597
TATCATTC,0.87909526,0.9412340741351586,7,84000,597
TATCAGTA,0.8786958,0.93715210489424,7,84000,597
TATCTATT,0.8770911,0.8815816600008246,7,84000,597
TATCCATA,0.8738738,0.8797571434461716,7,84000,597
TATCAGAA,0.87351096,0.8970024326887396,7,84000,597
TATCAAAC,0.8726806,0.9073001278192389,7,84000,597
TATCAACA,0.8725591,0.9309466870077928,7,84000,597
TATCAAAT,0.8722972,0.9692615346555065,7,84000,597
GATCATTA,0.8702934,0.9107945408815404,7,84000,597
GATCATAA,0.8692162,0.8364119902692451,7,84000,597
TATCGATT,0.86633027,0.9179173710468809,7,84000,597
TATCACGC,0.8648937,0.904599430998227,7,84000,597
TATCATCA,0.8633186,0.9240506329113924,7,84000,597
TATCAAGC,0.86073154,0.9089081763080856,7,84000,597
TATTAATA,0.85998744,0.904795283057766,7,84000,597
TATTGATC,0.8575358,0.9107945408815404,7,84000,597
TATCTATG,0.85473263,0.9019399661897497,7,84000,597
TATGGATA,0.8535184,0.8797571434461716,7,84000,597
TATCACCA,0.85328454,0.9434812188182905,7,84000,597
GATAGATA,0.8514204,0.9238135488393188,7,84000,597
TATCACTC,0.849153,0.9481816682472273,7,84000,597
TATCAGGA,0.84874296,0.8646765348616666,7,84000,597
GATTGATA,0.84787357,0.9094751164804354,7,84000,597
GATATATA,0.847835,0.9730445718055498,7,84000,597
TATCAATT,0.84750825,0.8980538490083702,7,84000,597
GATCACTA,0.84746426,0.8728610893497711,7,84000,597
TATCAAGT,0.84599525,0.8977652249206285,7,84000,597
TAACGATA,0.8456631,0.907269203809838,7,84000,597
TATCGTTC,0.8445176,0.9060940914526039,7,84000,597
GATCTATC,0.84382087,0.8524203191357771,7,84000,597
TATCGGTA,0.84367025,0.8007566074300086,7,84000,597
TATCTTTA,0.8429215,0.8577598647589989,7,84000,597
TATCGAAA,0.841883,0.882581536304787,7,84000,597
GATCAAAA,0.8416341,0.8754999381519812,7,84000,597
TATAGATC,0.8406053,0.8654290190904217,7,84000,597
TATCTAAA,0.8400929,0.8619758380406547,7,84000,597
GATCCATA,0.8397463,0.8607801096771532,7,84000,597
TATCGCTA,0.83556885,0.864047746670515,7,84000,597
TATCTCTA,0.83207273,0.8527192512266524,7,84000,597
TATATATT,0.8315436,0.8876633818496681,7,84000,597
TATCGAAT,0.8311751,0.8419061559394714,7,84000,597
TATCCCTA,0.82917416,0.8932297035418298,7,84000,597
GATCAAGA,0.827319,0.8278460396651961,7,84000,597
TATACATA,0.8271978,0.8208159815280583,7,84000,597
TATCTTTC,0.82693666,0.8339277615140395,7,84000,597
GATCATTC,0.8255279,0.8154455118954357,7,84000,597
GATCAGTA,0.8255234,0.8952191481466212,7,84000,597
TATCATTT,0.8249978,0.9565414587886035,7,84000,597
GATCAATC,0.8239025,0.8586257370222241,7,84000,597
TATCAGAT,0.82351667,0.9677874902073971,7,84000,597
TAGCGATA,0.82286376,0.864047746670515,7,84000,597
TATCAATG,0.82205945,0.9128355255019998,7,84000,597
TATCTCTC,0.82090026,0.9031047705438503,7,84000,597
TATCGATG,0.8202625,0.8720158330928133,7,84000,597
TATCAGTC,0.8201461,0.9137632457840268,7,84000,597
TATCCATC,0.81820065,0.8318249288747783,7,84000,597
TATTTATA,0.8176892,0.8519358429884962,7,84000,597
TATCACAT,0.81702393,0.9387086133674185,7,84000,597
TATAAATA,0.8169639,0.8519358429884962,7,84000,597
TATCATCC,0.81472456,0.9454912794293491,7,84000,597
TATCAACC,0.810549,0.8999814455943594,7,84000,597
TATCCAAA,0.80723023,0.8352678019214118,7,84000,597
TATCTAAT,0.80647266,0.8712221168515235,7,84000,597
TATCACCC,0.806364,0.9641693811074918,7,84000,597
TATCGTTT,0.8059579,0.8701294685193585,7,84000,597
GATCTATT,0.80568814,0.8787675751453429,7,84000,597
TATCAACT,0.8051618,0.9025996783903023,7,84000,597
TATTAATC,0.8042193,0.8546056158001072,7,84000,597
GATTAATA,0.8028358,0.8546056158001072,7,84000,597
GATCAACA,0.8025334,0.8014060116274276,7,84000,597
TATCATGG,0.80119973,0.8570176885333773,7,84000,597
GATCGATC,0.79998493,0.7932523811487239,7,84000,597
TATCTGTA,0.79789543,0.7840988743660577,7,84000,597
GATCGTTA,0.79664314,0.7776769884138045,7,84000,597
GATACATA,0.79595083,0.9525522615758876,7,84000,597
TATGTATA,0.7940228,0.8208159815280583,7,84000,597
TATCAGCA,0.7937553,0.8367830783820558,7,84000,597
TATCGATA,0.98534995,0.903001690512514,8,96000,696
TATCAATA,0.96055055,0.9604275759699831,8,96000,696
TATTGATA,0.94647735,0.9604275759699831,8,96000,696
TATCAAAT,0.9432465,0.9692615346555065,8,96000,696
TATCATTA,0.9394665,0.9248546571558158,8,96000,696
TATATATA,0.93839335,0.9487692244258442,8,96000,696
TATCACAA,0.9360337,0.907743371953985,8,96000,696
TATCAAAA,0.93505096,0.9173091988619964,8,96000,696
TATCATGA,0.933118,0.9206180678678927,8,96000,696
TATCATAA,0.9329173,0.9177215189873418,8,96000,696
TATATATC,0.9307352,0.9730445718055498,8,96000,696
TATCATGT,0.92755467,0.9466663917865831,8,96000,696
TATCTATA,0.92645204,0.923947552880056,8,96000,696
TATAGATA,0.9221948,0.923947552880056,8,96000,696
TATCACGA,0.91978407,0.8974147528140849,8,96000,696
GATCGATA,0.9193606,0.9319774873211562,8,96000,696
TATCATAT,0.9185087,0.9761988207644415,8,96000,696
TATCATTC,0.91761583,0.9412340741351586,8,96000,696
TATCAATC,0.9140123,0.9094751164804354,8,96000,696
TATCAGAA,0.9126467,0.8970024326887396,8,96000,696
TATCACTA,0.9121138,0.9022492062837587,8,96000,696
GATCAATA,0.91200876,0.9107945408815404,8,96000,696
TATCACTC,0.9103469,0.9481816682472273,8,96000,696
TATCAGTA,0.9092629,0.93715210489424,8,96000,696
GATATATA,0.9083956,0.9730445718055498,8,96000,696
TATCTATC,0.9081938,0.9238135488393188,8,96000,696
TATCACGT,0.90693027,0.8492557621737516,8,96000,696
TATCAAAC,0.9064459,0.9073001278192389,8,96000,696
TATCAAGT,0.9057389,0.8977652249206285,8,96000,696
TATCGATC,0.90471894,0.9319774873211562,8,96000,696
TATCAACA,0.9031025,0.9309466870077928,8,96000,696
TATCATCA,0.9006798,0.9240506329113924,8,96000,696
TATCTATT,0.8976506,0.8815816600008246,8,96000,696
TATCGTTA,0.8962276,0.907269203809838,8,96000,696
TATCAAGA,0.89515686,0.8567290644456356,8,96000,696
TATCACAT,0.8945814,0.9387086133674185,8,96000,696
TATTAATA,0.89360255,0.904795283057766,8,96000,696
TATCATTT,0.8922907,0.9565414587886035,8,96000,696
TATCACCC,0.89166504,0.9641693811074918,8,96000,696
TATCATCC,0.89112216,0.9454912794293491,8,96000,696
TATTGATC,0.89098465,0.9107945408815404,8,96000,696
TATCCATA,0.8908849,0.8797571434461716,8,96000,696
TATCGATT,0.89026797,0.9179173710468809,8,96000,696
TATCAGTC,0.88679314,0.9137632457840268,8,96000,696
TATCAAGC,0.8867025,0.9089081763080856,8,96000,696
TATCAACT,0.88611305,0.9025996783903023,8,96000,696
GATAGATA,0.88375837,0.9238135488393188,8,96000,696
TATCAATT,0.88368106,0.8980538490083702,8,96000,696
TATCGTTC,0.8832794,0.9060940914526039,8,96000,696
TATATATG,0.88120276,0.9319774873211562,8,96000,696
GATCTATA,0.8809565,0.8654290190904217,8,96000,696
TAACGATA,0.8776286,0.907269203809838,8,96000,696
GATCATTA,0.87468344,0.9107945408815404,8,96000,696
TATCTATG,0.87371284,0.9019399661897497,8,96000,696
TATCGTTT,0.87313074,0.8701294685193585,8,96000,696
GATCACTA,0.87164026,0.8728610893497711,8,96000,696
TATCTAAA,0.8709158,0.8619758380406547,8,96000,696
TATCAACC,0.86807126,0.8999814455943594,8,96000,696
GATTGATA,0.86720246,0.9094751164804354,8,96000,696
TATCAATG,0.86673236,0.9128355255019998,8,96000,696
TATCATCT,0.8632277,0.9501298808394838,8,96000,696
TATGGATA,0.8630149,0.8797571434461716,8,96000,696
TATCCCTA,0.86234856,0.8932297035418298,8,96000,696
TATCTCTC,0.8622787,0.9031047705438503,8,96000,696
TATACATA,0.86094856,0.8208159815280583,8,96000,696
GATCCATA,0.85920435,0.8607801096771532,8,96000,696
TATCGAAT,0.8578158,0.8419061559394714,8,96000,696
TATCGCTA,0.8577754,0.864047746670515,8,96000,696
TATCTAAT,0.85700625,0.8712221168515235,8,96000,696
GATCAGTA,0.85694575,0.8952191481466212,8,96000,696
GATCAAAA,0.8567808,0.8754999381519812,8,96000,696
GATCACGA,0.8553455,0.7874283593782213,8,96000,696
TATAGATC,0.85524815,0.8654290190904217,8,96000,696
GATACATA,0.85334516,0.9525522615758876,8,96000,696
GATCAAAT,0.8520943,0.7559477178081062,8,96000,696
TATCATTG,0.85133743,0.9399455737434544,8,96000,696
GATCAATC,0.85128474,0.8586257370222241,8,96000,696
TATCGAAA,0.8511538,0.882581536304787,8,96000,696
TATCGATG,0.8510226,0.8720158330928133,8,96000,696
TATCAGCA,0.8508475,0.8367830783820558,8,96000,696
GATCACTC,0.84987706,0.8390611470745887,8,96000,696
TATCAGTT,0.8450464,0.9296169546035542,8,96000,696
GATCATGA,0.8445114,0.8310415206366223,8,96000,696
TATCACTT,0.8444888,0.9290706304374717,8,96000,696
GATCTATC,0.84338224,0.8524203191357771,8,96000,696
TATCTCTA,0.84328544,0.8527192512266524,8,96000,696
TATCGTTG,0.84145147,0.8399476353440812,8,96000,696
TATCATAG,0.8410005,0.9232466086669691,8,96000,696
TAGCGATA,0.8406031,0.864047746670515,8,96000,696
TATCTTTC,0.83862406,0.8339277615140395,8,96000,696
GATCATGT,0.8383561,0.8787675751453429,8,96000,696
TATCGGTA,0.8366923,0.8007566074300086,8,96000,696
TATCTCTT,0.8363323,0.8459778171772564,8,96000,696
TATAAATA,0.8357895,0.8519358429884962,8,96000,696
TATTAATC,0.83552724,0.8546056158001072,8,96000,696
GATCTATT,0.8335088,0.8787675751453429,8,96000,696
GATTAATA,0.83295816,0.8546056158001072,8,96000,696
TATCTTTA,0.8327067,0.8577598647589989,8,96000,696
GATCATAC,0.8294415,0.8940234197831196,8,96000,696
TATCGATA,0.9752041,0.903001690512514,9,108000,795
TATTGATA,0.9728071,0.9604275759699831,9,108000,795
TATCAATA,0.97250986,0.9604275759699831,9,108000,795
TATATATA,0.9566923,0.9487692244258442,9,108000,795
TATCAAAT,0.94680125,0.9692615346555065,9,108000,795
TATCATTC,0.9441485,0.9412340741351586,9,108000,795
GATATATA,0.9396511,0.9730445718055498,9,108000,795
TATCATTA,0.93871635,0.9248546571558158,9,108000,795
TATCAATC,0.93505216,0.9094751164804354,9,108000,795
TATCATTT,0.93288755,0.9565414587886035,9,108000,795
TATCACTC,0.9311797,0.9481816682472273,9,108000,795
TATCTATA,0.9302963,0.923947552880056,9,108000,795
TATCAAAA,0.9297616,0.9173091988619964,9,108000,795
TATCAGTA,0.92711294,0.93715210489424,9,108000,795
TATCATAA,0.9262181,0.9177215189873418,9,108000,795
TATCATCA,0.923581,0.9240506329113924,9,108000,795
TATCTATC,0.9227739,0.9238135488393188,9,108000,795
TATCACTA,0.922317,0.9022492062837587,9,108000,795
TATAGATA,0.91992736,0.923947552880056,9,108000,795
TATTGATC,0.91921175,0.9107945408815404,9,108000,795
TATATATG,0.9191313,0.9319774873211562,9,108000,795
GATCAATA,0.9189173,0.9107945408815404,9,108000,795
TATCACCA,0.9188385,0.9434812188182905,9,108000,795
GATCGATA,0.9186709,0.9319774873211562,9,108000,795
TATTAATA,0.9169348,0.904795283057766,9,108000,795
TATCAACA,0.9165147,0.9309466870077928,9,108000,795
TATCAGAA,0.9164291,0.8970024326887396,9,108000,795
TATCAGTC,0.9147625,0.9137632457840268,9,108000,795
TATCAGAC,0.91461885,0.8317836968622437,9,108000,795
TATCAAAC,0.91423255,0.9073001278192389,9,108000,795
TATCACAA,0.91057104,0.907743371953985,9,108000,795
TATCGATC,0.910014,0.9319774873211562,9,108000,795
TATCAACT,0.90913403,0.9025996783903023,9,108000,795
GATTGATA,0.90816855,0.9094751164804354,9,108000,795
TATCTATG,0.905047,0.9019399661897497,9,108000,795
TATCATGA,0.90489745,0.9206180678678927,9,108000,795
TATCGATT,0.9045437,0.9179173710468809,9,108000,795
TATCACAT,0.90451795,0.9387086133674185,9,108000,795
TATCTATT,0.9033798,0.8815816600008246,9,108000,795
TAACGATA,0.9026282,0.907269203809838,9,108000,795
TATCAGGT,0.9021163,0.8918587391250568,9,108000,795
GATAGATA,0.9017028,0.9238135488393188,9,108000,795
TATCAATT,0.90135384,0.8980538490083702,9,108000,795
TATCGTTA,0.8985143,0.907269203809838,9,108000,795
TATCACAC,0.89751303,0.9519956294066714,9,108000,795
TATCAACC,0.8963995,0.8999814455943594,9,108000,795
TATCGTTC,0.8950447,0.9060940914526039,9,108000,795
TATCTCTC,0.8935581,0.9031047705438503,9,108000,795
TATCAATG,0.8924586,0.9128355255019998,9,108000,795
TATATATT,0.890788,0.8876633818496681,9,108000,795
GATCTATA,0.89063877,0.8654290190904217,9,108000,795
TATCCATA,0.89022905,0.8797571434461716,9,108000,795
TATCACGA,0.88986766,0.8974147528140849,9,108000,795
GATCATTA,0.88906676,0.9107945408815404,9,108000,795
TATCAAGT,0.88893855,0.8977652249206285,9,108000,795
TATCAAGC,0.8877304,0.9089081763080856,9,108000,795
TATCAGTT,0.8854788,0.9296169546035542,9,108000,795
GATACATA,0.8831059,0.9525522615758876,9,108000,795
TATCCCTA,0.88274276,0.8932297035418298,9,108000,795
TATGGATA,0.88210535,0.8797571434461716,9,108000,795
GATCACTA,0.8799041,0.8728610893497711,9,108000,795
TATCAAGA,0.8787862,0.8567290644456356,9,108000,795
TATCATTG,0.87870467,0.9399455737434544,9,108000,795
GATCAGTA,0.8762151,0.8952191481466212,9,108000,795
TATCAAAG,0.875431,0.9340390879478827,9,108000,795
TATCAGGC,0.87224036,0.7901393642023666,9,108000,795
TATTAATC,0.8708525,0.8546056158001072,9,108000,795
TATCGTTT,0.870185,0.8701294685193585,9,108000,795
TATCTAAT,0.8693207,0.8712221168515235,9,108000,795
GATCCATA,0.86855793,0.8607801096771532,9,108000,795
TATCGATG,0.86835676,0.8720158330928133,9,108000,795
TATCTCTT,0.86806536,0.8459778171772564,9,108000,795
GATCAATC,0.86754185,0.8586257370222241,9,108000,795
TATCACTT,0.86622196,0.9290706304374717,9,108000,795
GATCTATC,0.8639175,0.8524203191357771,9,108000,795
TATCTCTA,0.8628927,0.8527192512266524,9,108000,795
TATAGATC,0.86187845,0.8654290190904217,9,108000,795
TATCGAAT,0.8614854,0.8419061559394714,9,108000,795
GATTAATA,0.8613773,0.8546056158001072,9,108000,795
TATCAGCA,0.8608236,0.8367830783820558,9,108000,795
TATCGCTA,0.8596935,0.864047746670515,9,108000,795
TATCGAAA,0.8593645,0.882581536304787,9,108000,795
TATCCCTC,0.8574709,0.8976827608955593,9,108000,795
TATCTAAA,0.85676455,0.8619758380406547,9,108000,795
TATCAGGA,0.8562567,0.8646765348616666,9,108000,795
TATCGTTG,0.85565495,0.8399476353440812,9,108000,795
TATACATA,0.8530877,0.8208159815280583,9,108000,795
GATCATTT,0.849962,0.8604605615800107,9,108000,795
TAGCGATA,0.8490377,0.864047746670515,9,108000,795
GATCAAAA,0.84896797,0.8754999381519812,9,108000,795
TATCTTTA,0.8487569,0.8577598647589989,9,108000,795
TATCTTTC,0.8481432,0.8339277615140395,9,108000,795
GATCTATT,0.8450493,0.8787675751453429,9,108000,795
TATCTCTG,0.84451455,0.8414010637859234,9,108000,795
TATCAACG,0.84395874,0.9195048035294603,9,108000,795
GATCCCTA,0.8427019,0.8678720158330928,9,108000,795
TATCTAAG,0.84005797,0.8843957448563065,9,108000,795
TATCTTTT,0.83838266,0.8813342679256174,9,108000,795
GATCACGT,0.8375782,0.8278666556714633,9,108000,795
TATCATAT,1.005891,0.9761988207644415,10,120000,894
TATCAAAT,0.99051404,0.9692615346555065,10,120000,894
TATCATGT,0.9855315,0.9466663917865831,10,120000,894
TATCACAT,0.9640601,0.9387086133674185,10,120000,894
TATATATA,0.9632843,0.9487692244258442,10,120000,894
TATCAGAT,0.9610246,0.9677874902073971,10,120000,894
TATCATTT,0.9561631,0.9565414587886035,10,120000,894
TATATATC,0.9538037,0.9730445718055498,10,120000,894
TATCACTC,0.94779587,0.9481816682472273,10,120000,894
TATCAGTT,0.944056,0.9296169546035542,10,120000,894
TATCATTA,0.9433459,0.9248546571558158,10,120000,894
TATCATTC,0.94130576,0.9412340741351586,10,120000,894
TATCAAAA,0.94058996,0.9173091988619964,10,120000,894
TATCAAAC,0.9385967,0.9073001278192389,10,120000,894
TATCAGTA,0.9367675,0.93715210489424,10,120000,894
GATATATA,0.93526256,0.9730445718055498,10,120000,894
TATCGATA,0.93510205,0.903001690512514,10,120000,894
TATCAACT,0.9344544,0.9025996783903023,10,120000,894
TATTGATA,0.9337176,0.9604275759699831,10,120000,894
TATCACAA,0.9298599,0.907743371953985,10,120000,894
TATCAAGT,0.9293466,0.8977652249206285,10,120000,894
TATCACTA,0.9284859,0.9022492062837587,10,120000,894
TATCATAA,0.9280098,0.9177215189873418,10,120000,894
TATCAATA,0.9271098,0.9604275759699831,10,120000,894
TATCACGT,0.92703086,0.8492557621737516,10,120000,894
TATCATTG,0.9263986,0.9399455737434544,10,120000,894
TATCATCA,0.92617387,0.9240506329113924,10,120000,894
TATCAGTC,0.92476255,0.9137632457840268,10,120000,894
TATATATG,0.92440057,0.9319774873211562,10,120000,894
TATAGATA,0.9240048,0.923947552880056,10,120000,894
TATCACTT,0.9220092,0.9290706304374717,10,120000,894
TATCATAG,0.9197047,0.9232466086669691,10,120000,894
TATCATGA,0.91950196,0.9206180678678927,10,120000,894
TATCAATC,0.91815436,0.9094751164804354,10,120000,894
TATCGTTC,0.91695577,0.9060940914526039,10,120000,894
TATCAATT,0.91277355,0.8980538490083702,10,120000,894
TATCACGC,0.9123152,0.904599430998227,10,120000,894
TATCTATC,0.9042497,0.9238135488393188,10,120000,894
TATCAGAA,0.9037952,0.8970024326887396,10,120000,894
TATCAACA,0.9033333,0.9309466870077928,10,120000,894
TATCGTTA,0.9028286,0.907269203809838,10,120000,894
TATCTATT,0.90278697,0.8815816600008246,10,120000,894
TATCAAAG,0.90260637,0.9340390879478827,10,120000,894
TATCAACC,0.9022162,0.8999814455943594,10,120000,894
TATATATT,0.90098727,0.8876633818496681,10,120000,894
TATCTATA,0.9001522,0.923947552880056,10,120000,894
TATCGTTT,0.89957124,0.8701294685193585,10,120000,894
TATCAAGC,0.899401,0.9089081763080856,10,120000,894
TATCGATC,0.8986538,0.9319774873211562,10,120000,894
GATAGATA,0.8965911,0.9238135488393188,10,120000,894
GATCAGTA,0.8960937,0.8952191481466212,10,120000,894
TATCACGA,0.8960481,0.8974147528140849,10,120000,894
TATCATGG,0.89394295,0.8570176885333773,10,120000,894
GATCACTA,0.8919874,0.8728610893497711,10,120000,894
TATCTTTT,0.8908952,0.8813342679256174,10,120000,894
TATCGTTG,0.8875716,0.8399476353440812,10,120000,894
GATCAAAT,0.8863062,0.7559477178081062,10,120000,894
GATCGATA,0.8857007,0.9319774873211562,10,120000,894
TATTGATC,0.8837117,0.9107945408815404,10,120000,894
TATCGATT,0.88307434,0.9179173710468809,10,120000,894
TATCTATG,0.88096625,0.9019399661897497,10,120000,894
TATCACTG,0.8800029,0.9295344905784851,10,120000,894
GATCATTA,0.8799627,0.9107945408815404,10,120000,894
GATCAATA,0.8798436,0.9107945408815404,10,120000,894
TATCCTCT,0.87908936,0.8584814249783531,10,120000,894
TATCTCTT,0.8767689,0.8459778171772564,10,120000,894
TATCTCTC,0.87668335,0.9031047705438503,10,120000,894
TATCAATG,0.8751361,0.9128355255019998,10,120000,894
TATCCATA,0.87490153,0.8797571434461716,10,120000,894
TATCCCTA,0.87371886,0.8932297035418298,10,120000,894
TATCTCAT,0.8735263,0.7936028532552674,10,120000,894
TATCAAGA,0.8721169,0.8567290644456356,10,120000,894
TATTAATA,0.8720122,0.904795283057766,10,120000,894
GATACATA,0.87186915,0.9525522615758876,10,120000,894
TATCTAAT,0.8716459,0.8712221168515235,10,120000,894
TATCAGCT,0.8711692,0.8572753886117183,10,120000,894
TATAGATC,0.8688714,0.8654290190904217,10,120000,894
GATCTATA,0.8668271,0.8654290190904217,10,120000,894
TATCTTTG,0.8653631,0.8194553251144188,10,120000,894
TATGGATA,0.86505866,0.8797571434461716,10,120000,894
TATCTTTA,0.8632579,0.8577598647589989,10,120000,894
TATCCGTA,0.8624503,0.8854883931884715,10,120000,894
GATCAATC,0.8622678,0.8586257370222241,10,120000,894
GATCACAA,0.861971,0.820630437471653,10,120000,894
TATCACCG,0.8608822,0.9123407413515854,10,120000,894
TATCTCTG,0.8604892,0.8414010637859234,10,120000,894
TATCTTTC,0.8599068,0.8339277615140395,10,120000,894
TATCGAAT,0.8595978,0.8419061559394714,10,120000,894
GATCTATC,0.85903883,0.8524203191357771,10,120000,894
TATCCCTC,0.8582873,0.8976827608955593,10,120000,894
GATCAGTC,0.85824996,0.8238774584587474,10,120000,894
TATCTAAA,0.85607636,0.8619758380406547,10,120000,894
GATTGATA,0.85572404,0.9094751164804354,10,120000,894
GATCCATA,0.8549427,0.8607801096771532,10,120000,894
TATCGATG,0.8549276,0.8720158330928133,10,120000,894
GATCAAGT,0.85243994,0.8437203644909909,10,120000,894
TATCGAAA,0.852239,0.882581536304787,10,120000,894
TATCAGCA,0.85121167,0.8367830783820558,10,120000,894
TATCAGTG,0.85104716,0.9098462045932462,10,120000,894
