{"run_id": "14:20:37-01/17/2025", "exp_name": "DirichletPPO", "model_name": "CNN_hidden_size_100_num_filters_32", "landscape_name": "TF_Binding", "rounds": 10, "sequences_batch_size": 100, "model_queries_per_batch": 5000}
sequence,model_score,true_score,round,model_cost,measurement_cost
GCTCGAGC,,0.5502102832639261,0,0,1
TCTCGAGC,0.50087935,0.2924689729105677,2,24000,2
GCGCGAGC,0.51418597,0.12242815321815857,3,36000,5
GCTCGAGC,0.5101199,0.5502102832639261,3,36000,5
GCGCGAGG,0.5004914,0.38677689358017564,3,36000,5
GCTCGAGG,0.5297117,0.3609759617366924,5,60000,9
GCTCTAGG,0.5124636,0.28876839978559354,5,60000,9
GCTCGAGA,0.5105498,0.2924689729105677,5,60000,9
GCTCGAGT,0.5016382,0.3047767286521255,5,60000,9
GCTCGAGC,0.52286136,0.5502102832639261,7,84000,10
GCTCGAGC,0.52511746,0.5502102832639261,8,96000,11
GCTCGAGC,0.5730213,0.5502102832639261,9,108000,15
GCTCGATC,0.5140885,0.6426112233538119,9,108000,15
GCTCGGGC,0.5083015,0.21069558405145752,9,108000,15
GTTCGAGC,0.5078037,0.21334474085680122,9,108000,15
GCTCGATC,0.59816164,0.6426112233538119,10,120000,20
GCTCGAGC,0.5639124,0.5502102832639261,10,120000,20
GCTCGAAC,0.52124894,0.21334474085680122,10,120000,20
GCTAGATC,0.51913524,0.6526821424153713,10,120000,20
GCTCTATC,0.5089348,0.5012266523729023,10,120000,20
