{"run_id": "02:37:19-01/15/2025", "exp_name": "BO_method=EI", "model_name": "Ens(CNN_hidden_size_100_num_filters_32)", "landscape_name": "TF_Binding", "rounds": 10, "sequences_batch_size": 100, "model_queries_per_batch": 500}
sequence,model_score,true_score,round,model_cost,measurement_cost
GCTCGAGC,,0.5502102832639261,0,0,1
GTTCACTG,0.30061853,0.5094008988578733,1,600,101
ACACCTAT,0.27990267,0.7181688863233414,1,600,101
GGGAGTGG,0.2697075,0.5319445017111285,1,600,101
ACACGACT,0.29448065,0.6370861336741847,1,600,101
ACTCCTTG,0.32885912,0.5286356327052323,1,600,101
GCTCCTTG,0.3421882,0.43668824475322643,1,600,101
ATTATTGT,0.30267018,0.7567723580587968,1,600,101
GGGTATCG,0.27981183,0.9729105677648127,1,600,101
GCGCGTGA,0.31455472,0.37871603512967467,1,600,101
GCGTATGG,0.32991567,0.5108234032903146,1,600,101
ACATCTAT,0.27496773,0.6042757596998309,1,600,101
GCGAATTG,0.26423058,0.3929204634478209,1,600,101
GCTCACGG,0.38946867,0.2915721766379417,1,600,101
GCGGCCGA,0.26877517,0.408279388116934,1,600,101
CCACGACT,0.30547273,0.3792005112769555,1,600,101
ACTTAAGC,0.42789993,0.36614027130664245,1,600,101
GCTTAAGG,0.4197769,0.3072094173916629,1,600,101
GCCCGCTA,0.272462,0.3606976456520843,1,600,101
CCTAGTTG,0.3377295,0.3912093349276378,1,600,101
CCTAGCGG,0.36469024,0.3086422298272379,1,600,101
GGCAAACA,0.24589787,0.27417226734836925,1,600,101
GCCCAATA,0.21126492,0.5261204799406258,1,600,101
AGTTACTC,0.29618618,0.39110625489630146,1,600,101
CAAACTTG,0.2718589,0.3834061765554777,1,600,101
ACACAACT,0.2799191,0.4366263967344246,1,600,101
GCATAATG,0.22736125,0.5721147899228961,1,600,101
GCTTTAGC,0.45537224,0.3706448686760401,1,600,101
ACAAACGT,0.2547296,0.2901702882117676,1,600,101
GCCGGATA,0.21908097,0.8026223559971962,1,600,101
ATTATCGT,0.2747222,0.7890570238733352,1,600,101
CCAAGCGT,0.3195364,0.2839957943347215,1,600,101
GCGAGTGG,0.3239275,0.19711994392446297,1,600,101
GTTGATTC,0.32180133,0.5460973900136066,1,600,101
GTCTGTGA,0.26796746,0.48973322887890164,1,600,101
ACCGGTGT,0.2696011,0.7379499443367831,1,600,101
GCTCTCGC,0.4061122,0.2040159980208634,1,600,101
AGTTCCTC,0.3227515,0.20927307961901617,1,600,101
GCTTATTC,0.33453932,0.5333257741310353,1,600,101
GGCGGATA,0.2164703,0.8386488269492435,1,600,101
CACAACTG,0.25242496,0.38856017812229415,1,600,101
GCTCATTC,0.38575605,0.39626025646311797,1,600,101
GTTGACTC,0.2841254,0.5006597122005525,1,600,101
GCTCGCGT,0.33393392,0.19339875479322147,1,600,101
GCGCATGG,0.3581895,0.3574712406712572,1,600,101
GCTTCTTT,0.28246,0.3198367212303633,1,600,101
GCTATAGA,0.36323154,0.5768873953737682,1,600,101
ATCTGTGA,0.2772869,0.7447532264049809,1,600,101
ACTCACGG,0.37790662,0.44017234981239434,1,600,101
GCAGGAGA,0.2609096,0.6200676205005566,1,600,101
CCACCACT,0.2890115,0.40576423535232753,1,600,101
GCGTGTGA,0.28557003,0.5397682760895559,1,600,101
ACTCGCGT,0.33531284,0.40554776728652125,1,600,101
GCTTATTA,0.26670656,0.6830082876345194,1,600,101
ACTTTAGC,0.45497018,0.4434709108151569,1,600,101
GCCGCCAA,0.26485035,0.16197996124190822,1,600,101
ACACATGG,0.31128678,0.4228858285572919,1,600,101
ACGGGCGA,0.27061707,0.5567558652537831,1,600,101
TATAGTTG,0.26560867,0.6782047581742464,1,600,101
TCGAATTG,0.23618238,0.4619531604337608,1,600,101
GCCAGCTG,0.29008138,0.212087164474498,1,600,101
GCGTGTGG,0.31631848,0.46259225662804604,1,600,101
GATCACTG,0.28343728,0.8977343009112275,1,600,101
ACCCGCGT,0.29428232,0.40593947140559933,1,600,101
GTCGGCGA,0.25171936,0.20794334721477753,1,600,101
ACTTAGGC,0.35846943,0.2186842864800231,1,600,101
TCTCAAGA,0.33623746,0.5579515936172844,1,600,101
GCTTCATG,0.33278587,0.2970560343050344,1,600,101
AGGTATAT,0.24164306,0.8896940584669938,1,600,101
GCGGGAGC,0.31637514,0.15059992578237744,1,600,101
AGGTATCG,0.27210414,0.9741062961283141,1,600,101
ACTAAAGA,0.33885175,0.4118253411949037,1,600,101
GCTGTAGC,0.41958353,0.2763678720158331,1,600,101
ATCGACAA,0.27521318,0.6956458994763535,1,600,101
CACAATTG,0.22766903,0.6843483280418917,1,600,101
GCTTCTTG,0.33372897,0.4281532181585783,1,600,101
GGGTAACG,0.26676166,0.43788397311672783,1,600,101
ATCGGAAA,0.25196207,0.7865727951181296,1,600,101
ACTATAGA,0.35993117,0.6745866490743413,1,600,101
GTCGACAA,0.2560042,0.2918195687131489,1,600,101
GTTGACTT,0.22277014,0.4834556549705191,1,600,101
TTGAATTG,0.23735948,0.4240712489176597,1,600,101
GGAGGGGT,0.23421842,0.6164804354100524,1,600,101
GCCAAAAA,0.24827422,0.4058157753679957,1,600,101
GCCGAATA,0.22499146,0.6482084690553747,1,600,101
GCGCGTGG,0.35406107,0.14891972127159525,1,600,101
AGTTAGGC,0.32134464,0.27472889951758545,1,600,101
TCTGAAGT,0.29436588,0.47267348369273904,1,600,101
GCCGACAA,0.26216036,0.3356182740279553,1,600,101
GCTTTCGC,0.38290453,0.2881499195975756,1,600,101
ACCAGTAT,0.2611401,0.7562775739083825,1,600,101
ATATATAT,0.24330938,0.9705191110378097,1,600,101
ACAGGAGA,0.26279396,0.5551684327712035,1,600,101
GTCGGAAA,0.21479064,0.37678843854368527,1,600,101
ATCAGTAT,0.26494235,0.8953325361810909,1,600,101
GAGAGTTG,0.28238517,0.34935884220508806,1,600,101
GCCGGCGA,0.27558702,0.3247948707376407,1,600,101
CACAGCTG,0.27740762,0.28626355502412076,1,600,101
ACTTACGC,0.38933086,0.38666350554570567,1,600,101
GCATATTG,0.2243371,0.5238939512637613,1,600,101
GCTGATTC,0.32790324,0.42719457386715043,1,600,101
ATCAGCAA,0.5746726,0.7376303962396404,2,1200,201
CCGCATCA,0.43003625,0.5665484682307343,2,1200,201
GCCCACAA,0.33147475,0.3683049519647054,2,1200,201
GCCCGCCA,0.30966732,0.3366181503319177,2,1200,201
ACGAACTC,0.45366144,0.41460850204098465,2,1200,201
ATGATGTT,0.6298459,0.594081144600668,2,1200,201
ACGCTGTA,0.4469253,0.5908135076073063,2,1200,201
ACGAGATC,0.51899856,0.8017770997402383,2,1200,201
TTTGGTTG,0.49445733,0.49764977528553167,2,1200,201
GTAAAATA,0.47872376,0.5400775161835649,2,1200,201
GTTTGCTA,0.39733478,0.3731394054343793,2,1200,201
GTTTAATA,0.42984635,0.6648249701067909,2,1200,201
TGCAGAAA,0.5456797,0.3570795365521791,2,1200,201
ATTATATA,0.60078686,0.8700882365068239,2,1200,201
CCTGGTTG,0.46319467,0.30780728157341364,2,1200,201
AACAGTAA,0.6391199,0.4117841091823692,2,1200,201
GCGCGTTT,0.3937189,0.21345812889127116,2,1200,201
ACGCTTTA,0.48057935,0.14578608831897086,2,1200,201
TCTGGTTG,0.4337871,0.4923514616748444,2,1200,201
CGCTCTCA,0.43534288,0.4963406588875603,2,1200,201
GACCACAA,0.37306812,0.23584711169752196,2,1200,201
CCGCATCT,0.4509461,0.4166082546489094,2,1200,201
GACAGTAA,0.5300273,0.66181503319177,2,1200,201
CCGCTTCT,0.3935658,0.5168742011297572,2,1200,201
AGTGGTAA,0.5928656,0.429369562528347,2,1200,201
GTACTGTA,0.4173969,0.48055910608996827,2,1200,201
GTGCAGGG,0.40617904,0.26733806127077064,2,1200,201
ATACTGTT,0.49714115,0.7906032243433803,2,1200,201
ACTCTTCA,0.43699187,0.49493877046138623,2,1200,201
GTCCGACA,0.38120613,0.4058054673648621,2,1200,201
TCTGGGTG,0.41615573,0.45018142085515195,2,1200,201
GTTTACTA,0.4005466,0.6083886529501505,2,1200,201
GTCATAAG,0.46898475,0.2830680740526945,2,1200,201
ATCCGACA,0.46699753,0.8287016039252876,2,1200,201
TCCGGGAA,0.49305737,0.4413680781758958,2,1200,201
CTGCGTTT,0.50571626,0.3441120686100688,2,1200,201
ACGCATCT,0.49581912,0.6439409557580505,2,1200,201
AGATTCGC,0.43472525,0.4692821506617738,2,1200,201
GTACTGTT,0.3968071,0.42501958520595395,2,1200,201
ATCAACAA,0.5448187,0.8687894281119861,2,1200,201
GTGCAAGT,0.4081757,0.3539974436152229,2,1200,201
ACGGGCTA,0.4997385,0.3466993773966107,2,1200,201
ACGCGCCT,0.3751257,0.3689028161464561,2,1200,201
TCCAGAAA,0.53649765,0.5149259885375005,2,1200,201
ATTTTGTT,0.44937128,0.4947635344081145,2,1200,201
CCGGGTTA,0.5063373,0.44520265534160725,2,1200,201
ATTTCTCA,0.51320463,0.2825629818991465,2,1200,201
CTGGGTTA,0.5972274,0.3866428895394385,2,1200,201
GCCCTACA,0.35773182,0.303106832144477,2,1200,201
CCCCGCCA,0.32363093,0.614047746670515,2,1200,201
GCCAGAAA,0.51070386,0.41757720694347095,2,1200,201
GTTATTTG,0.5374434,0.5260998639343587,2,1200,201
TTGCTTGG,0.4657363,0.4305652908918484,2,1200,201
GCTTACCC,0.36252582,0.37950975137096443,2,1200,201
CCCGGTAA,0.58197886,0.3919721271595267,2,1200,201
CCGGGCTA,0.46732244,0.3762111903682019,2,1200,201
CTGCGTGG,0.46422035,0.40178534614274525,2,1200,201
GACAGTAC,0.48432237,0.4311013070547973,2,1200,201
GCTCAATG,0.42915624,0.3059724570156269,2,1200,201
ATCAGTAA,0.7477526,0.9002700696821012,2,1200,201
GTTGGTTG,0.4924538,0.2331979548921783,2,1200,201
GACTTGTC,0.39625788,0.14069393477095618,2,1200,201
GCCAACAA,0.37763917,0.21770502618232795,2,1200,201
TTGCTAGG,0.41746035,0.4390693934770956,2,1200,201
GCTATTTG,0.44101048,0.48040448604296376,2,1200,201
TCCGGTAA,0.5546523,0.5030202449181544,2,1200,201
ACCCGCCA,0.36082527,0.43557498041479403,2,1200,201
GCTGGTTG,0.44985655,0.18382261988207643,2,1200,201
GTCAGTAC,0.55564576,0.35890405310683215,2,1200,201
GTCCGCCA,0.31231043,0.23520801550323672,2,1200,201
CCACTGCT,0.39584288,0.27760483239186906,2,1200,201
GATCACAA,0.46297204,0.820630437471653,2,1200,201
ATTTTGTA,0.4727219,0.4839607471240671,2,1200,201
ACTATCAA,0.49221325,0.905918855399332,2,1200,201
TTACTGTT,0.44352934,0.4117841091823692,2,1200,201
GACTGACA,0.39190587,0.5489011668659547,2,1200,201
GCGGTTTT,0.48145515,0.3895909784356575,2,1200,201
GCGCTGTA,0.41385466,0.435183276295716,2,1200,201
GCGGGCTA,0.43119454,0.2818001896672576,2,1200,201
GTAATATA,0.52168727,0.8491217581330145,2,1200,201
ATTACGCT,0.42603338,0.496938523069311,2,1200,201
ATGGGCTA,0.56720155,0.4038366387663382,2,1200,201
GTTCTTCA,0.51471364,0.43694594483156723,2,1200,201
CTACTGCT,0.43196863,0.2864284830742589,2,1200,201
ACCCACCA,0.31940484,0.48297117882323837,2,1200,201
ATCATGCT,0.5368823,0.733795819073929,2,1200,201
CTGCAAGT,0.3979475,0.5218014266276337,2,1200,201
ATTCTTCA,0.53633946,0.4709005071537542,2,1200,201
GCCAGCAA,0.4419709,0.272718838906527,2,1200,201
ACCAACAA,0.46204793,0.45935554364408526,2,1200,201
GCCAGTGA,0.4751117,0.34589535315218733,2,1200,201
GCGAACTC,0.40788573,0.23953737681936252,2,1200,201
GCTAATTG,0.468913,0.5172246732363007,2,1200,201
GCTTAACC,0.3782071,0.2954479858161877,2,1200,201
TTCTCGCT,0.39124772,0.32858821589081766,2,1200,201
CAGGGCGA,0.452844,0.47053972704407704,2,1200,201
ACGCGTCT,0.42702138,0.46677730590030103,2,1200,201
GCCCGACA,0.36400446,0.28308869005896176,2,1200,201
ATCGGTAA,0.699324,0.7768935801756482,2,1200,201
GATCAGGA,0.44475317,0.8098998062095412,2,1200,201
TTATGCCA,0.4891724,0.651847194161547,3,1800,301
TTCCGAGT,0.44008127,0.542293736857296,3,1800,301
TACGTTAT,0.46945986,0.6419824351626603,3,1800,301
AGTCGAGT,0.4014229,0.4847853873747578,3,1800,301
GGCTGCAA,0.3643358,0.42295798457922734,3,1800,301
CTCAGTAA,0.7445522,0.34406052859440067,3,1800,301
TGTTGCCT,0.32424578,0.30118954356162125,3,1800,301
TCTCGGCG,0.34292883,0.3938894157423824,3,1800,301
AGCCGTGG,0.4899732,0.3138786954191234,3,1800,301
TACTTGCT,0.3818033,0.3783758710262648,3,1800,301
TTATCCCC,0.46401393,0.9208139199274317,3,1800,301
GTCAGTAA,0.6262753,0.33326804931348697,3,1800,301
CACGTTAT,0.46362913,0.550777223436276,3,1800,301
ATACGTAC,0.6325026,0.8306704325238115,3,1800,301
AGCTGGCT,0.44752285,0.44509957531027095,3,1800,301
CTACGTAC,0.53629696,0.5268523481631138,3,1800,301
GTCTTGCT,0.38460195,0.36835649198037357,3,1800,301
ACCGGTGC,0.39895362,0.2983033026842041,3,1800,301
ATCAAGGC,0.5746833,0.5086174906197172,3,1800,301
ATATGCCC,0.4876671,0.8454314930111739,3,1800,301
TTCCGAGA,0.44607678,0.4406568259596751,3,1800,301
ATCCGTGG,0.5371165,0.7193646146868429,3,1800,301
ATAGAAAA,0.6901681,0.587927266729889,3,1800,301
GTAGAAAA,0.5164494,0.3119614068362677,3,1800,301
TCCTAGTA,0.4304528,0.5318620376860596,3,1800,301
AGCCTCAT,0.53987664,0.4674370181008535,3,1800,301
GCCGGTGG,0.3119626,0.37771615882571224,3,1800,301
TTATATAA,0.69037986,0.815744443986311,3,1800,301
ACCCCTCT,0.43591058,0.6290046592174164,3,1800,301
ATCTGGCT,0.5173702,0.6544757349606234,3,1800,301
GTCTGTGC,0.42259645,0.2730177709974024,3,1800,301
ATATGTCC,0.6195489,0.7796045849997939,3,1800,301
GTCTCGCG,0.32364088,0.5400259761678967,3,1800,301
TGTTGTCT,0.43206498,0.36092442172102424,3,1800,301
GTCCACGC,0.35255754,0.24615511483115493,3,1800,301
ATATCCCC,0.48600253,0.9522120974724776,3,1800,301
AGTCCCCA,0.3750459,0.29395332536181096,3,1800,301
CCCCCTCG,0.32276893,0.4978559353482044,3,1800,301
TCTCGAAA,0.4409683,0.4281222941491774,3,1800,301
TCTCGCCT,0.3524384,0.2097678637694306,3,1800,301
ACCAATAT,0.7071567,0.795581989856925,3,1800,301
CCCCCGCG,0.3239334,0.5469117222611636,3,1800,301
CACCTTAT,0.46791404,0.6888529254112894,3,1800,301
TCCAATAT,0.58956176,0.836556302313116,3,1800,301
ACGGGTGG,0.35051242,0.5231930070506742,3,1800,301
ATCTGTGA,0.5935094,0.7447532264049809,3,1800,301
GCCTGCTT,0.35442528,0.28161464561085225,3,1800,301
GCCGGTGC,0.29281387,0.34757555766296955,3,1800,301
AACCCGCG,0.32597628,0.45444893415247595,3,1800,301
CGCCCGCG,0.3209024,0.3239289984744156,3,1800,301
ACCGGTGA,0.46934152,0.5848760978023337,3,1800,301
TTCTTGCT,0.41971466,0.30776604956087905,3,1800,301
TCCTGGTA,0.39385837,0.6454768482249619,3,1800,301
GCCGGTGA,0.34610885,0.5634457592875108,3,1800,301
GTCTAGTA,0.39960578,0.5980806498165175,3,1800,301
GTCTTCCT,0.35045397,0.38097348781594026,3,1800,301
ATCAGGGC,0.5762026,0.6030594153300622,3,1800,301
GCCTGGTA,0.34904417,0.5987919020327382,3,1800,301
AACCTTAT,0.53885555,0.5678678926318393,3,1800,301
GTCTAGGC,0.38979378,0.2787077887271677,3,1800,301
ATGAGTGA,0.6508153,0.7544221333443285,3,1800,301
AGCCTCGC,0.35159546,0.5047416814414711,3,1800,301
GTCTACCA,0.41329995,0.39110625489630146,3,1800,301
AGCCGGGG,0.4449468,0.32462994268750256,3,1800,301
TTATGAAA,0.61555547,0.6630416855646724,3,1800,301
TGCAGTCT,0.4807081,0.22840473343503898,3,1800,301
GGCTGTAA,0.46023425,0.2476910072980662,3,1800,301
TTATGTAA,0.6750925,0.684760648167237,3,1800,301
AAAAAGTT,0.5126028,0.452428565538284,3,1800,301
AGTCCTCA,0.44353378,0.47636374881457966,3,1800,301
ATCAATAG,0.8071263,0.8633777264668289,3,1800,301
ATCCGAGA,0.5794943,0.8104873623881582,3,1800,301
GGCCATGC,0.4113818,0.2978703665525914,3,1800,301
ACCCATAA,0.58454245,0.5870098544509958,3,1800,301
AGTCCTCT,0.45218602,0.43217333938069513,3,1800,301
TGTCCGCG,0.3246573,0.3091885539933204,3,1800,301
ACGAGTGA,0.52318895,0.4483465962973653,3,1800,301
TCTCGACT,0.37150273,0.5267286521255102,3,1800,301
GTCTACCT,0.39800912,0.505896177792438,3,1800,301
ACGAATAA,0.6467464,0.5809384406052859,3,1800,301
GTCTGCAA,0.37406477,0.3374840225951429,3,1800,301
GGCAGTAA,0.5388881,0.2691213458128891,3,1800,301
TGTCGAGT,0.3588014,0.4171648868181256,3,1800,301
TACATTAG,0.5312046,0.6384467900878241,3,1800,301
ATACGTAA,0.6901859,0.7114583762833464,3,1800,301
ACCCATAT,0.6010471,0.842452480105554,3,1800,301
ATCTCGCG,0.4382913,0.6377149218653363,3,1800,301
ACCCCTCG,0.37847242,0.6575990599101142,3,1800,301
TTATCTAA,0.63155293,0.7095720117098916,3,1800,301
TCTCCGCG,0.34898192,0.44843936832556797,3,1800,301
CCCGGTGC,0.34492382,0.416845338720983,3,1800,301
TGCAATAT,0.6607048,0.7063559147321982,3,1800,301
ATATGTAA,0.74615324,0.7161175936997485,3,1800,301
ACCACTAG,0.54753506,0.4730651878118171,3,1800,301
AGCCTTGC,0.42401397,0.2208077351255515,3,1800,301
ATCAGTGA,0.7013106,0.8029934441100071,3,1800,301
GTCTGGGC,0.31700844,0.2679359254525213,3,1800,301
CCTGTGAG,0.38643736,0.4572424030016905,3,1800,301
ATGGGTGG,0.4691955,0.3761287263431328,3,1800,301
TTCTAGTA,0.4776602,0.5290479528305777,3,1800,301
ACCCATTA,0.6210532,0.3755720941739166,4,2400,401
ATATACCC,0.8552698,0.9668803859316373,4,2400,401
TTAAAAAC,0.51738393,0.6520842782336207,4,2400,401
GCCCACGG,0.29827496,0.24437183028903642,4,2400,401
AGAAAGAA,0.6388138,0.47741516513421023,4,2400,401
ACCCATAG,0.7243752,0.5007937162412898,4,2400,401
GCCGTCGT,0.27686033,0.18288459159691586,4,2400,401
ACCGGCAA,0.55088633,0.26232837174782503,4,2400,401
ATCCAAAA,0.74427646,0.76398796025234,4,2400,401
ATCAATAT,0.98195606,0.904176802869748,4,2400,401
TTCCGTAG,0.61824566,0.5077000783408239,4,2400,401
GTACAGGC,0.4079653,0.20603636663505545,4,2400,401
AATTCGAC,0.44840372,0.3310415206366223,4,2400,401
ATCCAAAG,0.74207616,0.6822145713932296,4,2400,401
GAACCGGC,0.42429918,0.23727992413309693,4,2400,401
ATCTACTA,0.5919718,0.8418339999175359,4,2400,401
TGAAAAAC,0.40033257,0.3854368531728034,4,2400,401
ACAAGGAA,0.66741276,0.26310147198284745,4,2400,401
AGAAGGAA,0.6933487,0.4473570279965365,4,2400,401
ATCTGGAT,0.7867943,0.7670700531892963,4,2400,401
CACCTGGT,0.3930471,0.35321403537706675,4,2400,401
ATCGGCAA,0.65181404,0.6229538613779738,4,2400,401
CCCCTTGT,0.41604963,0.6588154042798829,4,2400,401
TATTACAC,0.5818859,0.7822434338020038,4,2400,401
AAGCCGGC,0.392045,0.30444687255184927,4,2400,401
GGAAAGAA,0.43692103,0.4033727786253247,4,2400,401
ATCAGAAG,0.8393458,0.5813507607306313,4,2400,401
TTCGGAAT,0.6019367,0.40784645198532143,4,2400,401
ATCAATGT,0.7971127,0.7064383787572671,4,2400,401
ATGTACTC,0.493285,0.5279037644827443,4,2400,401
GTACGTGT,0.4674933,0.4893724487692244,4,2400,401
ATATAGTA,0.68949974,0.8904259266894817,4,2400,401
GCCCCGTT,0.3834402,0.39652826454459245,4,2400,401
ATCAGAAA,0.91602165,0.7415989774460892,4,2400,401
GTAGGTAT,0.631374,0.8492660701768854,4,2400,401
AGCAGAAA,0.76253,0.4199377396610729,4,2400,401
CTCGGCAA,0.4389032,0.35596627221374677,4,2400,401
GTACGTAT,0.587131,0.8306704325238115,4,2400,401
GTCAATGT,0.5279681,0.5505092153548015,4,2400,401
ACCCATAC,0.64120287,0.5919267719457386,4,2400,401
GAACAGGC,0.4762645,0.44223395043912095,4,2400,401
ACACATTC,0.5132897,0.31356945532511443,4,2400,401
TTCCGTAA,0.5984262,0.41070176885333776,4,2400,401
GTACATGC,0.5454723,0.3871376736898528,4,2400,401
GTTCGTGT,0.40969583,0.2867274151651342,4,2400,401
AGACAGAG,0.61388725,0.3853853131571352,4,2400,401
ACCACTAT,0.6929741,0.512720075866903,4,2400,401
ACTAAACG,0.42764533,0.49979383993732734,4,2400,401
AAGACGGC,0.43665874,0.364130210695584,4,2400,401
GCCGACGT,0.3543474,0.32869129592215396,4,2400,401
ATCCGAAA,0.83014894,0.7905723003339793,4,2400,401
ATCTGAAT,0.8134804,0.6099451614233291,4,2400,401
ACCGACAC,0.470884,0.6878736651135943,4,2400,401
ACATATCC,0.772478,0.8884261740815569,4,2400,401
ATCAAAAA,0.8437292,0.8764173504308745,4,2400,401
TTAATAAC,0.6498812,0.518843029728281,4,2400,401
ATATACTA,0.7201644,0.8930544674885581,4,2400,401
ATCCGAAG,0.7703947,0.6734836927390425,4,2400,401
TGAAAGAA,0.46792582,0.6254071661237786,4,2400,401
AGCAAAAA,0.6534058,0.4965158949408321,4,2400,401
ATATGTAT,0.9037195,0.8784995670638683,4,2400,401
GTCGTCGT,0.29524788,0.19036820187193337,4,2400,401
ACAAAACA,0.5718849,0.50022677606894,4,2400,401
GTCTATTA,0.5735728,0.5246670514987836,4,2400,401
ATATGGAT,0.8067036,0.885364697150868,4,2400,401
ATCTATTA,0.7726253,0.8375974106296129,4,2400,401
ACAAAACC,0.5114038,0.4283903022306519,4,2400,401
GCCAACGG,0.28269592,0.24594895476848225,4,2400,401
GTATGTTT,0.6150526,0.6692780274605203,4,2400,401
AAGCCGGG,0.42006972,0.3675318517296829,4,2400,401
ATACGGAG,0.7425686,0.5888034469962479,4,2400,401
GACCCCTT,0.39523143,0.3945800519523358,4,2400,401
GTCCGGTT,0.51042163,0.4382756772358059,4,2400,401
ACCGACAA,0.5290557,0.28615016698965073,4,2400,401
TTAGGAAC,0.5544575,0.41824722714715706,4,2400,401
TTCGCCGG,0.38452318,0.4912485053395456,4,2400,401
ATCCACTA,0.651664,0.7664618810044118,4,2400,401
TGATAAAC,0.66714543,0.6462396404568507,4,2400,401
TGAATAAC,0.5849263,0.5869892384447285,4,2400,401
ATTAAACG,0.5319613,0.6766070176885334,4,2400,401
TGAATAAA,0.6545616,0.4673442460726508,4,2400,401
ATTCAACG,0.5043827,0.43614192058714385,4,2400,401
ACCCATTC,0.5749767,0.3803962396404568,4,2400,401
TTCCGGAG,0.5706301,0.30177709974023836,4,2400,401
GTCAGTGT,0.43741602,0.5515297076650312,4,2400,401
TTCGGAAA,0.6024146,0.2025419535727539,4,2400,401
ATCTACCC,0.64826035,0.8322475570032574,4,2400,401
ATCCGTAG,0.7769044,0.6944295551065847,4,2400,401
GTATATAT,0.83733934,0.9564074547478663,4,2400,401
GTCCAGTT,0.46507537,0.39905372531233246,4,2400,401
ATATATAT,1.0152026,0.9705191110378097,4,2400,401
GGCCGCTT,0.3390024,0.22076650311301693,4,2400,401
ATAAGGAA,0.81214243,0.6072650806085845,4,2400,401
ATCGACAC,0.63285327,0.7369809920422217,4,2400,401
ACAGATCG,0.6674627,0.8042097884797756,4,2400,401
ATCTGATT,0.89110285,0.7696367459695708,4,2400,401
TTCCGGAC,0.5531513,0.17440110501793588,4,2400,401
GCCCAGTT,0.41676748,0.16420648991877293,4,2400,401
ATATGTTT,0.7854409,0.7614109594689317,4,2400,401
ATCGGTAA,0.77277833,0.7768935801756482,4,2400,401
GACATCGA,0.5159375,0.5390260998639345,5,3000,501
TTTTGCGC,0.30062184,0.5830000412320125,5,3000,501
GACATCGC,0.4784221,0.2071083989609533,5,3000,501
GAGAGCGC,0.39238435,0.4437389188966313,5,3000,501
AGCCGTAC,0.44516048,0.39083824681482704,5,3000,501
ATCCCATA,0.6837273,0.8060652290438296,5,3000,501
GCTTAATA,0.5126486,0.6689894033727787,5,3000,501
CACCGATT,0.5031832,0.5354801467859646,5,3000,501
ACGGATCC,0.59494936,0.8424834041149548,5,3000,501
ATCGGAAT,0.71432436,0.6412814909495733,5,3000,501
GTCCATAC,0.51486856,0.4743743042097885,5,3000,501
TGTCTGTC,0.3738464,0.35344081144600664,5,3000,501
TATCTTTC,0.66801053,0.8339277615140395,5,3000,501
GCAAGAAG,0.34435928,0.3646249948459984,5,3000,501
GGTAACGC,0.35301802,0.33131983672123033,5,3000,501
CCTTAATA,0.5221657,0.7017997773471324,5,3000,501
GTTCTCAC,0.46240303,0.45554158248464105,5,3000,501
TCTCACGC,0.39607012,0.4971240671257164,5,3000,501
AGATGCAC,0.67011243,0.5485094627468767,5,3000,501
GCTTACTC,0.3619082,0.34023625943182284,5,3000,501
GGCCACGC,0.21370108,0.20999463983837052,5,3000,501
CATCGCGA,0.5081135,0.4543561621242733,5,3000,501
GGTAGCAA,0.47265473,0.3668309075165959,5,3000,501
TTCTGTAT,0.5619874,0.8346390137302603,5,3000,501
ATCAGAAG,0.7028595,0.5813507607306313,5,3000,501
GTTCTAAC,0.4082988,0.41238197336411986,5,3000,501
GTTTATAC,0.6671705,0.7708737063456068,5,3000,501
CAAGGGTC,0.33708215,0.36020286150166986,5,3000,501
TTTTACGC,0.42280957,0.3615532099121758,5,3000,501
CGCCGTAC,0.35498077,0.3540180596214901,5,3000,501
AGATGTTC,0.60630417,0.36308910237908715,5,3000,501
GTCTATAC,0.5918045,0.764884756524966,5,3000,501
GAGAACGC,0.47245803,0.2974580464272461,5,3000,501
GGATAGTC,0.5718639,0.7509998763039624,5,3000,501
AGATAGTC,0.6469795,0.7113140642394755,5,3000,501
CTCTATCC,0.72018665,0.7299612419082177,5,3000,501
GTCTACGC,0.37165484,0.2579990104316992,5,3000,501
TCGTCCAT,0.3001458,0.5309343174040325,5,3000,501
GGTTGATC,0.43707678,0.7657712447944585,5,3000,501
GCTAGCAA,0.43804607,0.2880880715787737,5,3000,501
GTTTACCT,0.54533094,0.5844328536675875,5,3000,501
CAAGGATT,0.44716614,0.5440976374056817,5,3000,501
TCTTCCCT,0.35340044,0.3564507483610275,5,3000,501
CTCCATGC,0.48651,0.3430709602935719,5,3000,501
ATTTGCGC,0.34263244,0.3407825835979054,5,3000,501
CCGGATCC,0.5621858,0.8634808064981652,5,3000,501
ATCTGAAT,0.75252897,0.6099451614233291,5,3000,501
GGTTGCGC,0.2481708,0.27127571846781845,5,3000,501
GTATATAA,0.815613,0.8407825835979055,5,3000,501
GCTTGATA,0.5184919,0.9089081763080856,5,3000,501
CGATAGTC,0.5582357,0.7976642064899188,5,3000,501
CTGGATCC,0.6094604,0.7834700861749062,5,3000,501
AGATATTC,0.77203476,0.736826371995217,5,3000,501
TCGGATCC,0.5541501,0.836133674184637,5,3000,501
ATCCATAC,0.7973864,0.7143858491732982,5,3000,501
GTGTTTAA,0.53386396,0.5285531686801633,5,3000,501
GTTCAAAC,0.41263556,0.37101595678885085,5,3000,501
AGCCCGCA,0.4315027,0.3208159815280584,5,3000,501
GCTTGATC,0.42709,0.8098585741970066,5,3000,501
CACCGCTT,0.32116747,0.3526264791984497,5,3000,501
CCAGAGTC,0.3747375,0.2912732445470663,5,3000,501
TCTTACGC,0.34330153,0.3406898115697027,5,3000,501
GCTTATAC,0.53773946,0.6989856924916504,5,3000,501
TCTCTTTC,0.45646936,0.5433348451737929,5,3000,501
GGTTAGGC,0.34880272,0.36151197789964123,5,3000,501
TTCTATAT,0.7540672,0.8683667999835072,5,3000,501
CATCGCTG,0.5416598,0.4947326103987136,5,3000,501
CCTTGAAA,0.3665261,0.31471364367294763,5,3000,501
GCTCTTTC,0.38228163,0.33110336865542406,5,3000,501
GTCTTTAA,0.456787,0.49996907599059914,5,3000,501
GTCTACCT,0.496548,0.505896177792438,5,3000,501
TTGAATAT,0.6604787,0.7775636003793345,5,3000,501
ATTCGCGG,0.38152578,0.5056797097266318,5,3000,501
CTCAGAAG,0.47093707,0.24626850286562488,5,3000,501
TCTAACGC,0.37273282,0.6375603018183318,5,3000,501
GCTTGCGC,0.26282415,0.16129963303508846,5,3000,501
GGATGCAC,0.5386965,0.19308951469921246,5,3000,501
GCTCGATC,0.44519842,0.6426112233538119,5,3000,501
GCGTCTAT,0.4165413,0.5383251556508474,5,3000,501
CCTTGCGA,0.32911846,0.38455036490331096,5,3000,501
GCTTACCT,0.40917674,0.35985238939512637,5,3000,501
CGATTGTC,0.43548495,0.29098462045932466,5,3000,501
GCTAGGAT,0.37301648,0.6485795571681854,5,3000,501
TTTTCCCT,0.44689277,0.3494000742176226,5,3000,501
GTATATAT,0.78095096,0.9564074547478663,5,3000,501
CTCGGAAT,0.45635357,0.5277800684451408,5,3000,501
GCAAGGAT,0.282148,0.6069249165051747,5,3000,501
CTCCGTAC,0.5007938,0.27989320908753557,5,3000,501
GACCTTAA,0.43758056,0.43600791654640664,5,3000,501
TGTAACGC,0.38114256,0.5203170741763905,5,3000,501
TTGGATCC,0.618776,0.8854677771822044,5,3000,501
GGCTACGC,0.30025324,0.3172081804312868,5,3000,501
GCACGAAG,0.3571935,0.1912237661320249,5,3000,501
ATACGAGG,0.64387935,0.7475776192635962,5,3000,501
GGTCGTAC,0.2849255,0.35621366428895396,5,3000,501
CATCGTGA,0.5220634,0.5237084072073558,5,3000,501
TGTCTTTC,0.4083478,0.342957572259102,5,3000,501
GATCAGAC,0.58231723,0.8382158908176308,5,3000,501
GGATGCAA,0.5338007,0.48224961860388404,5,3000,501
TCTAATGC,0.4021528,0.5214097225085557,5,3000,501
GACCACAC,0.31707546,0.35522409598812515,6,3600,601
GCACATGC,0.2896813,0.2328784067950357,6,3600,601
ACGGATAA,0.7627333,0.8050241207273326,6,3600,601
AACGGGGC,0.3090078,0.39652826454459245,6,3600,601
ATCCATGT,0.7376927,0.7152001814208551,6,3600,601
CGAAGTAT,0.5119279,0.7656578567599884,6,3600,601
CGCACTAC,0.38062552,0.2872428153218159,6,3600,601
ACCCGAAT,0.571864,0.5713004576753391,6,3600,601
CGAGGAAT,0.4683686,0.520585082257865,6,3600,601
AGTGGGAC,0.38585648,0.2978703665525914,6,3600,601
AGAAACTT,0.5249277,0.3749639219890323,6,3600,601
GCCGAACA,0.47340935,0.2077990351709067,6,3600,601
TAAGCGGA,0.44331932,0.43820352121387046,6,3600,601
CACACTAT,0.5219617,0.6116150579309776,6,3600,601
TGAGGAAA,0.4201191,0.40870201624541297,6,3600,601
AGCACTAC,0.5093326,0.3503587185090505,6,3600,601
GTATATGT,0.7576822,0.773564095163485,6,3600,601
GGTGGTAC,0.37439346,0.4097534325650435,6,3600,601
CGAAAGGA,0.3749658,0.5143384323588834,6,3600,601
ACAGATGA,0.61464715,0.4944233703047046,6,3600,601
GTCTATGT,0.6241399,0.5446645775780317,6,3600,601
GCCCATGA,0.4281809,0.29395332536181096,6,3600,601
AAAGCGGA,0.3512627,0.5541273244547066,6,3600,601
CGTGATGC,0.47585213,0.48632127984166906,6,3600,601
GTTAAACC,0.49739546,0.41459819403785103,6,3600,601
GCCAGTAA,0.31296033,0.41328907763987965,6,3600,601
CCCACTAT,0.5367405,0.6165938234445223,6,3600,601
GTTTATCC,0.82849437,0.7908815404279883,6,3600,601
ATCATTGT,0.7852308,0.7648641405186988,6,3600,601
GTGTTAGT,0.4190583,0.41297983754587064,6,3600,601
ATGGGGAC,0.45458066,0.4219168762627304,6,3600,601
GGATCTAC,0.52706164,0.746546818950233,6,3600,601
ATCTACGT,0.623723,0.6413227229621078,6,3600,601
GGAACTAC,0.416556,0.14381725972044693,6,3600,601
GAGCTCGT,0.35324863,0.3866016575269039,6,3600,601
TTCCACGT,0.42425174,0.2714406465179565,6,3600,601
ATCCACAC,0.6674859,0.6817404032490826,6,3600,601
TGAAAGGA,0.38509864,0.3745722178699542,6,3600,601
CTTCATGC,0.49963933,0.40521791118624495,6,3600,601
ACGCGAAA,0.44826022,0.19931554859192682,6,3600,601
CGAAATTT,0.53448504,0.4147528140848555,6,3600,601
GTCGCGAC,0.33962476,0.43228672741516516,6,3600,601
GGATATAC,0.69656223,0.9130623015709397,6,3600,601
AACCACAC,0.337234,0.5000412320125345,6,3600,601
GACGTCGA,0.32041967,0.23644497587927268,6,3600,601
ACCCACGT,0.43105128,0.47954892178287223,6,3600,601
GGAGGAAA,0.44164097,0.277213128272791,6,3600,601
ATCACTAT,0.90752006,0.8463901373026017,6,3600,601
CTTGGTGC,0.42218864,0.2843668824475323,6,3600,601
GTCAAACT,0.4355895,0.18917247350843197,6,3600,601
CGAAACTA,0.35263368,0.6327567723580588,6,3600,601
GCATATAC,0.6340504,0.7418876015338309,6,3600,601
ATCCACGT,0.67020696,0.8083639137426298,6,3600,601
GGGATACC,0.547436,0.8685008040242445,6,3600,601
GACGGCGA,0.3339539,0.23113635426545168,6,3600,601
ATCCGCAC,0.5773552,0.7309198861996453,6,3600,601
GCGATAGC,0.593351,0.7507627922318888,6,3600,601
GTCGTACA,0.4460305,0.38683874159897746,6,3600,601
CACAGCAC,0.3112763,0.257834082381561,6,3600,601
GGCGGAAT,0.365624,0.3374015585700738,6,3600,601
TGAGGAAC,0.40521473,0.1964499237207768,6,3600,601
AAAGGGGA,0.4317151,0.5198429060322435,6,3600,601
CAAGCGGA,0.40623972,0.5762586071826166,6,3600,601
GGTGGGAC,0.39609194,0.2726054508720571,6,3600,601
CGTATACC,0.6249437,0.7658021688038593,6,3600,601
ACACATGC,0.3429641,0.4370284088566363,6,3600,601
CAAGGGGA,0.42724603,0.631602276007092,6,3600,601
CATGTACA,0.64082265,0.22895105760112155,6,3600,601
CGCGAACA,0.43216875,0.4524904135570857,6,3600,601
GTCAGTAC,0.31779736,0.35890405310683215,6,3600,601
CTCAGCAC,0.39473265,0.32890776398796023,6,3600,601
CCCGGACA,0.47388145,0.611913990021853,6,3600,601
GACCAAAC,0.3802099,0.29961241908217545,6,3600,601
CGAAGCAT,0.33250886,0.27418257535150287,6,3600,601
CGCGGACA,0.44449282,0.3091885539933204,6,3600,601
ATGGATAA,0.78240323,0.7131282727909949,6,3600,601
ACCCAAAT,0.5701133,0.39686842864800226,6,3600,601
GCCCGTAA,0.35545552,0.19430585906898115,6,3600,601
GCGATACC,0.583379,0.9493361645981941,6,3600,601
GTCGAACA,0.4548024,0.3280831237372696,6,3600,601
GACGTCGT,0.27273,0.5099575310270894,6,3600,601
TCGTTAGT,0.38036606,0.40985651259637984,6,3600,601
ACCCACAT,0.51256096,0.39996082958809215,6,3600,601
ATGGGTGC,0.49170384,0.3243310105966273,6,3600,601
GCCTAAAC,0.33818868,0.4099389766214489,6,3600,601
GTGGATCC,0.76514995,0.7061497546695255,6,3600,601
ACGGGGAC,0.34147406,0.24069187317032947,6,3600,601
AACACCAC,0.39060888,0.6549808271141715,6,3600,601
GTCTACGT,0.3896159,0.2594008988578733,6,3600,601
CGAAACTT,0.38481024,0.316868016327877,6,3600,601
CTTGATGC,0.58039415,0.3541005236465592,6,3600,601
CGACGAAT,0.4539221,0.2458974147528141,6,3600,601
GCATACAC,0.53485453,0.5301406011627428,6,3600,601
CGAAACCT,0.49581614,0.390951634849297,6,3600,601
ACCCATGT,0.5687589,0.6068218364738384,6,3600,601
AACGACGC,0.33688065,0.44264627056446626,6,3600,601
AACGGCGC,0.25387543,0.13645734548303304,6,3600,601
AAAGATGC,0.6295531,0.2758730878654187,6,3600,601
TTGTTAGT,0.4308066,0.3962499484599843,6,3600,601
ATCGGTAA,0.72414976,0.7768935801756482,6,3600,601
TTGCATGA,0.47361058,0.45124314517791614,7,4200,701
ACAGCGAT,0.48290074,0.4936502700696821,7,4200,701
ATCGATCT,0.99703246,0.8876530738465345,7,4200,701
ATGCGGAT,0.5666903,0.8264132272296211,7,4200,701
GTAGTTGT,0.49235743,0.3782727909949285,7,4200,701
ACAGAGAT,0.60182726,0.7448459984331834,7,4200,701
AAGTGAAG,0.35868707,0.47936337772646687,7,4200,701
CCGCCCGT,0.4049067,0.3173318764688904,7,4200,701
ACATACGG,0.4489529,0.5563950851441058,7,4200,701
ATAGATGA,0.6697331,0.8349070218117347,7,4200,701
AAGCACAA,0.42312205,0.2870572712654104,7,4200,701
GTTAAGAC,0.44656217,0.36048117758627796,7,4200,701
ATGTCGCT,0.55112,0.37639673442460725,7,4200,701
AAGCTTAG,0.45466486,0.5084010225539108,7,4200,701
ACCGTTCT,0.67092144,0.2009854450995753,7,4200,701
AAGTATAG,0.84607565,0.6602069847029233,7,4200,701
AAGAAGAC,0.4318221,0.6079351008122706,7,4200,701
ATCGTTCT,0.80314106,0.7468663670473756,7,4200,701
ATATACGG,0.7595968,0.8428132602152311,7,4200,701
GTGCGACA,0.3780219,0.37668535851234897,7,4200,701
ATAGCCAG,0.6934231,0.6220467571022141,7,4200,701
GTCCGGGG,0.36993027,0.400414381725972,7,4200,701
ACGTAAAC,0.4637579,0.31077598647589993,7,4200,701
TTCACGCT,0.44945362,0.4036820187193337,7,4200,701
AAGGACGA,0.3975966,0.4692409186492393,7,4200,701
TTCCGGGG,0.35340154,0.2911907805219973,7,4200,701
CTGTAAAA,0.39897373,0.30897208592751413,7,4200,701
TCTTAGAT,0.54414934,0.8938378757267141,7,4200,701
TAGCATAG,0.7836443,0.5422009648290933,7,4200,701
AAAGCCAG,0.43524936,0.406846575681359,7,4200,701
ACTTAGAT,0.47543287,0.7198593988372572,7,4200,701
AGCGTTCT,0.61235815,0.3789221951923473,7,4200,701
TTGCAGGA,0.3269103,0.3632437224260916,7,4200,701
ACACAGAT,0.49026707,0.8048076526615264,7,4200,701
GTATCCGG,0.4805983,0.835793510081227,7,4200,701
ATGCCCGT,0.54826653,0.391765967096854,7,4200,701
AAATCCGG,0.4545126,0.532944378015091,7,4200,701
CTTAAGAC,0.41157413,0.45514987836556303,7,4200,701
AAGCATAA,0.60046947,0.3026738960128643,7,4200,701
GGCGTTCT,0.4334758,0.24300086587226322,7,4200,701
ATGCAGAA,0.4844564,0.40714550777223435,7,4200,701
CGCGTTCT,0.56485987,0.3008287634519441,7,4200,701
ATGTAAAA,0.5231564,0.5972147775532923,7,4200,701
GTGCGCGT,0.259342,0.16644332659877129,7,4200,701
CTTATGAC,0.47755164,0.2830680740526945,7,4200,701
TTCCCCGA,0.5258241,0.6044922277656373,7,4200,701
ACGTGGAT,0.5012115,0.8083639137426298,7,4200,701
ACAGCCAG,0.34307346,0.2990248629035583,7,4200,701
GTGCGCCA,0.2728532,0.2663381849668082,7,4200,701
GTCCGACA,0.39230585,0.4058054673648621,7,4200,701
ACCGTGCC,0.48170167,0.24457799035170907,7,4200,701
ACGTAAAA,0.4488686,0.28016121716901,7,4200,701
TAGCGTTG,0.43834648,0.3395250072156022,7,4200,701
TTGCCCGA,0.42342973,0.2427019337813879,7,4200,701
ATCACGCT,0.6938668,0.5424689729105677,7,4200,701
TTCTGGGG,0.37671188,0.41647425060817217,7,4200,701
ATAGGCAT,0.66623485,0.7036552179111862,7,4200,701
ATGCAGAT,0.61962336,0.674761885127613,7,4200,701
ATACCCGA,0.6593072,0.8407207355791037,7,4200,701
ATATACAT,0.8991813,0.8541520636622274,7,4200,701
ACAGGGAT,0.5777651,0.6933884467900878,7,4200,701
ATCGATGT,0.7588514,0.7406815651671959,7,4200,701
TAGCATAA,0.80693597,0.4980930194202779,7,4200,701
GCGCCCGT,0.25614113,0.23078588215890816,7,4200,701
ATCCGGAC,0.541624,0.6624953613985899,7,4200,701
GTCAGGAT,0.45882457,0.7295076897703378,7,4200,701
AAGCGTTG,0.3040415,0.21892137055209668,7,4200,701
GTATACGG,0.5988818,0.8182080567352493,7,4200,701
AAGTAGAC,0.5937748,0.3227229621077805,7,4200,701
AAGTAAAA,0.48719603,0.32402177050261827,7,4200,701
ATGTGGAT,0.60052377,0.7097678637694307,7,4200,701
CTTATACC,0.7293563,0.8102502783160845,7,4200,701
GCTAACAC,0.33250356,0.3296499402135818,7,4200,701
GCGTAAAC,0.3618872,0.39325031954809714,7,4200,701
CTGCAAAA,0.3389445,0.4815177503813961,7,4200,701
GAAGGAGA,0.5676927,0.7448047664206491,7,4200,701
CTTCGGAA,0.35712272,0.3384529748897043,7,4200,701
CGTCGGAC,0.347861,0.23268255473549662,7,4200,701
CTTCGGAC,0.35653386,0.4388426174081557,7,4200,701
ATCCGGCT,0.56005245,0.7302395579928257,7,4200,701
ACACGGAT,0.5315487,0.8342988496268502,7,4200,701
GCCAAAAC,0.21900395,0.31007504226281285,7,4200,701
CGTCAGAG,0.4573746,0.2880880715787737,7,4200,701
TAGCGGCG,0.40509486,0.2173854780851853,7,4200,701
GGCCAGAG,0.33019105,0.36860388405558075,7,4200,701
GAGCGTCG,0.44330558,0.2782851605986888,7,4200,701
ATATATAT,1.0406748,0.9705191110378097,7,4200,701
GGTAGGAC,0.4019276,0.2777800684451408,7,4200,701
ATCAGGAT,0.6494975,0.8729435533748402,7,4200,701
CCGCGCGT,0.3405679,0.2985610027625449,7,4200,701
AAGCGGAG,0.39067557,0.2930874530985857,7,4200,701
GTGCGCCG,0.24425983,0.24793839937327342,7,4200,701
GCTTATAT,0.7091631,0.7358058796849875,7,4200,701
GTCGTTCT,0.5292678,0.429060322434338,7,4200,701
ATGGGGCT,0.43008548,0.35554364408526784,7,4200,701
AGCCGGAC,0.34974933,0.3445346967385478,7,4200,701
GCGCGCGT,0.21801244,0.22435368820352122,7,4200,701
GTCAGGGG,0.34366456,0.5264915680534367,7,4200,701
CTACAGAA,0.48502782,0.33705108646353027,7,4200,701
ATAGATAT,0.98413396,0.9426153465550654,7,4200,701
ATCCCAAA,0.8287539,0.6128210942976127,8,4800,801
GTGTAAGC,0.3388464,0.36053271760194616,8,4800,801
ATGTGAGC,0.5480305,0.4580876592586484,8,4800,801
AACGCTTA,0.52411175,0.2218797674514493,8,4800,801
AGGTGCGC,0.36928347,0.23798086834618398,8,4800,801
ACCAGCAA,0.49046752,0.35673937244876924,8,4800,801
ACCTACAA,0.43810025,0.42131901208097966,8,4800,801
GTCTCCAA,0.3928534,0.6380344699624789,8,4800,801
TCGTACTC,0.4482077,0.545973693976003,8,4800,801
ATCCTCGA,0.8955739,0.7614109594689317,8,4800,801
GCCTGTCA,0.44195732,0.2737496392198903,8,4800,801
CTGGGTGT,0.4190067,0.6101719374922691,8,4800,801
CTGCTTGG,0.44603556,0.3727270853090339,8,4800,801
AAAGGCAT,0.47250023,0.457087782954686,8,4800,801
GTCCAAGC,0.30872256,0.3196924091864924,8,4800,801
GCGCAACC,0.28492096,0.27127571846781845,8,4800,801
TTAACACA,0.5508519,0.4784356574444399,8,4800,801
AACGCAAA,0.44577855,0.4644373891889663,8,4800,801
GCGCGCGC,0.22351491,0.33058796849874245,8,4800,801
ATCTCCAA,0.65761226,0.6692161794417186,8,4800,801
ACACGCAT,0.51908284,0.4049395951016369,8,4800,801
AAGGCTGA,0.4424564,0.3238671504556137,8,4800,801
CGCCTCCG,0.33594373,0.2402177050261823,8,4800,801
TTCTCCAA,0.3924669,0.48336288294231644,8,4800,801
GTGTGAGC,0.4285728,0.3265369232672246,8,4800,801
TTGCACTC,0.28468037,0.40792891601039044,8,4800,801
AACGGCAT,0.38231918,0.5476229744773842,8,4800,801
ACAAGATT,0.73208034,0.6513936420236672,8,4800,801
TAGTACTC,0.46551526,0.6111718137962314,8,4800,801
AGCCGCAC,0.38246068,0.4048468230734342,8,4800,801
GTGTCCAG,0.3899116,0.34579227312085103,8,4800,801
GTGCTCGT,0.33686098,0.256628046014926,8,4800,801
GCATAAGC,0.38895974,0.22334350389642516,8,4800,801
GGCCGCAA,0.2228743,0.45446955015874324,8,4800,801
TTGTACTC,0.41977954,0.4057126953366594,8,4800,801
ATGTGTGC,0.49777213,0.43113223106419823,8,4800,801
ACAAAGTT,0.5230981,0.40611470745887107,8,4800,801
GCCCCCCC,0.36064976,0.43119407908300006,8,4800,801
GTCCGACA,0.43381503,0.4058054673648621,8,4800,801
CGGGGTGT,0.40929136,0.6635777017276214,8,4800,801
ACCTCCAA,0.44267195,0.4723539355955964,8,4800,801
ACGATCAA,0.75990385,0.6775038139611594,8,4800,801
ATCCTAGG,0.7469345,0.7086855234403993,8,4800,801
GTACAATC,0.57879597,0.3698820764441512,8,4800,801
TCGTACTA,0.46410343,0.6358594813012823,8,4800,801
GCACAATC,0.36027476,0.39602317239104445,8,4800,801
ACGTAAAA,0.35080996,0.28016121716901,8,4800,801
GCGTGTGA,0.50522095,0.5397682760895559,8,4800,801
ATGCTTGT,0.658953,0.3501010184307096,8,4800,801
ACTTAAGT,0.41745794,0.27554323176514245,8,4800,801
GTGTTTGT,0.53637534,0.5691667010266771,8,4800,801
ACTTAAGA,0.50963706,0.573186822248794,8,4800,801
ACACGAAT,0.5381832,0.6029357192924587,8,4800,801
ATAGCTGA,0.664723,0.6665154826207067,8,4800,801
ACGTACAA,0.34786853,0.33245371706593,8,4800,801
ATGCTAGT,0.62904006,0.32749556755865256,8,4800,801
CAAATCCA,0.58646846,0.573774378427411,8,4800,801
GCATGAGC,0.5366277,0.42995711870696407,8,4800,801
ATCCCCGA,0.8657302,0.7955510658475239,8,4800,801
GCGCGTGC,0.22161418,0.2225394796520018,8,4800,801
TTGTATTC,0.6352054,0.632385684245248,8,4800,801
CGTATCCG,0.61674917,0.7735125551478167,8,4800,801
TAGTATTC,0.70868313,0.7015833092813261,8,4800,801
ACCATCAA,0.6654485,0.3449573248670268,8,4800,801
CTGCACGC,0.24003203,0.15496021110790414,8,4800,801
ACGAAAAA,0.49001783,0.17126747206531154,8,4800,801
ACCAGACT,0.53429437,0.4949903104770544,8,4800,801
ACGTACTA,0.39499822,0.6442295798457922,8,4800,801
GTGTTAGC,0.45889086,0.3296499402135818,8,4800,801
GTCCGCCA,0.28816265,0.23520801550323672,8,4800,801
GCGTGTGC,0.33547685,0.06460025563847772,8,4800,801
AAACGAAT,0.5243056,0.4878262482991795,8,4800,801
ATCGCCAA,0.6644543,0.6900486537747907,8,4800,801
GACTCCAA,0.39316848,0.366099039294108,8,4800,801
CTCCAAGC,0.38547948,0.4287304663340618,8,4800,801
ACGCTTGT,0.479868,0.43102915103286193,8,4800,801
ATGCTCGA,0.59275526,0.42770997402383215,8,4800,801
GTGTGTGC,0.3887253,0.2069537789139488,8,4800,801
AAACGCTT,0.48214102,0.3632849544386262,8,4800,801
GCCCGTCC,0.2497086,0.23390920710839896,8,4800,801
ACCCGTGC,0.39521715,0.2777697604420072,8,4800,801
GCCCACCC,0.2939899,0.2749247515771245,8,4800,801
ACGTGCGC,0.37398034,0.22096235517255597,8,4800,801
ACGCGTGC,0.33770183,0.282212509792603,8,4800,801
GTCCCCGA,0.5367911,0.24269162577825423,8,4800,801
AGACAATC,0.53758883,0.5340782583597906,8,4800,801
ATGTGCGC,0.43169105,0.19498618727580094,8,4800,801
GCGCGAGC,0.3370335,0.12242815321815857,8,4800,801
ATCCTCGC,0.77264905,0.6075433966931926,8,4800,801
CTCCTTCG,0.5175424,0.591720611883066,8,4800,801
GCGCAAGC,0.23825935,0.16129963303508846,8,4800,801
GTATGAGC,0.5857501,0.4392137055209665,8,4800,801
CTAGCTCA,0.6090179,0.41661856265204306,8,4800,801
ACTTCAGT,0.35450634,0.24494907846451983,8,4800,801
AGAAAGTC,0.30687797,0.257638230322022,8,4800,801
ACGTGTGC,0.38708633,0.22146744732610404,8,4800,801
ACCAGGAT,0.60752624,0.8152805838452976,8,4800,801
GCCCGACA,0.33383206,0.28308869005896176,8,4800,801
AGCGGCAC,0.30686334,0.25874118665732077,8,4800,801
CTGGGTCA,0.41775942,0.48912505669401724,8,4800,801
TCAGGCCA,0.3036037,0.34957531027089433,9,5400,901
AGTAGCGA,0.42197818,0.5341916463942605,9,5400,901
GAGGGTTT,0.51000464,0.4754566445388199,9,5400,901
GCACACAG,0.33191502,0.3215993897662145,9,5400,901
ATCATATC,0.74741906,0.9700243268873954,9,5400,901
TCATAGTG,0.60376155,0.4781676493629654,9,5400,901
AAGCACAA,0.3292655,0.2870572712654104,9,5400,901
ACGTAGTG,0.37269178,0.33769018265781553,9,5400,901
TTACATTT,0.5914386,0.5230796190162041,9,5400,901
GGACGCCA,0.3273058,0.18602853255267393,9,5400,901
CCATGTCA,0.4538984,0.49707252711004823,9,5400,901
ACTCAAAC,0.35979852,0.41043376077186333,9,5400,901
AAACACTT,0.466951,0.40555807528965493,9,5400,901
GTTCACCA,0.41776505,0.23047664206489915,9,5400,901
AGCGGACG,0.41512677,0.17913247845627345,9,5400,901
ATGGGACA,0.6076931,0.5073702222405475,9,5400,901
TCAGGTCA,0.4358485,0.4418628623263101,9,5400,901
GAAGGTCT,0.46947542,0.38548839318847156,9,5400,901
ACAGTCCA,0.3648769,0.30874530985857424,9,5400,901
TCCGGAGT,0.48231152,0.5402527522368367,9,5400,901
ACCCACAC,0.46897033,0.43956417762751,9,5400,901
TGTCGCGA,0.33587012,0.5935142044283181,9,5400,901
ATAAGAGA,0.80951047,0.7273017770997403,9,5400,901
TATCGCGA,0.6274856,0.8537294355337484,9,5400,901
GCAGTCCA,0.29671922,0.29117016451573,9,5400,901
AGCAGACC,0.44554204,0.16500020616006267,9,5400,901
TCACACAG,0.38233915,0.46889044654269574,9,5400,901
AGCGGACA,0.48252097,0.27890364078670676,9,5400,901
CTTCTCCT,0.44393682,0.5741866985527564,9,5400,901
ACATGTTT,0.51698714,0.4328124355749804,9,5400,901
ACATGTTC,0.37522006,0.38089102379087125,9,5400,901
GTCAGAAC,0.32187715,0.2471549911351173,9,5400,901
TCGTAGTG,0.39989415,0.5091638147857998,9,5400,901
GTTCGCCG,0.29687974,0.45760318311136766,9,5400,901
AGACGCCA,0.4760719,0.3156413639549746,9,5400,901
ACGAAGTC,0.2241695,0.27216220673731084,9,5400,901
TTACACAG,0.62763405,0.4061662474745392,9,5400,901
ACGCAACC,0.36216292,0.3044571805549829,9,5400,901
ACATATTC,0.5490362,0.6937904589122995,9,5400,901
GTCCGACA,0.39586607,0.4058054673648621,9,5400,901
CTTTAACT,0.4476106,0.3940440357893869,9,5400,901
GCCCCACT,0.31449148,0.34330804436564544,9,5400,901
GGAGACCT,0.6307674,0.4120727332701109,9,5400,901
ACACACAG,0.4784823,0.5268729641693811,9,5400,901
GCCGATCT,0.72641534,0.5631365191935018,9,5400,901
GCCGGAGA,0.6325909,0.5140085762586072,9,5400,901
GCCCGAGA,0.42107663,0.3305570444893415,9,5400,901
CCATGGCA,0.5103171,0.4968972910567765,9,5400,901
GTCCACAC,0.35730264,0.34950315424895895,9,5400,901
TTGCGACA,0.3916666,0.3138580794128561,9,5400,901
GTTCGCCA,0.25833148,0.1934296788026224,9,5400,901
CAGCGCAA,0.3272494,0.3535232754710758,9,5400,901
TTACACAC,0.63963157,0.5074320702593493,9,5400,901
AAGGGTTT,0.5054982,0.4591287675751453,9,5400,901
GCATGGCA,0.47701967,0.2082319713025193,9,5400,901
TCGCGACA,0.38027814,0.5935142044283181,9,5400,901
GAACACTT,0.43384284,0.26987383004164434,9,5400,901
GTACGCCA,0.40935338,0.3589762091287676,9,5400,901
GAGCACAA,0.37477607,0.3805817836968623,9,5400,901
ATAATATC,1.0092876,0.8941986558363915,9,5400,901
GTATGGCA,0.5183283,0.2793571929245866,9,5400,901
TGACTCCA,0.5079342,0.5248732115614564,9,5400,901
CAGCACAA,0.37993932,0.39328124355749805,9,5400,901
GTACACAG,0.5787296,0.4239166288706552,9,5400,901
TCAGTCCA,0.3545586,0.24724776316332003,9,5400,901
ACCCCACT,0.46572822,0.6583721601451368,9,5400,901
CCATATCA,0.8399445,0.974724776316332,9,5400,901
CACGAACT,0.35333955,0.29457180554982887,9,5400,901
GACGATCT,0.81283665,0.6892652455366346,9,5400,901
ATGGGTTT,0.60526377,0.721467447326104,9,5400,901
GTTCTCCT,0.4423789,0.32116645363460194,9,5400,901
CTGCGCAA,0.23235059,0.41118624500061846,9,5400,901
TTACACAT,0.6814834,0.5562920051127695,9,5400,901
GCATATCA,0.81749004,0.9712303632540304,9,5400,901
GTGCACAA,0.20451966,0.1729786005854946,9,5400,901
ACATGTCA,0.3493017,0.36192429802498666,9,5400,901
GTCCGAGA,0.45151198,0.47480724034140104,9,5400,901
GGCCGACA,0.30910978,0.30194202779037643,9,5400,901
GGGCACAA,0.25475365,0.4245660330680741,9,5400,901
GCCAGAAC,0.28051028,0.5026182327959428,9,5400,901
AAAATCTT,0.58993894,0.45450047416814415,9,5400,901
GGATACTT,0.86381125,0.8904362346926153,9,5400,901
AGTCGCAA,0.32178727,0.3330206572382798,9,5400,901
ATCAGAAC,0.61147493,0.5635797633282481,9,5400,901
CTGCACAA,0.2438778,0.4262668535851235,9,5400,901
CCATTTCA,0.4785896,0.3552034799818579,9,5400,901
TGGCGCCA,0.2773851,0.13857048612542777,9,5400,901
TGGCTCAA,0.37542513,0.55527151280254,9,5400,901
CCTTAACT,0.3561809,0.435296664330186,9,5400,901
CGTCGCAA,0.24479306,0.2635034841050592,9,5400,901
GTTCTTCT,0.45504418,0.4822083865913495,9,5400,901
ATAGATTT,0.8205956,0.5316868016327877,9,5400,901
GGAGATCT,0.8178173,0.7589061147074588,9,5400,901
GCCCGACT,0.30711478,0.27153341854615926,9,5400,901
ACAAATTC,0.3713125,0.5914526038015915,9,5400,901
GCATACTT,0.6272587,0.26385395621160274,9,5400,901
TCGTTGTG,0.32614365,0.47510617243227643,9,5400,901
GCCCGACA,0.3043399,0.28308869005896176,9,5400,901
GCATGTTT,0.53240997,0.37502577000783405,9,5400,901
CTCCAACT,0.46091396,0.4979796313858079,9,5400,901
GCGTGACC,0.33921766,0.32845421185008045,10,6000,1001
ATACGTTC,0.68367815,0.7850678266606194,10,6000,1001
AGGTGCTC,0.3084004,0.17139116810291508,10,6000,1001
GCCCGCCA,0.29302976,0.3366181503319177,10,6000,1001
AGCCTAGA,0.4223994,0.5343874984537995,10,6000,1001
ACACCATC,0.3474322,0.6884509132890777,10,6000,1001
GTGCGTCC,0.26949787,0.16887601533830865,10,6000,1001
TATCCTGA,0.82279843,0.8702840885663629,10,6000,1001
AACCGAAT,0.5097801,0.4137323217746258,10,6000,1001
ACCCGAAT,0.57940936,0.5713004576753391,10,6000,1001
ACCCCAAC,0.36886585,0.6442295798457922,10,6000,1001
AGTTGTTG,0.3101834,0.24179482950562817,10,6000,1001
GCGTGCCC,0.22618052,0.28457304251020493,10,6000,1001
TACCGGAT,0.41682005,0.6864099286686183,10,6000,1001
GAACGCCA,0.19472353,0.334783325774131,10,6000,1001
GTACTCCA,0.46735597,0.36668659547272503,10,6000,1001
TTCCAGAA,0.33850735,0.37094380076691547,10,6000,1001
TGTTGTTG,0.42008787,0.6023481631138417,10,6000,1001
GCACTCCA,0.4051997,0.3487506700202037,10,6000,1001
GTGCATCC,0.4694978,0.19308951469921246,10,6000,1001
AGCCGGGT,0.42039627,0.6039252875932873,10,6000,1001
ATACCTTC,0.67329603,0.8240114624994846,10,6000,1001
ACACGCCA,0.35375124,0.3797571434461716,10,6000,1001
TTCACTAA,0.4819767,0.4281532181585783,10,6000,1001
ACTTGTTG,0.3647204,0.463324124850534,10,6000,1001
TTCCCTCA,0.5475842,0.3098585741970065,10,6000,1001
ACTTCCCA,0.3198532,0.34611182121799366,10,6000,1001
CATTATAC,1.0393602,0.8158372160145138,10,6000,1001
TCTTGTTG,0.49207634,0.5976374056817713,10,6000,1001
GCACGCCA,0.20070174,0.18612130458087658,10,6000,1001
GTCCGTCC,0.27704403,0.27226528676864714,10,6000,1001
TTCCCTCC,0.59005517,0.4559126705974519,10,6000,1001
ACGCAGAA,0.34463787,0.3882612460314188,10,6000,1001
GTCCATCT,0.47927737,0.3859419453263514,10,6000,1001
GTCCACCA,0.33313274,0.23910444068774997,10,6000,1001
TGCCCTAA,0.35148388,0.23523893951263763,10,6000,1001
TATTATAC,1.1560855,0.8617799859811158,10,6000,1001
TTGCCTCA,0.35136187,0.36467653486166657,10,6000,1001
ACTCGCAT,0.47503775,0.5570444893415247,10,6000,1001
ACCCGGGT,0.5826205,0.6930482826866778,10,6000,1001
ACTCGTAA,0.34166747,0.4142167979219066,10,6000,1001
ATTCGGAA,0.5234367,0.4070630437471653,10,6000,1001
GATTCTGA,0.7199047,0.40850616418587393,10,6000,1001
GCGTGTCC,0.2902286,0.2732548550694759,10,6000,1001
GGGTGCTC,0.2476809,0.388003545953078,10,6000,1001
ATACAGCA,0.57848907,0.7156021935430669,10,6000,1001
GTCCATCA,0.46239358,0.4484496763287016,10,6000,1001
ACACAGCA,0.27318257,0.3779532428977858,10,6000,1001
ACTCGGAA,0.348697,0.542293736857296,10,6000,1001
TGCCTAGA,0.43110853,0.47940460973900134,10,6000,1001
AGTTCTCA,0.3156798,0.586556302313116,10,6000,1001
ACTCGCAC,0.36645633,0.3012410835772894,10,6000,1001
TTCACTAC,0.54931027,0.3478126417350431,10,6000,1001
AGTAGTAA,0.40617776,0.45745887106749683,10,6000,1001
TTCCCAGA,0.5378719,0.3150331917700903,10,6000,1001
ACCTCCCA,0.45606428,0.463210736816064,10,6000,1001
ACGCGCCT,0.31087768,0.3689028161464561,10,6000,1001
GCTCGGAA,0.34579837,0.1390034222570404,10,6000,1001
CCTTGTAT,0.6340555,0.6711334680245743,10,6000,1001
ATCCAGCA,0.639819,0.6702675957613492,10,6000,1001
ATTTCCCA,0.35200375,0.3831897084896714,10,6000,1001
GCTCGTAA,0.38547343,0.595091328907764,10,6000,1001
GCTCGCAC,0.20415702,0.24067125716406218,10,6000,1001
GCGCGCCC,0.21510093,0.14334309157629985,10,6000,1001
TACCCAGA,0.4628684,0.7196223147651837,10,6000,1001
AGTGGTAG,0.4197722,0.5648888797262195,10,6000,1001
ACCTGAAT,0.5069349,0.5149981445594359,10,6000,1001
TGTCCTCA,0.39270496,0.5064528099616542,10,6000,1001
AAGATCCC,0.7399562,0.811786170782996,10,6000,1001
ATCAGTAA,0.8338058,0.9002700696821012,10,6000,1001
GTCCAGCA,0.2643748,0.2859543149301118,10,6000,1001
AATTCTGA,0.39387208,0.5145549004246898,10,6000,1001
AATTATAA,0.7454525,0.5466849461922236,10,6000,1001
TAAGCTAA,0.59947914,0.6238918896631345,10,6000,1001
GTCCCTCA,0.44745266,0.33607182616583514,10,6000,1001
GTGAATTA,0.4480539,0.5351915226982229,10,6000,1001
ACGTCTAA,0.4536438,0.4643136931513627,10,6000,1001
ATACGATC,0.8024115,0.8832824805178741,10,6000,1001
AGCCTGGT,0.40258288,0.5197810580134417,10,6000,1001
GATTATGA,0.9201498,0.7524945367583392,10,6000,1001
GCGTGTAT,0.62646323,0.7641116562899435,10,6000,1001
AGTTCCCA,0.28790748,0.24004246897291057,10,6000,1001
ACACGTTA,0.47504735,0.38477714097225085,10,6000,1001
CCTTATAT,0.8397723,0.7831093060652291,10,6000,1001
TATCCCGA,0.8130207,0.7234671999340287,10,6000,1001
CTCCAGCA,0.33664608,0.5511895435616212,10,6000,1001
AGGCGTCT,0.44194812,0.35242031913577704,10,6000,1001
AATCGCGA,0.49798477,0.632664000329856,10,6000,1001
TCACCTTC,0.2838984,0.5910608996825135,10,6000,1001
GTTCGGAA,0.30363104,0.1889766214488929,10,6000,1001
ACGTCCAA,0.3413164,0.46019049189790956,10,6000,1001
ACCCGTAT,0.6630173,0.8022203438749845,10,6000,1001
TTACGGAT,0.6473063,0.7232301158619553,10,6000,1001
GCCAGCGA,0.2884045,0.45111944914031255,10,6000,1001
ACGCGCCC,0.27502504,0.46106667216426833,10,6000,1001
ATCACTAA,0.7046092,0.7165608378344948,10,6000,1001
ACGCGTCT,0.48050714,0.46677730590030103,10,6000,1001
AACTATAA,0.693313,0.6148414629118047,10,6000,1001
TGTTGCTC,0.42732942,0.2692862738630272,10,6000,1001
GCGTGCTC,0.2574163,0.3663979713849833,10,6000,1001
