{"run_id": "02:37:19-01/15/2025", "exp_name": "cbas_Q=0.7_generator=VAE_latent_dim=2_intermediate_dim=250", "model_name": "CNN_hidden_size_100_num_filters_32", "landscape_name": "TF_Binding", "rounds": 10, "sequences_batch_size": 100, "model_queries_per_batch": 500}
sequence,model_score,true_score,round,model_cost,measurement_cost
GCTCGAGC,,0.5502102832639261,0,0,1
GCTCGACG,0.39705044,0.34366882447532265,1,100,101
GCTAGAGA,0.37565413,0.5609512225291716,1,100,101
ACTCGAGC,0.4186722,0.3047767286521255,1,100,101
GGAAGAGC,0.3217526,0.38177751206036364,1,100,101
GGTTAAGC,0.367711,0.2954479858161877,1,100,101
GCTCGATC,0.3932071,0.6426112233538119,1,100,101
GCCCGAGT,0.3810729,0.42809137013977655,1,100,101
GCTTGAGC,0.40807498,0.2830474580464272,1,100,101
TCTCGAGC,0.4243141,0.2924689729105677,1,100,101
CCTCGCGC,0.33498275,0.38677689358017564,1,100,101
CGTCGAGC,0.41439193,0.34366882447532265,1,100,101
GCAAGAGG,0.3262075,0.22115820723209503,1,100,101
GCTCTAGT,0.37843594,0.4171236548055911,1,100,101
GCTCGACC,0.43264708,0.35574980414794044,1,100,101
GCTCGAGG,0.4155713,0.3609759617366924,1,100,101
GATTTAGC,0.33552498,0.4284624582525873,1,100,101
GCGCGTCT,0.24557789,0.3309281326021523,1,100,101
GGTCGATC,0.37167987,0.5027728528429473,1,100,101
GATCCAGC,0.40028298,0.7077990351709067,1,100,101
GCACACGC,0.27829883,0.06460025563847772,1,100,101
GCTCTATC,0.3468381,0.5012266523729023,1,100,101
GCTCGTGA,0.36407205,0.41161918113223106,1,100,101
ACTCGTGC,0.35448602,0.36955222034387497,1,100,101
AATCGGGC,0.3204839,0.4548303302684204,1,100,101
CCGGGAGC,0.31505543,0.32398053849008374,1,100,101
GTTCGGGA,0.33112726,0.37841710303879933,1,100,101
GGACTAGA,0.33622104,0.3059621490124933,1,100,101
TCTCTAGC,0.36983982,0.5609512225291716,1,100,101
GCTTGCGT,0.3015571,0.2490619717148394,1,100,101
TGTCGAGC,0.41793185,0.23380612707706266,1,100,101
GCACTAGA,0.31273627,0.37946851935842985,1,100,101
GCTCTAGC,0.39481708,0.3601100894734672,1,100,101
CCTCGAGT,0.41622162,0.3790665072362182,1,100,101
GCCCGAGC,0.41327238,0.21069558405145758,1,100,101
ACTCTTTC,0.2647161,0.39342555560136894,1,100,101
TAACGAGC,0.37109327,0.46176761637735536,1,100,101
CCTCGATA,0.37360987,0.747670391291799,1,100,101
TCTCGAGT,0.40548816,0.5540757844390385,1,100,101
GGTCGAGC,0.42445827,0.35574980414794044,1,100,101
GGTTTAGC,0.3384929,0.4408423700160805,1,100,101
TCGGGCGC,0.2502518,0.264575516430957,1,100,101
GCTGGATA,0.39635712,0.7173545540757844,1,100,101
ACTCGAGG,0.39835387,0.3790665072362182,1,100,101
GAACGAGC,0.38116765,0.484105059167938,1,100,101
GGTCGCGC,0.32534277,0.2700387580917825,1,100,101
GGGCGAGC,0.3298485,0.38070547973446583,1,100,101
GCACGAGC,0.40086535,0.4142271059250402,1,100,101
GTTCGAGG,0.42762178,0.2298272378674803,1,100,101
GGTCCTGC,0.34041378,0.3481321898321857,1,100,101
GGTCGAGA,0.3988751,0.2789757968086422,1,100,101
GCTAGAGC,0.38937494,0.3601100894734672,1,100,101
GCAGGAGG,0.3625933,0.3668309075165959,1,100,101
GCATCCGC,0.2789972,0.5364697150867934,1,100,101
GTTAGAGC,0.3927004,0.4289366263967344,1,100,101
GCTCGAGT,0.42963004,0.3047767286521255,1,100,101
GCGCGAGC,0.34135625,0.12242815321815857,1,100,101
CCTCGAGC,0.43056914,0.3609759617366924,1,100,101
GCTCCTGA,0.34066084,0.32871191192842125,1,100,101
GCCGGAGT,0.36493233,0.33520595390261,1,100,101
GTTAGATA,0.36003003,0.853038799323795,1,100,101
GCTGAAGC,0.4334841,0.1768647177668742,1,100,101
GATGGGGC,0.31707934,0.23958891683503072,1,100,101
GTTCGAGC,0.44663864,0.21334474085680122,1,100,101
GGTCAAGT,0.37918073,0.21783903022306517,1,100,101
GTCCGTCC,0.28882417,0.27226528676864714,1,100,101
GCGTGAGC,0.31618074,0.33876221498371334,1,100,101
GCCGGGCC,0.28100398,0.18495650022677604,1,100,101
GCACAAGC,0.3659762,0.4639941450542201,1,100,101
CTTCGAGC,0.4383084,0.34007133138168477,1,100,101
CCTGGTGC,0.3431402,0.3929720034634891,1,100,101
GCTCGAGA,0.41295198,0.2924689729105677,1,100,101
CGGTGAGG,0.32788116,0.3017152517214365,1,100,101
GCTCGTGC,0.37873808,0.4142271059250402,1,100,101
GCTATAGC,0.3237479,0.5587350018554406,1,100,101
GCTGGATC,0.41115025,0.7077990351709067,1,100,101
GCTCCAGC,0.41274774,0.2950253576877087,1,100,101
GCTCCTGC,0.3294056,0.33495856182740275,1,100,101
GGTGGTGC,0.33963454,0.33744279058260834,1,100,101
GCTTGAAC,0.40311348,0.5428709850327794,1,100,101
CCTCGAGG,0.40815026,0.6860079165464067,1,100,101
CCCCGAGC,0.40043065,0.37176844101760603,1,100,101
TATGGCGC,0.2907535,0.3252690388817878,1,100,101
CGTCCAGC,0.37270668,0.22290025976167896,1,100,101
GCTCCAGG,0.39044955,0.3399373273409475,1,100,101
TATCGAGC,0.4213128,0.6783181462087164,1,100,101
GCTGGAGC,0.4376668,0.2950253576877087,1,100,101
GCTCGATT,0.3954683,0.3265369232672246,1,100,101
GCTCGAGC,0.4371192,0.5502102832639261,1,100,101
GCTCGGGC,0.36214328,0.21069558405145758,1,100,101
GACCGAGA,0.3434595,0.43187440728981985,1,100,101
ACTCGGGC,0.33950633,0.42809137013977655,1,100,101
GCTCAAGA,0.39960054,0.48305364284830743,1,100,101
GCTCGCTC,0.30568835,0.31976456520842783,1,100,101
GTCAAGGC,0.29245713,0.31715664041561864,1,100,101
TTTCGAGC,0.42681417,0.44395538696243764,1,100,101
GCTCAAAC,0.41647395,0.47254978765513544,1,100,101
GCTATCGC,0.29439858,0.7507627922318888,1,100,101
GCTCAAGC,0.42293888,0.2830474580464272,1,100,101
GATCGAGC,0.44848183,0.6426112233538119,1,100,101
GGTCGACC,0.39506552,0.1424566033068074,1,100,101
ATTGGAAC,0.47737342,0.4984022595142869,2,610,200
TTTGCAAA,0.46090493,0.4494804766420649,2,610,200
GTTCAAGC,0.44876474,0.5428709850327794,2,610,200
GTTGGTTC,0.44853565,0.44034758586566614,2,610,200
GCTGCAGC,0.43379766,0.3627798622850782,2,610,200
ATTAACTT,0.43201917,0.6258297942522574,2,610,200
CTTGCTTG,0.4315524,0.13853956211602692,2,610,200
CCAGCTCA,0.42847168,0.5046489094132685,2,610,200
CTTTACTT,0.42693296,0.32873252793468855,2,610,200
GTTCTTAC,0.42527553,0.4367604007751618,2,610,200
TATGCAAC,0.42255297,0.4009091658763864,2,610,200
TTTCACGT,0.42071575,0.5308724693852307,2,610,200
TCTGGAGA,0.42064336,0.6452397641528884,2,610,200
TGCAATCG,0.41468346,0.35562610811033685,2,610,200
TGATGTCG,0.4128561,0.4364717766874201,2,610,200
TTCATGGT,0.40839896,0.3897868304951965,2,610,200
TGCAAGCG,0.40828836,0.44837752030676614,2,610,200
TTCTAAGT,0.40505567,0.4318640992866862,2,610,200
ATTAACGT,0.40486813,0.5138127241990682,2,610,200
TATGCAGC,0.4042925,0.4797963138580794,2,610,200
TCAGCACA,0.4039808,0.4077846039665196,2,610,200
GTCCAAGT,0.40346813,0.3496474662928298,2,610,200
TCCAACGT,0.40216002,0.29770543850245335,2,610,200
TCAGCTTG,0.4014505,0.5233579351008122,2,610,200
GCACGAAC,0.4012983,0.32421762256215725,2,610,200
ATAGTATC,0.3984236,0.9461509916299015,2,610,200
TGCTTTCG,0.39711696,0.38936420236671754,2,610,200
CTCCACTT,0.39628905,0.46463324124850536,2,610,200
ATCGAGGT,0.39606246,0.6248299179482951,2,610,200
CGATGTCG,0.39597708,0.39354925163897253,2,610,200
GCAGAAAC,0.39516258,0.19359460685276053,2,610,200
GCAGATTC,0.39418733,0.5064837339710552,2,610,200
GATAAAGT,0.39413154,0.6603203727373933,2,610,200
TCAAACAT,0.39299148,0.6869871768441018,2,610,200
ACCCGATC,0.39240223,0.8435966684533872,2,610,200
TACAGTCA,0.39193177,0.47867274151651346,2,610,200
AGCTACCT,0.39120722,0.5349853626355503,2,610,200
TGATATCG,0.39094716,0.9713231352822331,2,610,200
CCAGGTTG,0.38976327,0.30664247721931304,2,610,200
AATCAGGT,0.38943776,0.6245412938605533,2,610,200
GATGTAGG,0.38891226,0.5295530449841257,2,610,200
CCAGGTCA,0.38883126,0.35303879932379495,2,610,200
GCAGCTCG,0.38790393,0.28510905867315384,2,610,200
TATGCTGC,0.38732746,0.45491279429348946,2,610,200
AATTTGGT,0.3871089,0.3763451944089391,2,610,200
GTGCAAAT,0.386162,0.33343297736362515,2,610,200
GCTTATCA,0.38574144,0.7193027666680412,2,610,200
GACCAAAT,0.38558537,0.2704820022265287,2,610,200
AGTTAGTA,0.3854364,0.45211932544427497,2,610,200
CAGGACAT,0.3852236,0.3275780315837216,2,610,200
CATCGCCC,0.3851594,0.30564260091535067,2,610,200
GCTCATGC,0.3846972,0.42995711870696407,2,610,200
TCACCATC,0.38429427,0.3308353605739496,2,610,200
GCAGCTGC,0.38336888,0.22949738176720408,2,610,200
CACAACGT,0.38316,0.27324454706634227,2,610,200
CCACCATG,0.38251033,0.39023007462994264,2,610,200
TATACATG,0.38244906,0.7641735043087453,2,610,200
TAAGAAAC,0.3820921,0.4707149630973488,2,610,200
TATCACGG,0.38072968,0.8500804024244423,2,610,200
CCCGGATG,0.38003695,0.40635179153094464,2,610,200
GCAGCCGC,0.37987232,0.3670164515730013,2,610,200
GGATCTTG,0.37917134,0.8025811239846616,2,610,200
TATGGCAT,0.37778848,0.6032964994021358,2,610,200
ATTAAGCT,0.37724867,0.4809095781965118,2,610,200
GTACATTG,0.37713847,0.3056838329278852,2,610,200
TGCATGCG,0.37707803,0.42196841627839854,2,610,200
GCATAATC,0.37683067,0.6777615140395004,2,610,200
TCAGATCG,0.37556455,0.8457613491114501,2,610,200
GCAGATGC,0.3752261,0.29297406506411583,2,610,200
TTCCACGT,0.37509722,0.2714406465179565,2,610,200
TAAGCATC,0.37505192,0.5239351832762956,2,610,200
CCAACTGC,0.3748956,0.2880983795819074,2,610,200
TAAGCAAC,0.37422094,0.4035583226817301,2,610,200
CTCAACGC,0.37414497,0.28450088648826954,2,610,200
AGCTTGCG,0.3740216,0.2077990351709067,2,610,200
TAGGACAT,0.37381282,0.582762957159939,2,610,200
CGATATCG,0.37365603,0.9555828144971756,2,610,200
GCAGCTGG,0.37324464,0.3248567187564425,2,610,200
CACTACGT,0.37321362,0.33769018265781553,2,610,200
CAGAAGTA,0.37283906,0.4669010019379046,2,610,200
TGATACCA,0.37264463,0.9544077021399414,2,610,200
AAGCATGT,0.37236816,0.5315837216014514,2,610,200
TCAGCAGC,0.37198588,0.35055457056858946,2,610,200
TTAGTTCG,0.37181163,0.35263678720158326,2,610,200
GCAACTGG,0.371486,0.31217787490207394,2,610,200
TTATGTTG,0.37140095,0.4952273945491279,2,610,200
TGATGTGC,0.3711273,0.34145260380159154,2,610,200
TCATCGAG,0.37074444,0.6755040613532347,2,610,200
TACAACGA,0.37055182,0.4264627056446625,2,610,200
GTACCTTA,0.37052146,0.38423081680616833,2,610,200
ACGAACCT,0.3702969,0.5123902197666268,2,610,200
TAGAACGT,0.37005386,0.40082670185131736,2,610,200
GCATCAGG,0.3696127,0.3799633035088443,2,610,200
CTTTTGGT,0.36951134,0.49101142126747205,2,610,200
GTTCCCGA,0.36904845,0.30592091699995877,2,610,200
TAGGACAC,0.36901468,0.4249268131777512,2,610,200
TTAGCCGG,0.36871004,0.5613532346513833,2,610,200
TGACATCG,0.36866093,0.21575681359007134,2,610,200
GCTCGTGC,0.3685724,0.4142271059250402,2,610,200
AATGATTT,0.62776995,0.3911887189213706,3,1120,299
GGATATCG,0.6146634,0.9825485506947594,3,1120,299
ATTGTATC,0.60134095,0.8582855729188142,3,1120,299
TTATCATC,0.59477544,0.746546818950233,3,1120,299
TGATCTCG,0.58536154,0.7810683214447698,3,1120,299
TATCGACT,0.58076286,0.7985713107656784,3,1120,299
TTTCATGT,0.5742978,0.42131901208097966,3,1120,299
CATCCACT,0.5627313,0.3405867315383664,3,1120,299
AATGAAAT,0.55978245,0.32502164680658063,3,1120,299
AATCTAAC,0.5588603,0.38490083700985445,3,1120,299
TATTAACG,0.55873257,0.6825238114872387,3,1120,299
ATAGATGA,0.5581313,0.8349070218117347,3,1120,299
GATTGTTA,0.5573798,0.6718859522533295,3,1120,299
CTAGAATA,0.55720127,0.7434234940007423,3,1120,299
TAACATTT,0.55529904,0.3921679792190657,3,1120,299
ATTATGTA,0.55438703,0.6543726549292871,3,1120,299
TGTCATCG,0.55286205,0.6685976992537006,3,1120,299
TATCACCA,0.55073196,0.9434812188182905,3,1120,299
ATACCTTA,0.5499316,0.8880653939718797,3,1120,299
TATCACCG,0.54859775,0.9123407413515854,3,1120,299
AAATCACC,0.5479691,0.5516946357151692,3,1120,299
TAACCTTA,0.54791135,0.5467777182204264,3,1120,299
TATGACCA,0.54691154,0.38326186451160676,3,1120,299
TTAGCTTA,0.54637086,0.6238918896631345,3,1120,299
ATTTTGTC,0.543461,0.3553374840225952,3,1120,299
CGATGTCA,0.5390605,0.21575681359007134,3,1120,299
TATTAGGT,0.538436,0.7993237949944336,3,1120,299
CTATCTCT,0.53391784,0.8015812476806994,3,1120,299
TTTTTGTC,0.53351885,0.3860553333608213,3,1120,299
CGTTTCCA,0.5325546,0.41589700243268873,3,1120,299
AAACATCT,0.5319398,0.3895394384199893,3,1120,299
AATAACGT,0.5317613,0.4044138869418217,3,1120,299
TATCAGGT,0.53144896,0.8918587391250568,3,1120,299
CTATTTCA,0.5306385,0.6547334350389643,3,1120,299
TATCACGT,0.53050715,0.8492557621737516,3,1120,299
AATCAAGG,0.5298466,0.6110790417680287,3,1120,299
TTACATCC,0.5296293,0.5796808642229827,3,1120,299
ATATAGCT,0.528173,0.8355564260091535,3,1120,299
CTTAGAGT,0.5266318,0.5334803941780398,3,1120,299
TCATGTTC,0.5258626,0.43297736362511857,3,1120,299
GATCGACT,0.52443886,0.7682142415371295,3,1120,299
TTAGAAAC,0.5231827,0.5196058219601699,3,1120,299
GTATATCT,0.51965874,0.9360285325526739,3,1120,299
CATTTCAC,0.5192751,0.3790665072362182,3,1120,299
TCTGACTC,0.51885617,0.5283470086174906,3,1120,299
TTAGTTCA,0.518256,0.4464705397270441,3,1120,299
TCAGCTTT,0.51779205,0.4363790046592174,3,1120,299
TTCAACCT,0.5174837,0.5089988867356616,3,1120,299
ACAGGATA,0.51729,0.7425370057312498,3,1120,299
CTTCATCT,0.51691353,0.4478002721312827,3,1120,299
CTCTTATC,0.51484704,0.7349090834123614,3,1120,299
ATCATGTC,0.51341945,0.7191275306147693,3,1120,299
TTAGGTTA,0.51246995,0.5539727044077022,3,1120,299
TAAAGTCG,0.51166266,0.28245990186781017,3,1120,299
GATAATGT,0.5113481,0.7635962561332619,3,1120,299
GATCAAGT,0.51042193,0.8437203644909909,3,1120,299
ATGCATTG,0.5091399,0.37668535851234897,3,1120,299
TAATACAG,0.5083793,0.7314249783531934,3,1120,299
TAATACCC,0.5080975,0.8883334020533543,3,1120,299
TTTCGCTT,0.50532836,0.34867851399826827,3,1120,299
ATTCGAAT,0.50492704,0.30587968498742424,3,1120,299
TTAGTCCA,0.503824,0.2756050797839443,3,1120,299
TAGATAGT,0.5023088,0.8280006597122006,3,1120,299
ATCGTGTC,0.5022789,0.765420772687915,3,1120,299
TTAGCTCA,0.5013968,0.5668989403372778,3,1120,299
AATCCCGT,0.5010833,0.5833608213416898,3,1120,299
GATCGAGT,0.49972412,0.6555993073021894,3,1120,299
ATCGTCAC,0.49602818,0.6551251391580424,3,1120,299
TACAAACT,0.49539953,0.45988125180390055,3,1120,299
GCAGATAA,0.49506038,0.7307034181338391,3,1120,299
CAATCCGA,0.49401483,0.7073042510204922,3,1120,299
GCTTCTCA,0.49151346,0.6954294314105471,3,1120,299
TACCATCA,0.4913775,0.6052756360037933,3,1120,299
AATAAGGT,0.4906806,0.4961344988248877,3,1120,299
GTAGCATT,0.48915938,0.4898878489259061,3,1120,299
CATTAAGG,0.48859602,0.5834123613573579,3,1120,299
ACCGACTT,0.4879189,0.4006308497917784,3,1120,299
AAACATGT,0.48698884,0.4328124355749804,3,1120,299
TACCATCT,0.48514578,0.5499113511730507,3,1120,299
GATGCTAT,0.4835991,0.6883066012452068,3,1120,299
TTTGGACG,0.4833022,0.24870119160516224,3,1120,299
GCTCCATC,0.48326877,0.3794066713396281,3,1120,299
TTACATGT,0.48228446,0.5502824392858615,3,1120,299
ACTCATGT,0.48213062,0.32536181090999056,3,1120,299
TTTCAGAT,0.48207778,0.8105595184100937,3,1120,299
TAACACAA,0.48156765,0.6211190368201872,3,1120,299
TTAGGTCA,0.48122442,0.5376345194408939,3,1120,299
CATTTGCT,0.4808583,0.40636209953407826,3,1120,299
AAAGCACA,0.48035842,0.33268049313486997,3,1120,299
ACGATGTC,0.48027405,0.36666597946645774,3,1120,299
TTAGTTGT,0.47764155,0.46164392033975177,3,1120,299
ACACGATG,0.4752708,0.5982249618603884,3,1120,299
CTACACTA,0.47517878,0.5451593617284459,3,1120,299
CATCCCGT,0.47493154,0.4278645940708366,3,1120,299
ACTGTGTC,0.4746735,0.33081474456768234,3,1120,299
ACTTCGTC,0.47440997,0.315857832020781,3,1120,299
TTACATGC,0.47426358,0.35931637323217747,3,1120,299
CAATAGAT,0.4728531,0.7724817548344536,3,1120,299
CATCACGT,0.47194207,0.3940234197831196,3,1120,299
TTATACCT,0.84706676,0.8270110914113719,4,1630,398
CAATATCG,0.75305796,0.8136003793345153,4,1630,398
CATATCAG,0.7371068,0.9595513957036244,4,1630,398
TAATATTG,0.735025,0.6940481589906403,4,1630,398
GATATCAC,0.7286318,0.9942172102420319,4,1630,398
TTAGATTG,0.7190684,0.3870242856553829,4,1630,398
TTAGAATC,0.7154665,0.47976538984867856,4,1630,398
ACAGTATC,0.7104224,0.9251020492310229,4,1630,398
CATATCAC,0.7035611,0.9574897950768978,4,1630,398
CGATACTT,0.7009913,0.9094132684616335,4,1630,398
TATCAGCT,0.70062596,0.8572753886117183,4,1630,398
GCTATCAC,0.69598854,0.9339669319259473,4,1630,398
GTATACAT,0.6915564,0.8145590236259431,4,1630,398
TTAGACTG,0.68685055,0.5186987176844101,4,1630,398
GTTATCAG,0.6860338,0.6949140312538655,4,1630,398
TTAATCAT,0.68603325,0.6674947429184018,4,1630,398
CATATCCG,0.6859608,0.8956314682719664,4,1630,398
ATAGTGTC,0.6742545,0.7870366552591432,4,1630,398
TATCACTA,0.67356277,0.9022492062837586,4,1630,398
ACAGTATA,0.66900563,0.8124768069929493,4,1630,398
TTAGATTC,0.66473657,0.4674060940914526,4,1630,398
CATACCAT,0.6493108,0.4820022265286769,4,1630,398
TTAGAATG,0.6482262,0.4862491238197336,4,1630,398
ATACAGTG,0.6471797,0.7233331958932916,4,1630,398
TTAAAGCA,0.6450444,0.5934214324001155,4,1630,398
TTTAATCG,0.6413673,0.743681194079083,4,1630,398
CTTATCAG,0.6408886,0.7270646930276666,4,1630,398
TTAAAATG,0.6400518,0.5055457056858945,4,1630,398
CCTATCTG,0.63887495,0.796252010060611,4,1630,398
ATAGCGTA,0.6373185,0.6774522739454913,4,1630,398
CATAGCAT,0.6364014,0.6446212839648704,4,1630,398
CTTATCCC,0.6329166,0.8243207025934937,4,1630,398
CGTATCGT,0.632256,0.8959613243722425,4,1630,398
TAAGATTG,0.6315487,0.5266255720941739,4,1630,398
TTACACTG,0.6290352,0.5578175895765473,4,1630,398
CCATAGAT,0.6281281,0.5298004370593329,4,1630,398
TATCACCT,0.62406725,0.9200923597080775,4,1630,398
AGAGTCTA,0.62302786,0.396651960582196,4,1630,398
GTAAACTA,0.62222034,0.623345565497052,4,1630,398
ATATGGCT,0.62091357,0.7399806209541088,4,1630,398
TTAGATGG,0.6172839,0.4468313198367212,4,1630,398
TTAGAGTC,0.6172289,0.4106708448439368,4,1630,398
GGATAATG,0.6169738,0.8036222323011587,4,1630,398
TATAACTT,0.616596,0.7422689976497753,4,1630,398
CTTATCCG,0.61639386,0.6164288953943843,4,1630,398
TCAGATTG,0.60532904,0.6198408444316167,4,1630,398
GTAGATTC,0.604101,0.45556219849090834,4,1630,398
TCAGACCT,0.60252935,0.4123613573578527,4,1630,398
TTGATCCT,0.59726614,0.938162289201336,4,1630,398
TAAGAATA,0.5969452,0.6855028243928586,4,1630,398
GATAACTA,0.5965111,0.7369706840390879,4,1630,398
TAACACCA,0.5956065,0.7363418958479363,4,1630,398
AAACAGTG,0.59437263,0.5599925782377437,4,1630,398
CTAAAGCA,0.5940265,0.30632292912217046,4,1630,398
TTAGTGTC,0.5937497,0.4927225497876551,4,1630,398
AAACACAG,0.5896024,0.5551684327712035,4,1630,398
CGTATCAC,0.58802414,0.9751680204510783,4,1630,398
TAACACCG,0.5875532,0.6346225209252464,4,1630,398
TTCGAATC,0.58470297,0.4450274192883355,4,1630,398
AAACAGAC,0.581536,0.38179812806663094,4,1630,398
CATGTATC,0.58039266,0.8900857625860719,4,1630,398
TCTAACAG,0.57992935,0.4898981569290397,4,1630,398
ATAGTAGC,0.57851434,0.7081495072774502,4,1630,398
TAACCCTC,0.5755892,0.4713437512885004,4,1630,398
TCTAACAT,0.57557297,0.5451799777347132,4,1630,398
TTACAGTT,0.57432514,0.32946439615717643,4,1630,398
AAACATTG,0.5736006,0.511204799406259,4,1630,398
CCAGACAA,0.57233554,0.391034098874366,4,1630,398
CGTATCAG,0.57174695,0.9283284542118501,4,1630,398
TAAAATTG,0.57090515,0.37142827691419616,4,1630,398
GATTCCAG,0.5702907,0.676339009607059,4,1630,398
TCAGATTC,0.57007587,0.6503525337071703,4,1630,398
TAACACTG,0.56961304,0.49190821754009817,4,1630,398
CGAAACCG,0.5694098,0.41781429101554446,4,1630,398
GATAACTT,0.5672473,0.6568053436688245,4,1630,398
TTACACTC,0.56565416,0.47519894446047917,4,1630,398
GTAGACTC,0.5642791,0.1998103327423411,4,1630,398
CATATTCG,0.56365055,0.5880818867768935,4,1630,398
CTTAATCG,0.55906206,0.38738506576506,4,1630,398
CATAACCT,0.5588316,0.4725600956582691,4,1630,398
CATAATCG,0.5586788,0.5672081804312868,4,1630,398
TAAGACTT,0.5568953,0.36594441924710347,4,1630,398
TAACAGCT,0.5564439,0.5080402424442337,4,1630,398
GAGTATCT,0.5553013,0.919906815651672,4,1630,398
TTACATTG,0.5550702,0.4298849626850287,4,1630,398
TTACACCT,0.5543605,0.8013132395992248,4,1630,398
AAACAGTT,0.55390614,0.42628746959139074,4,1630,398
ACAGTGTC,0.5530526,0.501010184307096,4,1630,398
CAGATCAA,0.5523454,0.8000247392075207,4,1630,398
AAACCGCT,0.55071497,0.4133509256586814,4,1630,398
CTAATCAC,0.55053496,0.6543623469261535,4,1630,398
CTAGACCT,0.5484143,0.4751886364573455,4,1630,398
GCCTACCG,0.54793197,0.18338968375046388,4,1630,398
GTTAGCCT,0.5478233,0.3722735331711541,4,1630,398
TCATTAGG,0.5477415,0.5929266482497011,4,1630,398
CTGATCTC,0.5472198,0.80263266400033,4,1630,398
GTTAACCG,0.5453701,0.4319053312992207,4,1630,398
ACCGTGTC,0.54517096,0.4142477219313075,4,1630,398
GTTAACGT,0.5437436,0.3523275471075743,4,1630,398
TGTATCAG,1.0383989,0.9403888178782007,5,2140,497
GTATATCG,0.9778924,0.9135570857213541,5,2140,497
TAATATCA,0.90120244,0.8981878530491074,5,2140,497
CTATATCG,0.88998485,0.9230198325980291,5,2140,497
GATATATT,0.8758562,0.9091452603801592,5,2140,497
TATCTCCG,0.8630751,0.8316600008246403,5,2140,497
GGTATCCG,0.84598535,0.8688615841339216,5,2140,497
TATCACTG,0.8271878,0.929534490578485,5,2140,497
GATATTAA,0.8146537,0.8984146291180473,5,2140,497
GTTATCTG,0.8104014,0.700655588999299,5,2140,497
TTATAGGT,0.80631936,0.6512390219766627,5,2140,497
GATACATG,0.796752,0.8900857625860719,5,2140,497
CTTATCAT,0.79095495,0.7583597905413764,5,2140,497
CTTATCAG,0.77740383,0.7270646930276666,5,2140,497
TTATACGT,0.7677551,0.8641508267018514,5,2140,497
CGATCAAG,0.7572153,0.5706922854904548,5,2140,497
CTTATATG,0.7415685,0.7394446047911599,5,2140,497
GTAGATCC,0.73731995,0.746546818950233,5,2140,497
CATATAGG,0.7347369,0.6066466004205666,5,2140,497
ACTTATCG,0.732512,0.6115429019090421,5,2140,497
GGGTACCT,0.71404904,0.26315301199851565,5,2140,497
GATAGAAC,0.71088386,0.6592586484146291,5,2140,497
GTTATATG,0.70804965,0.7215292953449057,5,2140,497
AAATCGAT,0.6948825,0.7117057683585535,5,2140,497
AAAAGATG,0.69126594,0.49517585453345975,5,2140,497
CATATGAG,0.69098794,0.6693914154949904,5,2140,497
TATCACTT,0.68990695,0.9290706304374716,5,2140,497
CCTATATT,0.68649864,0.7062425266977281,5,2140,497
CATAGCTG,0.6844865,0.3096833381437348,5,2140,497
CAATACCT,0.68213105,0.7914587886034717,5,2140,497
TTTCACAA,0.67522687,0.47907475363872515,5,2140,497
TATAGCGA,0.672287,0.7037170659299881,5,2140,497
CGTATAGG,0.6712362,0.698212592256628,5,2140,497
ATACAATT,0.6674888,0.6571042757596999,5,2140,497
GATCTACG,0.66703373,0.6811837710798665,5,2140,497
GAAGATCA,0.6646073,0.846019049189791,5,2140,497
GATTATAT,0.664526,0.868706964086917,5,2140,497
TATTACGT,0.6636125,0.7041190780521998,5,2140,497
TGTTATAC,0.66111577,0.7863254030429225,5,2140,497
TCTATACT,0.6590122,0.7797592050467984,5,2140,497
GTTTTATC,0.6558639,0.6425287593287428,5,2140,497
GCTATTTG,0.655461,0.48040448604296376,5,2140,497
GGTTACCT,0.6484995,0.46613820970601577,5,2140,497
TTTCACCG,0.64740884,0.4960314187935513,5,2140,497
CATAAATG,0.6453399,0.4663237537624212,5,2140,497
GGGATACG,0.64434355,0.7617614315754752,5,2140,497
GTTATAAG,0.64156526,0.675885457469179,5,2140,497
GTTCATCA,0.6400788,0.38418958479363374,5,2140,497
CTTATAAG,0.63776314,0.44538819939801266,5,2140,497
GTTACATC,0.63749343,0.29173710468807984,5,2140,497
GGTATACG,0.63395894,0.7658021688038593,5,2140,497
TATCTTGC,0.6326575,0.7048303302684205,5,2140,497
TCATCAGT,0.6317096,0.5950500968952294,5,2140,497
TTTTATTT,0.62959903,0.5633323712530408,5,2140,497
GAGGATCT,0.6275405,0.7991897909536964,5,2140,497
ACGTACCT,0.6253882,0.46189131241495895,5,2140,497
CCCAGATC,0.6251332,0.8490186781016782,5,2140,497
CTTATACG,0.622354,0.710149259885375,5,2140,497
AATAGTTT,0.61592853,0.5579000536016163,5,2140,497
GTTATTTG,0.6136937,0.5260998639343587,5,2140,497
AATACACG,0.6110541,0.6457448563064363,5,2140,497
TCTCACCA,0.61098385,0.6578361439821877,5,2140,497
ATAGCGTT,0.60977197,0.6352925411289325,5,2140,497
GTTGATCG,0.60940844,0.6303034676122541,5,2140,497
ATAGAAGT,0.6084904,0.5888240630025152,5,2140,497
GTTATACG,0.6004769,0.7483507194986186,5,2140,497
CGAATAAG,0.5983437,0.5442934894652208,5,2140,497
GTTATTAG,0.5969136,0.47905413763245785,5,2140,497
TTACATCT,0.58617693,0.5353255267389601,5,2140,497
CGGGATCG,0.5854542,0.7652249206283759,5,2140,497
GAACAATA,0.5852174,0.6840184719416155,5,2140,497
GTTAAATT,0.58448124,0.4490475405104523,5,2140,497
GTTGCATA,0.5790172,0.4009091658763864,5,2140,497
CATAGCAC,0.576377,0.4524182575351503,5,2140,497
TAACAGCT,0.57595253,0.5080402424442337,5,2140,497
GCTATACG,0.57591295,0.7166433018595638,5,2140,497
CGAACCAG,0.5737625,0.4504494289366264,5,2140,497
GGTACCCT,0.57329935,0.48212592256628045,5,2140,497
TTTGATTG,0.5728195,0.279965365109471,5,2140,497
CTTGATAG,0.5713708,0.832257865006391,5,2140,497
AAACATAG,0.56580436,0.36467653486166657,5,2140,497
CATACCCG,0.5649461,0.652269822290026,5,2140,497
GATTGTGG,0.5643546,0.5685688368449263,5,2140,497
ATCGATGC,0.5641482,0.5711561456314682,5,2140,497
TTACAGCT,0.56404716,0.38016946357151693,5,2140,497
GAATTCCA,0.5633247,0.36098626973982595,5,2140,497
CATACTCG,0.5628515,0.45672700284500883,5,2140,497
GTTACATG,0.5628092,0.399404197418876,5,2140,497
TTCGTAGT,0.56203765,0.3084773017770997,5,2140,497
ATTAATCT,0.56193995,0.7765224920628376,5,2140,497
CATAGGAG,0.5603591,0.3804168556467241,5,2140,497
CTAGTGTC,0.5597839,0.6055745680946687,5,2140,497
TAGAATCC,0.55976474,0.5775058755617862,5,2140,497
CGTAGATG,0.5588022,0.4282666061930483,5,2140,497
GGTTCTTT,0.5583824,0.49487692244258447,5,2140,497
TCCCATCG,0.548909,0.3465653733558735,5,2140,497
CATTAAAG,0.54795825,0.5721869459448315,5,2140,497
GATTACCT,0.5478062,0.6658248464107533,5,2140,497
TTACATCC,0.54731476,0.5796808642229827,5,2140,497
GTATATCC,0.9574972,0.9130623015709397,6,2650,596
ATACTATC,0.8468334,0.9121448892920463,6,2650,596
CTATCAGA,0.83898956,0.8528738712736569,6,2650,596
AATATAAA,0.8294671,0.7181688863233414,6,2650,596
TATCAACT,0.82588154,0.9025996783903022,6,2650,596
ATGCTATC,0.82110596,0.7690079577784191,6,2650,596
TATCACGG,0.8178511,0.8500804024244423,6,2650,596
TCAGATCG,0.8142781,0.8457613491114501,6,2650,596
ATATCTGG,0.80026674,0.8214756937286108,6,2650,596
TTATATTG,0.7920082,0.7113449882488764,6,2650,596
GTTATACT,0.78671587,0.7448769224425845,6,2650,596
GTGATACC,0.7805058,0.9939079701480229,6,2650,596
ATAGAATC,0.77957803,0.6421164392033976,6,2650,596
GTAGATCG,0.7455314,0.7160763616872139,6,2650,596
CTATAGAG,0.73984355,0.5607244464602317,6,2650,596
GTATACTG,0.7297364,0.7762338679750959,6,2650,596
ATACACCT,0.7227386,0.8134766832969117,6,2650,596
GTATAGTT,0.7084281,0.751123572341566,6,2650,596
AATCATCT,0.70696265,0.7145095452109017,6,2650,596
GATCAACT,0.70075065,0.7529274728899517,6,2650,596
ATAGAGTC,0.6890135,0.5523543479157217,6,2650,596
ATACTGTC,0.6828049,0.750536016162949,6,2650,596
GTATCACG,0.67601156,0.9489238444728487,6,2650,596
ATACAATG,0.6752782,0.7358986517131901,6,2650,596
ATACAGTG,0.6701918,0.7233331958932916,6,2650,596
ATACACTC,0.66972506,0.7981074506246649,6,2650,596
ATACAGTC,0.66899526,0.6912443821382922,6,2650,596
GTAACATA,0.66825056,0.5721354059291633,6,2650,596
GATCAAGC,0.6675231,0.8098585741970066,6,2650,596
CTATAAAG,0.6587907,0.5776192635962561,6,2650,596
TTATTTTC,0.65693605,0.5738156104399456,6,2650,596
TTACCCAA,0.65438056,0.44455325114418837,6,2650,596
ATACCCGT,0.6542868,0.9023729023213624,6,2650,596
ATACATGT,0.6392327,0.7572259101966767,6,2650,596
ATACACCC,0.6390934,0.8345359336989239,6,2650,596
ATAGTAAG,0.6341808,0.6941512390219767,6,2650,596
GTTATTTC,0.6315091,0.5864429142786459,6,2650,596
ATAGACTC,0.6309312,0.5967921494248135,6,2650,596
TTACACCG,0.6262605,0.6441264998144559,6,2650,596
CATCATGT,0.62111956,0.5621675668989403,6,2650,596
ATGGTAGA,0.61904025,0.396569496557127,6,2650,596
GTATTCTG,0.61901087,0.6778336700614358,6,2650,596
ATACATCG,0.6182612,0.7363212798416691,6,2650,596
CCACTATA,0.6128498,0.629550983383499,6,2650,596
TAACGAGA,0.6116916,0.6018636869665608,6,2650,596
GTATTAAG,0.60851073,0.7361666597946646,6,2650,596
AATCTACG,0.6071436,0.4552220343874985,6,2650,596
ATAGAAAG,0.60668474,0.7146332412485054,6,2650,596
AATCTAGA,0.60467005,0.5946893167855523,6,2650,596
CTAAATAT,0.60458976,0.7883870036696491,6,2650,596
TAACAGGT,0.60141855,0.39761060487362393,6,2650,596
ATAAAAAT,0.60113883,0.6896569496557127,6,2650,596
CTAGAATT,0.5958162,0.4909495732486703,6,2650,596
TGGCTCAG,0.59536576,0.5535088442666886,6,2650,596
ATTCTCTG,0.5942921,0.33063950851441065,6,2650,596
ATACTAGA,0.5940936,0.7946542695748979,6,2650,596
ATGGACAA,0.5887502,0.29984950315424896,6,2650,596
ATAGAGTG,0.58751607,0.5490867109223602,6,2650,596
CTTCCATA,0.58639276,0.4647878612955098,6,2650,596
ATTCAGGC,0.58567065,0.5489527068816229,6,2650,596
TTTCAACT,0.579346,0.4780542613284955,6,2650,596
ATCCATAG,0.5787062,0.5016905125139158,6,2650,596
TTAAAATT,0.57586396,0.5997917783367006,6,2650,596
ATACAGGG,0.574835,0.7896033480394179,6,2650,596
ATGCTCTC,0.57481587,0.28725312332494946,6,2650,596
CATACACT,0.569976,0.5160701768853339,6,2650,596
TTACATCC,0.569572,0.5796808642229827,6,2650,596
CTAGTTTC,0.5691175,0.6223147651836887,6,2650,596
ATACTACC,0.56764543,0.7173236300663836,6,2650,596
TCAATTCA,0.562493,0.5025976167896755,6,2650,596
CTAATAAG,0.56205064,0.5437987053148063,6,2650,596
TTAGAATC,0.56037307,0.47976538984867856,6,2650,596
TTTCTGGG,0.56028855,0.39052900672081803,6,2650,596
GTAAACAT,0.5600638,0.6031831113676659,6,2650,596
ATACTAGC,0.55987424,0.673865088854987,6,2650,596
ATACTACA,0.55916166,0.8420813919927431,6,2650,596
ATCGGTCC,0.5575151,0.6613305570444893,6,2650,596
ATACTTAC,0.55556905,0.7399600049478415,6,2650,596
AGGGATGC,0.5548074,0.4425019585205954,6,2650,596
ATTCTAGG,0.553243,0.5790933080443657,6,2650,596
ATACTCGG,0.55040103,0.7362491238197337,6,2650,596
ATAGTGTG,0.5499347,0.6116150579309776,6,2650,596
CTACTATG,0.54966277,0.5573124974229993,6,2650,596
TTACATAC,0.548811,0.5998536263555023,6,2650,596
TAACAAGT,0.5463488,0.4815383663876634,6,2650,596
GTAACACA,0.54597867,0.5213787984991548,6,2650,596
AAACAATG,0.5452156,0.4293592545252134,6,2650,596
TACCATGA,0.542915,0.5717952418257536,6,2650,596
TCTAAAGA,0.54042697,0.38177751206036364,6,2650,596
GTAGTATG,0.5371731,0.506318805920917,6,2650,596
ATACAGCG,0.53653705,0.7369294520265535,6,2650,596
TTACATCG,0.5358783,0.33162907681523934,6,2650,596
AATCTTTC,0.5353318,0.4412856141508267,6,2650,596
CTAAACCT,0.53502715,0.4917329814868264,6,2650,596
ATGCATTA,0.53500843,0.7337752030676618,6,2650,596
ATTCAGCC,0.532915,0.41587638642642144,6,2650,596
GCATCTAC,0.5287459,0.5496742671009772,6,2650,596
ATCCAGCT,0.527483,0.602420319135777,6,2650,596
TTCGTATG,0.5241224,0.4655918855399332,6,2650,596
ATAGATCC,0.97371435,0.8351028738712737,7,3160,695
ATCGTATC,0.93013585,0.9294726425596833,7,3160,695
TTATACGA,0.92448676,0.7792541128932504,7,3160,695
ATATAGCT,0.9017576,0.8355564260091535,7,3160,695
CTAGTATC,0.8753844,0.8544819197625036,7,3160,695
CTATACCT,0.8608025,0.854554075784439,7,3160,695
TTCATATC,0.8463749,0.785047210654352,7,3160,695
CTAGATCT,0.83788353,0.7416917494742918,7,3160,695
TTATACGC,0.8365145,0.7211375912258277,7,3160,695
ATAGTAAC,0.834686,0.5184100935966685,7,3160,695
CTATCGGT,0.79273784,0.8110439945573744,7,3160,695
ATAGTCTC,0.7899641,0.7151589494083207,7,3160,695
GGATCCGA,0.78712773,0.836133674184637,7,3160,695
TATCACCC,0.77836806,0.9641693811074918,7,3160,695
ATAGTGTC,0.77665097,0.7870366552591432,7,3160,695
CTAGATCG,0.7729427,0.7431142539067331,7,3160,695
CTTGTATC,0.76960045,0.8760359543149302,7,3160,695
ATACACCG,0.7646177,0.7844390384694677,7,3160,695
ATACTAAA,0.76321554,0.7182513503484106,7,3160,695
GATCTCAG,0.7602023,0.7830886900589618,7,3160,695
TATCTGCG,0.75981295,0.8410505916793799,7,3160,695
TGTCTCCG,0.7566086,0.5506432193955386,7,3160,695
CTATACGT,0.755806,0.7159732816558776,7,3160,695
ATACAGGT,0.75410914,0.7856966148517709,7,3160,695
GGATCAAT,0.7345042,0.938471529295345,7,3160,695
GTAATATC,0.7306564,0.8874881457963963,7,3160,695
TTTGTATC,0.7205854,0.808528841792768,7,3160,695
TAATACGT,0.72010136,0.8198882612460314,7,3160,695
AATCAGCA,0.7159082,0.35375005154001565,7,3160,695
ATACTCCC,0.711083,0.7771718962602565,7,3160,695
CTATTCCG,0.70548844,0.5192553498536263,7,3160,695
AATCATCA,0.7045977,0.5551168927555353,7,3160,695
CTAGTAAC,0.6893842,0.4279882901084402,7,3160,695
ATAGACGA,0.686674,0.56594029604585,7,3160,695
TTATCTGC,0.6845355,0.7307034181338391,7,3160,695
ATACTCCA,0.68210346,0.8276604956087906,7,3160,695
CTTATCTG,0.6790796,0.6713190120809797,7,3160,695
ATACCAGT,0.6752808,0.8308456685770832,7,3160,695
TATCTGCC,0.67192656,0.6987279924133096,7,3160,695
ATAGACCC,0.66802007,0.6658660784232878,7,3160,695
ATAGCCAC,0.66215736,0.5758153630478704,7,3160,695
GATCTGAT,0.6599737,0.9148146621036574,7,3160,695
TCAATCGG,0.65737516,0.5455098338349894,7,3160,695
ATACCAAA,0.6569438,0.7951387457221787,7,3160,695
ATACAGCT,0.6520644,0.7209211231600214,7,3160,695
TATCTGAC,0.6512221,0.7525151527646065,7,3160,695
AAACACCG,0.6483258,0.5815363047870367,7,3160,695
CTATATGT,0.6474951,0.7214777553292376,7,3160,695
ATACTCCG,0.644634,0.8411536717107162,7,3160,695
AGACTATC,0.64428884,0.8424112480930194,7,3160,695
ATACTACT,0.64210844,0.8315466127901703,7,3160,695
CTATCAAC,0.64005643,0.9051663711705769,7,3160,695
ATAGACGT,0.6377248,0.6082237249000123,7,3160,695
AATCACCG,0.6375538,0.36869665608378344,7,3160,695
ATAACGGA,0.63036865,0.7417742134993609,7,3160,695
AGATCTGC,0.62519574,0.7367026759576134,7,3160,695
ATAGAGCA,0.62394464,0.511627427534738,7,3160,695
AATCAGCG,0.61551076,0.47946645775780317,7,3160,695
CATTAAAT,0.6134732,0.5350575186574857,7,3160,695
ATAGAGGC,0.613269,0.24268131777512061,7,3160,695
ATAAAAGT,0.6132272,0.474219684162784,7,3160,695
CAATTAGA,0.6125718,0.5943697686884096,7,3160,695
ATAGACCG,0.6094724,0.4879705603430503,7,3160,695
CTACTATG,0.6085488,0.5573124974229993,7,3160,695
CTAGTAGC,0.6068501,0.417855523028079,7,3160,695
ATAGTAGG,0.6057497,0.6410444068774998,7,3160,695
TTTCTCGG,0.60389155,0.230538490083701,7,3160,695
TTAATAAG,0.6030065,0.6877808930853915,7,3160,695
ATACTGGG,0.6016856,0.6618665732074384,7,3160,695
GATCTGTA,0.601557,0.8168886323341442,7,3160,695
CTAGTACC,0.599283,0.3813239599224838,7,3160,695
TTATGGCT,0.5972258,0.42800890611470743,7,3160,695
GATAAGGT,0.59441423,0.7297963138580794,7,3160,695
GATCTGCA,0.58943707,0.7772749762915928,7,3160,695
TAATTAGA,0.586531,0.6158928792314352,7,3160,695
CAAGTAAC,0.5846288,0.46594235764647673,7,3160,695
AAATTAGT,0.58422035,0.37666474250608173,7,3160,695
ATAGAAGC,0.5818788,0.5721250979260298,7,3160,695
CGCGTATC,0.57771003,0.8965179565414588,7,3160,695
ATCAAAGT,0.57699496,0.7266420648991877,7,3160,695
ATAGAGCT,0.57613975,0.56616707211479,7,3160,695
CAATCGCT,0.571252,0.4464086917082423,7,3160,695
ATTGAGAT,0.5702912,0.7775017523605328,7,3160,695
ATTCACCT,0.562785,0.537294355337484,7,3160,695
ACACACCG,0.5621232,0.4011153259390591,7,3160,695
ATACCACC,0.561505,0.8370820104729313,7,3160,695
CGATTAGA,0.56083727,0.6444460479115987,7,3160,695
AAACTAGA,0.56069416,0.5708675215437266,7,3160,695
TTAGTAGC,0.5568058,0.5029583968993526,7,3160,695
GAACTATC,0.55490535,0.8434832804189173,7,3160,695
TTACATCC,0.5534955,0.5796808642229827,7,3160,695
TTTGAGGT,0.55184835,0.32129014967220554,7,3160,695
AAACAGGA,0.5487667,0.43845091328907765,7,3160,695
GTGTATGT,0.5456862,0.603770667546283,7,3160,695
GGATTTTT,0.5445567,0.7572052941904095,7,3160,695
TTACACGT,0.540234,0.5754751989444605,7,3160,695
CTACATAT,0.5391689,0.6698243516266029,7,3160,695
CTCATTAC,0.5353138,0.6827299715499113,7,3160,695
CCAAGATT,0.53382903,0.33691708242279306,7,3160,695
ATATCGGA,1.0563519,0.9331732156846575,8,3670,794
CATATCCC,0.96480185,0.8628932503195481,8,3670,794
ATCGGATC,0.9473596,0.8946625159774049,8,3670,794
TATCTGAT,0.9034084,0.9222261163567395,8,3670,794
AGATAATA,0.9000019,0.871881829052076,8,3670,794
CTAGATAT,0.87871027,0.8462561332618646,8,3670,794
GGATTATC,0.863426,0.8185172968292582,8,3670,794
GATCAAAT,0.85469633,0.7559477178081062,8,3670,794
TCATATCG,0.8374603,0.8234032903146002,8,3670,794
TATCTGAA,0.82706666,0.7781511565579516,8,3670,794
AAGGTATC,0.8197211,0.9706634230816805,8,3670,794
TAATATCC,0.81364274,0.9024038263307632,8,3670,794
GATCTGCT,0.80926436,0.7849441306230157,8,3670,794
TATCATGC,0.8060202,0.9233084566857709,8,3670,794
GATCATGT,0.7953698,0.8787675751453429,8,3670,794
AGACTATT,0.7592031,0.6269533665938234,8,3670,794
TATAAGAT,0.75875187,0.869438832309405,8,3670,794
GATCTGAA,0.74652547,0.7251989444604792,8,3670,794
ATCGATCC,0.7393691,0.8590895971632376,8,3670,794
ATAGGTAC,0.73666304,0.7680905454995257,8,3670,794
GATCTGCA,0.7345996,0.7772749762915928,8,3670,794
TATAAGCT,0.71945345,0.6512080979672619,8,3670,794
GGATACGT,0.71867675,0.8442254566445387,8,3670,794
CGATTAAA,0.7153381,0.743681194079083,8,3670,794
GATCTGAC,0.69670165,0.687770585082258,8,3670,794
TGATCACC,0.693821,0.8376077186327464,8,3670,794
GATCTGGG,0.69016814,0.8490186781016782,8,3670,794
TAATACGC,0.68487555,0.6113367418463695,8,3670,794
ATATTCGC,0.6814993,0.6606089968251351,8,3670,794
AATCCGAT,0.67887163,0.785356450748361,8,3670,794
GAATTATT,0.67755586,0.4253906733187647,8,3670,794
TACCAATA,0.67566884,0.7324351626602895,8,3670,794
GATCAGCC,0.6695769,0.7705026182327959,8,3670,794
TATCTAGC,0.6663921,0.7679977734713231,8,3670,794
TAGCTACA,0.6557936,0.6745763410712077,8,3670,794
GATGCTAT,0.65114456,0.6883066012452068,8,3670,794
CGAGATAC,0.64906615,0.8160639920834536,8,3670,794
ATCCATCT,0.64282197,0.7188389065270275,8,3670,794
TTTATGGT,0.6415021,0.5138951882241373,8,3670,794
TTTATTAC,0.638097,0.5999257823774378,8,3670,794
AATCTGAT,0.6378965,0.8021688038593164,8,3670,794
TTGATTCC,0.63458127,0.6249948459984331,8,3670,794
AAAGTATG,0.6312879,0.5472621943677071,8,3670,794
ATCGACTC,0.6305509,0.5981321898321857,8,3670,794
TTGGATGA,0.63018185,0.6314888879726219,8,3670,794
GTCGATCC,0.62998176,0.6954397394136809,8,3670,794
AATCTGCT,0.62603754,0.5070094421308704,8,3670,794
GGAATCTA,0.6210129,0.6277367748319795,8,3670,794
ATTCTGAT,0.61385286,0.654795283057766,8,3670,794
CATCTGAA,0.61085767,0.5365315631055951,8,3670,794
ATCGTAAC,0.6082383,0.5910608996825135,8,3670,794
GATAAGCT,0.60743403,0.6141714427081186,8,3670,794
TAACTAGA,0.6032968,0.6837092318476065,8,3670,794
AATAACCA,0.6029339,0.5710118335875973,8,3670,794
CTCGGCTC,0.6004503,0.3186306848637282,8,3670,794
TAACTACC,0.5999596,0.4789613656042552,8,3670,794
TATAAAGC,0.5969924,0.6215210489423989,8,3670,794
CGGTTCAT,0.59644854,0.37731414670350066,8,3670,794
TAAGATCC,0.5954148,0.7736877912010885,8,3670,794
GATCTCGC,0.59356654,0.6493835814126088,8,3670,794
TTACTACA,0.59202355,0.4913618933740156,8,3670,794
TAACTACA,0.5903485,0.40832062012946857,8,3670,794
ATTCCGAT,0.59001976,0.6412814909495733,8,3670,794
CGATCTCA,0.5876595,0.7582670185131736,8,3670,794
CTCATCGC,0.5841838,0.5052570815981527,8,3670,794
ATCTAGAT,0.5829727,0.8611718137962314,8,3670,794
TTACTAGA,0.58178264,0.5240073392982312,8,3670,794
AATCATGT,0.58110225,0.4906609491609285,8,3670,794
ATCCACCT,0.57910216,0.740032160969777,8,3670,794
AAACTAGA,0.57320356,0.5708675215437266,8,3670,794
GCATTAAC,0.5692186,0.35536840803199604,8,3670,794
ATACTGCG,0.56912005,0.5665278522244671,8,3670,794
TTTATGCT,0.56890225,0.41002144064651797,8,3670,794
TAATAAGC,0.56431895,0.6830082876345194,8,3670,794
GGCCTATC,0.5639442,0.713097348781594,8,3670,794
CTAGGTAA,0.563546,0.33457716571145835,8,3670,794
TTACCAGA,0.56256634,0.46810703830453965,8,3670,794
TTACTACC,0.5569594,0.5059167937987054,8,3670,794
TACCATCG,0.5557851,0.4140312538655012,8,3670,794
AATCTGAG,0.554978,0.6832556797097267,8,3670,794
CACATACC,0.5530565,0.3851894610975962,8,3670,794
CTAGCTGT,0.5514755,0.383313404527275,8,3670,794
GGTGTCTC,0.54925406,0.6179957118706965,8,3670,794
TACCATCT,0.5474885,0.5499113511730507,8,3670,794
CTGGGATC,0.5456413,0.7726879148971262,8,3670,794
TAACGAGG,0.5450349,0.5494577990351709,8,3670,794
CATGTAAC,0.5449199,0.399404197418876,8,3670,794
TAGAGAGA,0.54431003,0.524739207520719,8,3670,794
AAACTACC,0.54405224,0.37132519688285986,8,3670,794
CTGAGAGT,0.543878,0.32038304539644585,8,3670,794
GAATATGC,0.5433501,0.518059621490125,8,3670,794
CTCGATCC,0.5403776,0.7659567888508638,8,3670,794
ATGGTTTC,0.5369836,0.5269451201913166,8,3670,794
TAGCTGAG,0.53654486,0.4753123324949491,8,3670,794
TTACACGT,0.5354333,0.5754751989444605,8,3670,794
TAGCAATT,0.533596,0.626066878324331,8,3670,794
TAGCATGC,0.5329297,0.409908052612048,8,3670,794
CATCTTCC,0.53208745,0.5608790665072362,8,3670,794
GTACTACA,0.53182304,0.6048839318847153,8,3670,794
GATCAGAG,0.9248754,0.7113656042551437,9,4180,893
TATCAAGG,0.8817132,0.8977961489300293,9,4180,893
GATCAAAT,0.87505394,0.7559477178081062,9,4180,893
CATATACT,0.87327635,0.7143549251638973,9,4180,893
CAGATCCA,0.8689339,0.732167154578815,9,4180,893
CAGATCAT,0.86179775,0.8980435410052365,9,4180,893
CGTATCTG,0.85232574,0.84048365150703,9,4180,893
GATCATGG,0.84827095,0.8021997278687173,9,4180,893
GATCCTCT,0.8432081,0.860058549457799,9,4180,893
ATACACAG,0.8304631,0.7122727085309034,9,4180,893
GATCAGGT,0.81384116,0.801869871768441,9,4180,893
CGTATAGA,0.7971409,0.7608852513091166,9,4180,893
GATCACCT,0.7962081,0.872696161299633,9,4180,893
CGTATCGA,0.7883663,0.8546983878283099,9,4180,893
GATCAGTT,0.7852846,0.8914361109965778,9,4180,893
TATATTCT,0.78127563,0.8072712654104647,9,4180,893
GATCAGCT,0.78067404,0.7789551808023749,9,4180,893
TATCTCCC,0.7804497,0.9374407289819816,9,4180,893
GATACGTT,0.77619994,0.8869727456397147,9,4180,893
CATATTAA,0.7717698,0.7971797303426381,9,4180,893
TCTCAATG,0.76126164,0.6361377973858904,9,4180,893
TATTTCAG,0.76036537,0.6081412608749434,9,4180,893
ATAACAGA,0.74436444,0.7718323506370346,9,4180,893
CATCTATC,0.74139315,0.7231785758462871,9,4180,893
GATCTAAC,0.737674,0.6662371665360985,9,4180,893
GATACGCT,0.72919375,0.8690368201871933,9,4180,893
GATCTTGC,0.728633,0.7374654681895023,9,4180,893
CATTTTTA,0.7260083,0.3914773430091123,9,4180,893
GATCGTCT,0.7242232,0.7827382179524183,9,4180,893
GATAACGT,0.7223791,0.6825856595060406,9,4180,893
GATCTGAC,0.7214422,0.687770585082258,9,4180,893
CAGATCAG,0.7185298,0.8421844720240795,9,4180,893
ACTATCAT,0.71152824,0.9216901001937905,9,4180,893
CATCATGA,0.7083909,0.5430565290891849,9,4180,893
TATGTTAA,0.7073174,0.6236960376035955,9,4180,893
CATCAGAC,0.69054157,0.5039376571970478,9,4180,893
GATCCCCT,0.6878409,0.8472147775532924,9,4180,893
ACTGATCT,0.68692195,0.9038778707788728,9,4180,893
GATCTCAC,0.6867355,0.7525048447614728,9,4180,893
ATAGCTAC,0.6842418,0.7587927266729889,9,4180,893
TATTTTCA,0.6840307,0.45244918154455116,9,4180,893
ATGAATGT,0.6833374,0.5705376654434503,9,4180,893
GATTAGCT,0.6819851,0.6674122788933328,9,4180,893
GATAAGCG,0.68047255,0.542407124891766,9,4180,893
AATAATCT,0.67955685,0.7363006638354018,9,4180,893
AATCTGTA,0.67703813,0.5557044489341525,9,4180,893
CGATTCAG,0.67270267,0.5211210984208139,9,4180,893
GATCGTAC,0.6596186,0.7983136106873376,9,4180,893
GATCTCGC,0.6557849,0.6493835814126088,9,4180,893
CTGATCGC,0.6530362,0.708128891271183,9,4180,893
TAGGTTAT,0.65002203,0.6555889992990558,9,4180,893
GATTTCAA,0.6483454,0.37044901661650104,9,4180,893
TAGCTAGA,0.64261186,0.5207500103080032,9,4180,893
GTTATGGC,0.6426102,0.2879437595349029,9,4180,893
CATAGAAT,0.64093935,0.4941965942357647,9,4180,893
ACAATATT,0.62780195,0.6453119201748237,9,4180,893
GATCGCCT,0.6209175,0.7095617037067579,9,4180,893
CATACTCT,0.6142916,0.4268544097637406,9,4180,893
CAGATTAA,0.6123939,0.8143734795695378,9,4180,893
CATACCGA,0.6118661,0.5693831690924834,9,4180,893
TATAGGCT,0.6084743,0.6724425844225457,9,4180,893
CATTGTCA,0.6023036,0.4518822413722014,9,4180,893
ATCCATGC,0.601733,0.6659794664577579,9,4180,893
GATCTGTC,0.60072327,0.734888467406094,9,4180,893
CATTTTCA,0.6003989,0.4394817136024409,9,4180,893
TGTCGATC,0.59742635,0.6145012988083949,9,4180,893
TATGATGT,0.5945291,0.5617037067579268,9,4180,893
CATTTTAA,0.5935346,0.5055457056858945,9,4180,893
AATCTGAA,0.5843338,0.6160474992784397,9,4180,893
CATTTGTA,0.5816424,0.45819073928998477,9,4180,893
GTTCTAGA,0.581162,0.5992248381643508,9,4180,893
TACCGACC,0.5786553,0.4633344328536676,9,4180,893
CAACTAGA,0.5786143,0.4569640869170824,9,4180,893
TCTGGTCA,0.5772035,0.348544509957531,9,4180,893
CAATTCTA,0.5771176,0.4743536882035212,9,4180,893
CATCAGGT,0.57165843,0.3865810415206366,9,4180,893
AATGGAAA,0.5701676,0.5008864882694924,9,4180,893
GATAGGCT,0.56618893,0.8120644868676041,9,4180,893
GATCGGGT,0.5652884,0.8435966684533872,9,4180,893
CTATTCGA,0.56364864,0.5978951057601122,9,4180,893
TCTAGCCC,0.56000155,0.5285737846864306,9,4180,893
TATTGGCA,0.5595629,0.5920401599802086,9,4180,893
GTTATGCC,0.5579937,0.40364078670679915,9,4180,893
GATCGGCT,0.5565077,0.8444522327134788,9,4180,893
TAACAAGG,0.5550391,0.5403455242650393,9,4180,893
TATAAGGC,0.5540019,0.5020100606110585,9,4180,893
CGATTCGA,0.5524203,0.6036985115243475,9,4180,893
CATAGTGA,0.5524168,0.530779697357028,9,4180,893
CATCTCGG,0.55222493,0.5523543479157217,9,4180,893
AATCGTAC,0.55190885,0.38937451036985116,9,4180,893
CAAATCAG,0.5462394,0.5012163443697687,9,4180,893
ATCGAGAG,0.5460386,0.5834535933698923,9,4180,893
CATTCGAT,0.543637,0.6966457757803157,9,4180,893
CCCTGAGA,0.542981,0.5942151486414051,9,4180,893
CATAAGTA,0.5404184,0.5954314930111739,9,4180,893
TTAAACGA,0.5402797,0.42079330392116443,9,4180,893
ACTATGAC,0.53845054,0.4767554529336577,9,4180,893
CATCAGCC,0.53658384,0.31847606481672375,9,4180,893
CGGTTCCA,0.53398436,0.28485135859481303,9,4180,893
GGATATAT,0.98121464,0.9604275759699832,10,4690,992
ATACTATA,0.8898932,0.9304519028573784,10,4690,992
GATCGATA,0.87162894,0.9319774873211563,10,4690,992
GTATACCT,0.8636861,0.8547499278439781,10,4690,992
ATATATTA,0.8463381,0.878932503195481,10,4690,992
GATCAATG,0.8328452,0.7955922978600585,10,4690,992
GTATTATA,0.83120656,0.9227105925040202,10,4690,992
ATACTCTG,0.81557375,0.8405661155320991,10,4690,992
GATCTATG,0.81104153,0.8221354059291635,10,4690,992
GAAGATCA,0.8042622,0.846019049189791,10,4690,992
GGGGTATA,0.79062915,0.9564074547478663,10,4690,992
ATACCACG,0.7608207,0.7042015420772688,10,4690,992
GATCGATT,0.75929046,0.7759246278810868,10,4690,992
GGAGATCG,0.7516758,0.7750278316084609,10,4690,992
GCCGTATC,0.7513679,0.9013111779985981,10,4690,992
GATCCCGA,0.7456538,0.7963138580794129,10,4690,992
GATCACTG,0.7414146,0.8977343009112275,10,4690,992
CATATAAT,0.73388964,0.7818104976703913,10,4690,992
GATCAACT,0.72948384,0.7529274728899517,10,4690,992
GCTTATCT,0.7292007,0.44158454624170207,10,4690,992
GTCCTATC,0.71863455,0.8242588545746918,10,4690,992
TATAGTCA,0.71272457,0.6653506782666062,10,4690,992
CTTATATT,0.71074,0.7946130375623633,10,4690,992
ATACTCGG,0.7104683,0.7362491238197337,10,4690,992
TATCTAGC,0.7077678,0.7679977734713231,10,4690,992
GATAACCT,0.7070704,0.7329196388075702,10,4690,992
GTATACTC,0.70513445,0.6768028697480724,10,4690,992
ATACTAGC,0.69454473,0.673865088854987,10,4690,992
GAGCGATA,0.6923064,0.8173215684657568,10,4690,992
TATAAACC,0.69159955,0.6838020038758093,10,4690,992
AATGATCT,0.6914879,0.9316063992083453,10,4690,992
GATACGCA,0.6810281,0.8483692739042592,10,4690,992
CTATACGA,0.67694384,0.7410526532800066,10,4690,992
GATAACCG,0.6734249,0.7549478415041438,10,4690,992
CTGATCGC,0.65946835,0.708128891271183,10,4690,992
ATAATCGC,0.6565121,0.6135941945326352,10,4690,992
GCGATCGA,0.655875,0.7227765637240754,10,4690,992
GAATACTG,0.65309966,0.47323011586195524,10,4690,992
GAACTATG,0.6482527,0.3418133839112687,10,4690,992
GTATTCAC,0.6403581,0.5918752319300705,10,4690,992
GCTTATAT,0.6398169,0.7358058796849875,10,4690,992
CATTATGT,0.63965446,0.40842370016080487,10,4690,992
GCTTATTA,0.63748294,0.6830082876345194,10,4690,992
CAATAGCT,0.62732035,0.5243990434173093,10,4690,992
GTATTTTC,0.6245686,0.6183771079866408,10,4690,992
CATAATCT,0.6140608,0.6513627180142663,10,4690,992
GAATAAAG,0.6121156,0.44417185502824397,10,4690,992
CCTTATCG,0.6049912,0.5353667587514946,10,4690,992
ATAAACCG,0.59920853,0.632385684245248,10,4690,992
GTATATGC,0.59247375,0.7418876015338309,10,4690,992
GAATCAGC,0.5900692,0.42719457386715043,10,4690,992
GTCTATTT,0.58826226,0.7342287552055415,10,4690,992
ATCTTCAT,0.58111984,0.6764317816352616,10,4690,992
GGTCTATG,0.5795565,0.6060281202325486,10,4690,992
ACACGATG,0.5791679,0.5982249618603884,10,4690,992
GAACTAGA,0.5779502,0.5686822248793963,10,4690,992
GTATTGCC,0.5774697,0.630561167690595,10,4690,992
GTATACGC,0.5768483,0.715849585618274,10,4690,992
ATGATTAC,0.5755337,0.5149775285531687,10,4690,992
GAGCTAGA,0.57438767,0.5071743701810085,10,4690,992
CTCAATAG,0.57268757,0.6512905619923308,10,4690,992
AATCCAAG,0.5701785,0.5166474250608173,10,4690,992
ATTCTATG,0.5646595,0.4941965942357647,10,4690,992
ACCAGTAT,0.5634262,0.7562775739083825,10,4690,992
TGTCACCG,0.5619039,0.5003917041190781,10,4690,992
GACGATCT,0.56122434,0.6892652455366346,10,4690,992
GATAAGCG,0.5601373,0.542407124891766,10,4690,992
ATCGATTT,0.5564241,0.7117057683585535,10,4690,992
GATGATTG,0.5546135,0.4847853873747578,10,4690,992
GTTCTAGT,0.5414584,0.4661794417185503,10,4690,992
AAATATTG,0.5392944,0.6719374922689977,10,4690,992
CATAATCG,0.538442,0.5672081804312868,10,4690,992
GTACTATT,0.5360109,0.5272337442790583,10,4690,992
GCATACGA,0.5343646,0.56869253288253,10,4690,992
GAACTAGC,0.53418106,0.29955057106337357,10,4690,992
TTTCATCG,0.5332744,0.47727085309033934,10,4690,992
GAACTAGG,0.5330389,0.35833711293448234,10,4690,992
TTAGAGAT,0.5287675,0.7090669195563436,10,4690,992
GAAATCAG,0.5285898,0.4154846823073434,10,4690,992
CGTATGCT,0.5276719,0.5798767162825218,10,4690,992
CATATGCT,0.5254879,0.5082154784975055,10,4690,992
ATCACCAG,0.52487403,0.726858532964994,10,4690,992
GTATAGGC,0.52335703,0.5469941862862326,10,4690,992
GTTCTATG,0.51937157,0.5530346761225416,10,4690,992
ATTCCAGA,0.51835483,0.5956582690801139,10,4690,992
CTCCTAGA,0.517249,0.6489712612872635,10,4690,992
GAATACGC,0.513749,0.5285840926895642,10,4690,992
TTACACGA,0.51068664,0.6622788933327836,10,4690,992
GTCTACTT,0.51063406,0.3227229621077805,10,4690,992
GTATTCGT,0.5056808,0.5586937698429061,10,4690,992
GTTCAAAC,0.5052037,0.37101595678885085,10,4690,992
GTGCTACC,0.5046932,0.33177338885911023,10,4690,992
GTAAACCT,0.49956453,0.46594235764647673,10,4690,992
GTATTCGA,0.4987628,0.5791242320537665,10,4690,992
GTAAACTT,0.49875772,0.3690058961777924,10,4690,992
ATTGAGGT,0.498628,0.45173792932833057,10,4690,992
TTACCATG,0.49785063,0.4151651342102008,10,4690,992
GTACTAGA,0.49575928,0.5340576423535233,10,4690,992
GTGCTAGA,0.49547237,0.3601925534985363,10,4690,992
