{"run_id": "07:30:10-01/17/2025", "exp_name": "DirichletPPO", "model_name": "LandscapeAsModel=TF_Binding", "landscape_name": "TF_Binding", "rounds": 10, "sequences_batch_size": 100, "model_queries_per_batch": 5000}
sequence,model_score,true_score,round,model_cost,measurement_cost
GCTCGAGC,,0.5502102832639261,0,0,1
GGGATATC,0.9840638,0.9840638271554035,1,12000,100
GATATCGC,0.9771575,0.9771574650558693,1,12000,100
TATATATC,0.9730446,0.9730445718055498,1,12000,100
GATATATA,0.9730446,0.9730445718055498,1,12000,100
GATATATC,0.97251886,0.9725188636457345,1,12000,100
TATCAAAT,0.9692615,0.9692615346555065,1,12000,100
GGTGTATC,0.9676947,0.9676947181791943,1,12000,100
GGTATATC,0.9673236,0.9673236300663836,1,12000,100
GATATACC,0.9673236,0.9673236300663836,1,12000,100
GAGATATC,0.96503526,0.9650352533707169,1,12000,100
TATCACCC,0.9641694,0.9641693811074918,1,12000,100
TATCAATA,0.9604276,0.9604275759699831,1,12000,100
TATTGATA,0.9604276,0.9604275759699831,1,12000,100
TATCACTC,0.9481817,0.9481816682472273,1,12000,100
TATCATGT,0.9466664,0.9466663917865831,1,12000,100
GGATGATA,0.94549125,0.9454912794293491,1,12000,100
GAATGATA,0.94123405,0.9412340741351586,1,12000,100
TATCATTC,0.94123405,0.9412340741351586,1,12000,100
TCGATATC,0.94004864,0.9400486537747907,1,12000,100
GTGATAGC,0.93396693,0.9339669319259473,1,12000,100
TATCGATC,0.9319775,0.9319774873211562,1,12000,100
GATCGATA,0.9319775,0.9319774873211562,1,12000,100
GATATAAT,0.9310807,0.9310806910485301,1,12000,100
ATTATATC,0.9310807,0.9310806910485301,1,12000,100
TATCAACA,0.9309467,0.9309466870077928,1,12000,100
GATACCGT,0.93062717,0.9306271389106502,1,12000,100
GATATAGG,0.92959636,0.929596338597287,1,12000,100
GATACATC,0.92898816,0.9289881664124026,1,12000,100
GATGTATC,0.92898816,0.9289881664124026,1,12000,100
GCGATATA,0.92818415,0.9281841421679792,1,12000,100
TATATCGC,0.92818415,0.9281841421679792,1,12000,100
GAAGTATC,0.9264318,0.9264317816352615,1,12000,100
GATATATG,0.9251948,0.9251948212592257,1,12000,100
GATATAGA,0.9246073,0.9246072650806086,1,12000,100
TCTATATC,0.9246073,0.9246072650806086,1,12000,100
TATAGATA,0.9239476,0.923947552880056,1,12000,100
TATCTATA,0.9239476,0.923947552880056,1,12000,100
GATAGATA,0.9238135,0.9238135488393188,1,12000,100
TATCTATC,0.9238135,0.9238135488393188,1,12000,100
TATCATGC,0.92330843,0.9233084566857709,1,12000,100
GCATGATA,0.92330843,0.9233084566857709,1,12000,100
ACTATATC,0.92187566,0.921875644250196,1,12000,100
GATATAGT,0.92187566,0.921875644250196,1,12000,100
TATCATGA,0.92061806,0.9206180678678927,1,12000,100
TCATGATA,0.92061806,0.9206180678678927,1,12000,100
GATATAGC,0.9194223,0.9194223395043912,1,12000,100
GCTATATC,0.9194223,0.9194223395043912,1,12000,100
TATCGATT,0.9179174,0.9179173710468809,1,12000,100
AATCGATA,0.9179174,0.9179173710468809,1,12000,100
TTTTGATA,0.9173092,0.9173091988619964,1,12000,100
ATCAGATC,0.91481465,0.9148146621036574,1,12000,100
TCCCTATC,0.91408277,0.9140827938811694,1,12000,100
AGATGATC,0.9131757,0.9131756896054097,1,12000,100
AAGCGATA,0.9130417,0.9130416855646725,1,12000,100
TATCGCTT,0.9130417,0.9130416855646725,1,12000,100
GTACGATA,0.9126603,0.912660289448728,1,12000,100
GATATACA,0.91143364,0.9114336370758257,1,12000,100
TGTATATC,0.91143364,0.9114336370758257,1,12000,100
GTATTATC,0.91143364,0.9114336370758257,1,12000,100
GATCATTA,0.91079456,0.9107945408815404,1,12000,100
GATCAATA,0.91079456,0.9107945408815404,1,12000,100
TATTGATC,0.91079456,0.9107945408815404,1,12000,100
GATTGATA,0.9094751,0.9094751164804354,1,12000,100
TATCAATC,0.9094751,0.9094751164804354,1,12000,100
GATCACTT,0.9092793,0.9092792644208963,1,12000,100
AATATATC,0.90914524,0.9091452603801592,1,12000,100
TATCAAGC,0.9089082,0.9089081763080856,1,12000,100
GCTTGATA,0.9089082,0.9089081763080856,1,12000,100
TATCAAAC,0.9073001,0.9073001278192389,1,12000,100
TATCGTTA,0.9072692,0.907269203809838,1,12000,100
TATCGTTC,0.9060941,0.9060940914526039,1,12000,100
GAACGATA,0.9060941,0.9060940914526039,1,12000,100
GCGTGATA,0.9045994,0.904599430998227,1,12000,100
TATCACGC,0.9045994,0.904599430998227,1,12000,100
TATCTCTC,0.9031048,0.9031047705438503,1,12000,100
TATCGATA,0.90300167,0.903001690512514,1,12000,100
TATCTATG,0.90194,0.9019399661897497,1,12000,100
GGTTGATA,0.89998144,0.8999814455943594,1,12000,100
TATCAACC,0.89998144,0.8999814455943594,1,12000,100
ACTGTATC,0.89874446,0.8987444852183236,1,12000,100
AATTGATA,0.8980538,0.8980538490083702,1,12000,100
TATCAATT,0.8980538,0.8980538490083702,1,12000,100
TATCAAGG,0.89779615,0.8977961489300293,1,12000,100
CCTTGATA,0.89779615,0.8977961489300293,1,12000,100
TATCAAGT,0.8977652,0.8977652249206285,1,12000,100
ACTTGATA,0.8977652,0.8977652249206285,1,12000,100
GATCACCC,0.8962809,0.8962808724693851,1,12000,100
AATATACC,0.89603347,0.896033480394178,1,12000,100
GCAGTATC,0.8951882,0.8951882241372201,1,12000,100
GCTATCAG,0.895013,0.8950129880839484,1,12000,100
GATCCGAT,0.8946625,0.8946625159774049,1,12000,100
GATCATAC,0.8940234,0.8940234197831196,1,12000,100
GGATCAGT,0.89380693,0.8938069517173133,1,12000,100
TATCGGTT,0.8930957,0.8930956995010927,1,12000,100
TATCAGGT,0.89185876,0.8918587391250568,1,12000,100
GATCATTG,0.8911681,0.8911681029151033,1,12000,100
GATCACAC,0.8910341,0.8910340988743661,1,12000,100
GATACATG,0.89008576,0.8900857625860719,1,12000,100
GATCATCC,0.8900548,0.890054838576671,1,12000,100
GTGATATC,0.9942172,0.9942172102420319,2,24000,199
GTGATACC,0.993908,0.9939079701480229,2,24000,199
TTGATATC,0.99350595,0.9935059580258113,2,24000,199
TTGATACC,0.99298024,0.992980249865996,2,24000,199
GGGGTATC,0.99091864,0.9909186492392694,2,24000,199
ATGATACC,0.989692,0.989691996866367,2,24000,199
GTATCATC,0.9861873,0.9861872758009319,2,24000,199
ATGATATG,0.9850946,0.9850946274687667,2,24000,199
GGGATATC,0.9840638,0.9840638271554035,2,24000,199
TTGATACG,0.9825898,0.982589782707294,2,24000,199
ACGATATC,0.9820228,0.9820228425349441,2,24000,199
AGGGTATC,0.98124975,0.9812497422999216,2,24000,199
ATGATACT,0.98043543,0.9804354100523647,2,24000,199
TAGGTATC,0.97972417,0.979724157836144,2,24000,199
ATGATATC,0.9794561,0.9794561497546695,2,24000,199
GCGATATC,0.9771575,0.9771574650558693,2,24000,199
AGGATATC,0.9755082,0.9755081845544881,2,24000,199
CTGATATC,0.9750546,0.9750546324166083,2,24000,199
CGGATATC,0.9737352,0.9737352080155032,2,24000,199
AAGATATC,0.9732095,0.9732094998556878,2,24000,199
GATATATA,0.9730446,0.9730445718055498,2,24000,199
TATATATC,0.9730446,0.9730445718055498,2,24000,199
TAGATATC,0.9729827,0.9729827237867481,2,24000,199
GATATATC,0.97251886,0.9725188636457345,2,24000,199
GTGATACA,0.97146744,0.9714674473261039,2,24000,199
AAGGTATC,0.9706634,0.9706634230816805,2,24000,199
TTGATATG,0.970045,0.9700449428936627,2,24000,199
ATCATATC,0.97002435,0.9700243268873954,2,24000,199
GTGATACT,0.969478,0.9694780027213128,2,24000,199
CAGATATC,0.968272,0.9682719663546778,2,24000,199
GGTGTATC,0.9676947,0.9676947181791943,2,24000,199
GATATACC,0.9673236,0.9673236300663836,2,24000,199
GGTATATC,0.9673236,0.9673236300663836,2,24000,199
CTGATACT,0.9653548,0.9653548014678596,2,24000,199
CGGGTATC,0.96530324,0.9653032614521916,2,24000,199
GAGATATC,0.96503526,0.9650352533707169,2,24000,199
GATATCTC,0.96503526,0.9650352533707169,2,24000,199
GGGTGATA,0.9641694,0.9641693811074918,2,24000,199
TTGATACA,0.9631695,0.9631695048035296,2,24000,199
TGGATATC,0.96232426,0.9623242485465716,2,24000,199
TAGATACC,0.962149,0.9621490124932999,2,24000,199
GGTATCTA,0.962149,0.9621490124932999,2,24000,199
GTGATATA,0.9619738,0.961973776440028,2,24000,199
ATGACACC,0.96127284,0.961272832226941,2,24000,199
AGAGTATC,0.95973694,0.9597369397600297,2,24000,199
CTGATATG,0.9595514,0.9595513957036242,2,24000,199
CAGGTATC,0.9586752,0.9586752154372655,2,24000,199
GGTATCGT,0.95775783,0.9577578031583722,2,24000,199
ACGATACC,0.95775783,0.9577578031583722,2,24000,199
CGGATCAT,0.9577166,0.9577165711458376,2,24000,199
GTGATATG,0.9574898,0.9574897950768977,2,24000,199
ATGATATA,0.9571909,0.9571908629860224,2,24000,199
GGGGTATA,0.9564074,0.9564074547478661,2,24000,199
GGGGGATA,0.9563147,0.9563146827196636,2,24000,199
GAGGTATC,0.9544386,0.9544386261493425,2,24000,199
CTGATACC,0.9533975,0.9533975178328454,2,24000,199
GGGGGATC,0.95283055,0.9528305776604957,2,24000,199
CCGATATC,0.95283055,0.9528305776604957,2,24000,199
AAAGTATC,0.9525935,0.952593493588422,2,24000,199
ATGATCCC,0.9514184,0.9514183812311879,2,24000,199
GGGATCAT,0.9514184,0.9514183812311879,2,24000,199
AGATGATA,0.95012987,0.9501298808394838,2,24000,199
GCGATACC,0.9493362,0.9493361645981941,2,24000,199
GGTATCGC,0.9493362,0.9493361645981941,2,24000,199
GGGATATA,0.94857335,0.9485733723663052,2,24000,199
GGCATATC,0.9485527,0.9485527563600379,2,24000,199
AGTGTATC,0.9470581,0.9470580959056611,2,24000,199
ATAGTATC,0.946151,0.9461509916299015,2,24000,199
ATGGTATC,0.9456356,0.9456355914732198,2,24000,199
GGATGATA,0.94549125,0.9454912794293491,2,24000,199
GTGATATT,0.94530576,0.9453057353729436,2,24000,199
CTGATATA,0.94520265,0.9452026553416072,2,24000,199
TGGGTATC,0.9444502,0.944450171112852,2,24000,199
TGGTGATA,0.9434812,0.9434812188182905,2,24000,199
ACGATATG,0.94313073,0.9431307467117469,2,24000,199
CCGATACC,0.9428421,0.9428421226240052,2,24000,199
ATCATATA,0.9412856,0.9412856141508267,2,24000,199
GGGTATCC,0.94124436,0.9412443821382921,2,24000,199
GTAGTATC,0.9406156,0.9406155939471406,2,24000,199
CTGATACA,0.9403888,0.9403888178782007,2,24000,199
GGGATCAC,0.9401311,0.9401311177998598,2,24000,199
GTGATCCC,0.9401311,0.9401311177998598,2,24000,199
TCGATATC,0.94004864,0.9400486537747907,2,24000,199
AGTATATC,0.9377706,0.937770585082258,2,24000,199
TATATCTC,0.9376984,0.9376984290603225,2,24000,199
GAGATATA,0.9376984,0.9376984290603225,2,24000,199
GGGAGATA,0.93744075,0.9374407289819816,2,24000,199
GGAGTATC,0.93565744,0.9356574444398631,2,24000,199
GCTATCAC,0.93396693,0.9339669319259473,2,24000,199
GTGATAGC,0.93396693,0.9339669319259473,2,24000,199
TTGATATA,0.933668,0.933667999835072,2,24000,199
GGTATTAT,0.9329258,0.9329258236094504,2,24000,199
TAGATATA,0.93192595,0.931925947305488,2,24000,199
ATTATATC,0.9310807,0.9310806910485301,2,24000,199
ACGGTATC,0.93062717,0.9306271389106502,2,24000,199
AGTATATA,0.9302767,0.9302766668041067,2,24000,199
GGTATATA,0.9296994,0.9296994186286234,2,24000,199
TATATACC,0.9296994,0.9296994186286234,2,24000,199
CCTATATC,0.92959636,0.929596338597287,2,24000,199
GTGATATC,0.9942172,0.9942172102420319,3,36000,298
GATATCAC,0.9942172,0.9942172102420319,3,36000,298
GTGATACC,0.993908,0.9939079701480229,3,36000,298
TTGATATC,0.99350595,0.9935059580258113,3,36000,298
TTGATACC,0.99298024,0.992980249865996,3,36000,298
GGGGTATC,0.99091864,0.9909186492392694,3,36000,298
ATGATACC,0.989692,0.989691996866367,3,36000,298
GTATCATC,0.9861873,0.9861872758009319,3,36000,298
ATGATATG,0.9850946,0.9850946274687667,3,36000,298
ATGATACG,0.9847338,0.9847338473590896,3,36000,298
GGGATATC,0.9840638,0.9840638271554035,3,36000,298
TTGATACG,0.9825898,0.982589782707294,3,36000,298
ACGATATC,0.9820228,0.9820228425349441,3,36000,298
AGGGTATC,0.98124975,0.9812497422999216,3,36000,298
ATGATACT,0.98043543,0.9804354100523647,3,36000,298
ATGATATC,0.9794561,0.9794561497546695,3,36000,298
TTGATACT,0.9781986,0.9781985733723663,3,36000,298
GCGATATC,0.9771575,0.9771574650558693,3,36000,298
ATGATACA,0.97611636,0.9761163567393725,3,36000,298
AGGATATC,0.9755082,0.9755081845544881,3,36000,298
GTGATACG,0.97516805,0.9751680204510782,3,36000,298
CTGATATC,0.9750546,0.9750546324166083,3,36000,298
CGGATATC,0.9737352,0.9737352080155032,3,36000,298
AAGATATC,0.9732095,0.9732094998556878,3,36000,298
TATATATC,0.9730446,0.9730445718055498,3,36000,298
GATATATA,0.9730446,0.9730445718055498,3,36000,298
TAGATATC,0.9729827,0.9729827237867481,3,36000,298
GATATCTA,0.9729827,0.9729827237867481,3,36000,298
GATATATC,0.97251886,0.9725188636457345,3,36000,298
ATGATAGC,0.9723333,0.9723333195893292,3,36000,298
GTGATACA,0.97146744,0.9714674473261039,3,36000,298
AAGGTATC,0.9706634,0.9706634230816805,3,36000,298
TTGATATG,0.970045,0.9700449428936627,3,36000,298
ATCATATC,0.97002435,0.9700243268873954,3,36000,298
GTGATACT,0.969478,0.9694780027213128,3,36000,298
CAGATATC,0.968272,0.9682719663546778,3,36000,298
GATATCTG,0.968272,0.9682719663546778,3,36000,298
GGTGTATC,0.9676947,0.9676947181791943,3,36000,298
GATATACC,0.9673236,0.9673236300663836,3,36000,298
GGTATATC,0.9673236,0.9673236300663836,3,36000,298
ATATCATC,0.967035,0.9670350059786418,3,36000,298
CTGATACT,0.9653548,0.9653548014678596,3,36000,298
CGGGTATC,0.96530324,0.9653032614521916,3,36000,298
GATATCTC,0.96503526,0.9650352533707169,3,36000,298
GAGATATC,0.96503526,0.9650352533707169,3,36000,298
GGGTGATA,0.9641694,0.9641693811074918,3,36000,298
TTGATACA,0.9631695,0.9631695048035296,3,36000,298
TGGATATC,0.96232426,0.9623242485465716,3,36000,298
GGTATCTA,0.962149,0.9621490124932999,3,36000,298
TAGATACC,0.962149,0.9621490124932999,3,36000,298
GTGATATA,0.9619738,0.961973776440028,3,36000,298
AGAGTATC,0.95973694,0.9597369397600297,3,36000,298
CTGATATG,0.9595514,0.9595513957036242,3,36000,298
CAGGTATC,0.9586752,0.9586752154372655,3,36000,298
ACGATACC,0.95775783,0.9577578031583722,3,36000,298
GTGATATG,0.9574898,0.9574897950768977,3,36000,298
ATGATATA,0.9571909,0.9571908629860224,3,36000,298
GGGGTATA,0.9564074,0.9564074547478661,3,36000,298
TTGACACC,0.9545623,0.9545623221869459,3,36000,298
GAGGTATC,0.9544386,0.9544386261493425,3,36000,298
TCGATACC,0.95415,0.9541500020616006,3,36000,298
CTGATACC,0.9533975,0.9533975178328454,3,36000,298
CCGATATC,0.95283055,0.9528305776604957,3,36000,298
GGGGGATC,0.95283055,0.9528305776604957,3,36000,298
AAAGTATC,0.9525935,0.952593493588422,3,36000,298
CCCATATC,0.9523461,0.9523461015132149,3,36000,298
ATGATCCC,0.9514184,0.9514183812311879,3,36000,298
GCGATACC,0.9493362,0.9493361645981941,3,36000,298
TATATATA,0.9487692,0.9487692244258442,3,36000,298
GGGATATA,0.94857335,0.9485733723663052,3,36000,298
GGCATATC,0.9485527,0.9485527563600379,3,36000,298
ATGATAGG,0.9467076,0.9467076237991177,3,36000,298
ATAGTATC,0.946151,0.9461509916299015,3,36000,298
ATGGTATC,0.9456356,0.9456355914732198,3,36000,298
GTGATATT,0.94530576,0.9453057353729436,3,36000,298
CTGATATA,0.94520265,0.9452026553416072,3,36000,298
TACATATC,0.94469756,0.9446975631880592,3,36000,298
TGGGTATC,0.9444502,0.944450171112852,3,36000,298
ACGATATG,0.94313073,0.9431307467117469,3,36000,298
CCGATACC,0.9428421,0.9428421226240052,3,36000,298
ATCATATA,0.9412856,0.9412856141508267,3,36000,298
TCGATATA,0.94096607,0.940966066053684,3,36000,298
GTAGTATC,0.9406156,0.9406155939471406,3,36000,298
CGGATCAC,0.94041973,0.9404197418876016,3,36000,298
GTGATCCG,0.94041973,0.9404197418876016,3,36000,298
CTGATACA,0.9403888,0.9403888178782007,3,36000,298
GGGATCAC,0.9401311,0.9401311177998598,3,36000,298
GTGATCCC,0.9401311,0.9401311177998598,3,36000,298
TCGATATC,0.94004864,0.9400486537747907,3,36000,298
GATATACT,0.9377706,0.937770585082258,3,36000,298
AGTATATC,0.9377706,0.937770585082258,3,36000,298
GAGATATA,0.9376984,0.9376984290603225,3,36000,298
TATATCTC,0.9376984,0.9376984290603225,3,36000,298
GGGAGATA,0.93744075,0.9374407289819816,3,36000,298
GGAGTATC,0.93565744,0.9356574444398631,3,36000,298
GTGATAGC,0.93396693,0.9339669319259473,3,36000,298
TTGATATA,0.933668,0.933667999835072,3,36000,298
ATAATACC,0.9329258,0.9329258236094504,3,36000,298
CATATATA,0.9319775,0.9319774873211562,3,36000,298
GTGATATC,0.9942172,0.9942172102420319,4,48000,397
GTGATACC,0.993908,0.9939079701480229,4,48000,397
GGTATCAC,0.993908,0.9939079701480229,4,48000,397
TTGATATC,0.99350595,0.9935059580258113,4,48000,397
TTGATACC,0.99298024,0.992980249865996,4,48000,397
GGGGTATC,0.99091864,0.9909186492392694,4,48000,397
ATGATACC,0.989692,0.989691996866367,4,48000,397
GTATCATC,0.9861873,0.9861872758009319,4,48000,397
ATGATATG,0.9850946,0.9850946274687667,4,48000,397
ATGATACG,0.9847338,0.9847338473590896,4,48000,397
GGGATATC,0.9840638,0.9840638271554035,4,48000,397
TTGATACG,0.9825898,0.982589782707294,4,48000,397
ACGATATC,0.9820228,0.9820228425349441,4,48000,397
AGGGTATC,0.98124975,0.9812497422999216,4,48000,397
ATGATACT,0.98043543,0.9804354100523647,4,48000,397
TAGGTATC,0.97972417,0.979724157836144,4,48000,397
ATGATATC,0.9794561,0.9794561497546695,4,48000,397
TTGATACT,0.9781986,0.9781985733723663,4,48000,397
GCGATATC,0.9771575,0.9771574650558693,4,48000,397
ATATGATA,0.9761988,0.9761988207644415,4,48000,397
ATGATACA,0.97611636,0.9761163567393725,4,48000,397
AGGATATC,0.9755082,0.9755081845544881,4,48000,397
GTGATACG,0.97516805,0.9751680204510782,4,48000,397
CTGATATC,0.9750546,0.9750546324166083,4,48000,397
CGGATATC,0.9737352,0.9737352080155032,4,48000,397
AAGATATC,0.9732095,0.9732094998556878,4,48000,397
GATATATA,0.9730446,0.9730445718055498,4,48000,397
TATATATC,0.9730446,0.9730445718055498,4,48000,397
TAGATATC,0.9729827,0.9729827237867481,4,48000,397
GATATATC,0.97251886,0.9725188636457345,4,48000,397
ATGATAGC,0.9723333,0.9723333195893292,4,48000,397
GTGATACA,0.97146744,0.9714674473261039,4,48000,397
AAGGTATC,0.9706634,0.9706634230816805,4,48000,397
TTGATATG,0.970045,0.9700449428936627,4,48000,397
ATCATATC,0.97002435,0.9700243268873954,4,48000,397
GTGATACT,0.969478,0.9694780027213128,4,48000,397
GATATCTG,0.968272,0.9682719663546778,4,48000,397
CAGATATC,0.968272,0.9682719663546778,4,48000,397
GGTGTATC,0.9676947,0.9676947181791943,4,48000,397
GGTATATC,0.9673236,0.9673236300663836,4,48000,397
GATATACC,0.9673236,0.9673236300663836,4,48000,397
CTGATACT,0.9653548,0.9653548014678596,4,48000,397
CGGGTATC,0.96530324,0.9653032614521916,4,48000,397
GATATCTC,0.96503526,0.9650352533707169,4,48000,397
GAGATATC,0.96503526,0.9650352533707169,4,48000,397
TTGATACA,0.9631695,0.9631695048035296,4,48000,397
TGGATATC,0.96232426,0.9623242485465716,4,48000,397
TAGATACC,0.962149,0.9621490124932999,4,48000,397
GTGATATA,0.9619738,0.961973776440028,4,48000,397
CTGATATG,0.9595514,0.9595513957036242,4,48000,397
CAGGTATC,0.9586752,0.9586752154372655,4,48000,397
ACGATACC,0.95775783,0.9577578031583722,4,48000,397
GTGATATG,0.9574898,0.9574897950768977,4,48000,397
ATGATATA,0.9571909,0.9571908629860224,4,48000,397
GGGGTATA,0.9564074,0.9564074547478661,4,48000,397
GAGGTATC,0.9544386,0.9544386261493425,4,48000,397
GATACCTC,0.9544386,0.9544386261493425,4,48000,397
TCGATACC,0.95415,0.9541500020616006,4,48000,397
CTGATACC,0.9533975,0.9533975178328454,4,48000,397
GGGGGATC,0.95283055,0.9528305776604957,4,48000,397
CCGATATC,0.95283055,0.9528305776604957,4,48000,397
CCCATATC,0.9523461,0.9523461015132149,4,48000,397
GTGTGATA,0.9519956,0.9519956294066714,4,48000,397
ATGATCCC,0.9514184,0.9514183812311879,4,48000,397
GCGATACC,0.9493362,0.9493361645981941,4,48000,397
TATATATA,0.9487692,0.9487692244258442,4,48000,397
GGGATATA,0.94857335,0.9485733723663052,4,48000,397
GGCATATC,0.9485527,0.9485527563600379,4,48000,397
ATGATAGG,0.9467076,0.9467076237991177,4,48000,397
ATAGTATC,0.946151,0.9461509916299015,4,48000,397
ATGGTATC,0.9456356,0.9456355914732198,4,48000,397
AATATCAC,0.94530576,0.9453057353729436,4,48000,397
GTGATATT,0.94530576,0.9453057353729436,4,48000,397
CTGATATA,0.94520265,0.9452026553416072,4,48000,397
TACATATC,0.94469756,0.9446975631880592,4,48000,397
TGGGTATC,0.9444502,0.944450171112852,4,48000,397
ACGATATG,0.94313073,0.9431307467117469,4,48000,397
CCGATACC,0.9428421,0.9428421226240052,4,48000,397
ATCATATA,0.9412856,0.9412856141508267,4,48000,397
TCGATATA,0.94096607,0.940966066053684,4,48000,397
GTAGTATC,0.9406156,0.9406155939471406,4,48000,397
GTGATCCG,0.94041973,0.9404197418876016,4,48000,397
CTGATACA,0.9403888,0.9403888178782007,4,48000,397
GTGATCCC,0.9401311,0.9401311177998598,4,48000,397
GGGATCAC,0.9401311,0.9401311177998598,4,48000,397
TCGATATC,0.94004864,0.9400486537747907,4,48000,397
GTGATCCT,0.9393477,0.9393477095617037,4,48000,397
TTGATCCT,0.93816227,0.9381622892013359,4,48000,397
AGTATATC,0.9377706,0.937770585082258,4,48000,397
GAGATATA,0.9376984,0.9376984290603225,4,48000,397
GGGAGATA,0.93744075,0.9374407289819816,4,48000,397
GGAGTATC,0.93565744,0.9356574444398631,4,48000,397
TCGATACT,0.9347503,0.9347503401641034,4,48000,397
GTGATAGC,0.93396693,0.9339669319259473,4,48000,397
TTGATATA,0.933668,0.933667999835072,4,48000,397
ATAATACC,0.9329258,0.9329258236094504,4,48000,397
CATATATA,0.9319775,0.9319774873211562,4,48000,397
TAGATATA,0.93192595,0.931925947305488,4,48000,397
ATTATATC,0.9310807,0.9310806910485301,4,48000,397
GTGATATC,0.9942172,0.9942172102420319,5,60000,496
GTGATACC,0.993908,0.9939079701480229,5,60000,496
TTGATATC,0.99350595,0.9935059580258113,5,60000,496
TTGATACC,0.99298024,0.992980249865996,5,60000,496
GGGGTATC,0.99091864,0.9909186492392694,5,60000,496
ATGATACC,0.989692,0.989691996866367,5,60000,496
GTATCATC,0.9861873,0.9861872758009319,5,60000,496
ATGATATG,0.9850946,0.9850946274687667,5,60000,496
ATGATACG,0.9847338,0.9847338473590896,5,60000,496
GGGATATC,0.9840638,0.9840638271554035,5,60000,496
TTGATACG,0.9825898,0.982589782707294,5,60000,496
ACGATATC,0.9820228,0.9820228425349441,5,60000,496
AGGGTATC,0.98124975,0.9812497422999216,5,60000,496
ATGATACT,0.98043543,0.9804354100523647,5,60000,496
TAGGTATC,0.97972417,0.979724157836144,5,60000,496
ATGATATC,0.9794561,0.9794561497546695,5,60000,496
TTGATACT,0.9781986,0.9781985733723663,5,60000,496
GCGATATC,0.9771575,0.9771574650558693,5,60000,496
ATGATACA,0.97611636,0.9761163567393725,5,60000,496
AGGATATC,0.9755082,0.9755081845544881,5,60000,496
GTGATACG,0.97516805,0.9751680204510782,5,60000,496
CTGATATC,0.9750546,0.9750546324166083,5,60000,496
CGGATATC,0.9737352,0.9737352080155032,5,60000,496
GTATGATA,0.9734363,0.9734362759246279,5,60000,496
AAGATATC,0.9732095,0.9732094998556878,5,60000,496
GATATATA,0.9730446,0.9730445718055498,5,60000,496
TATATATC,0.9730446,0.9730445718055498,5,60000,496
TAGATATC,0.9729827,0.9729827237867481,5,60000,496
GATATATC,0.97251886,0.9725188636457345,5,60000,496
ATGATAGC,0.9723333,0.9723333195893292,5,60000,496
GTGATACA,0.97146744,0.9714674473261039,5,60000,496
AAGGTATC,0.9706634,0.9706634230816805,5,60000,496
TTGATATG,0.970045,0.9700449428936627,5,60000,496
ATCATATC,0.97002435,0.9700243268873954,5,60000,496
GTGATACT,0.969478,0.9694780027213128,5,60000,496
CAGATATC,0.968272,0.9682719663546778,5,60000,496
GATATCTG,0.968272,0.9682719663546778,5,60000,496
GGTGTATC,0.9676947,0.9676947181791943,5,60000,496
GGTATATC,0.9673236,0.9673236300663836,5,60000,496
GATATACC,0.9673236,0.9673236300663836,5,60000,496
ATATCATC,0.967035,0.9670350059786418,5,60000,496
GATATCTC,0.96503526,0.9650352533707169,5,60000,496
GAGATATC,0.96503526,0.9650352533707169,5,60000,496
TTGATACA,0.9631695,0.9631695048035296,5,60000,496
TGGATATC,0.96232426,0.9623242485465716,5,60000,496
TAGATACC,0.962149,0.9621490124932999,5,60000,496
GGTATCTA,0.962149,0.9621490124932999,5,60000,496
GTGATATA,0.9619738,0.961973776440028,5,60000,496
ATGACACC,0.96127284,0.961272832226941,5,60000,496
CTGATATG,0.9595514,0.9595513957036242,5,60000,496
CAGGTATC,0.9586752,0.9586752154372655,5,60000,496
ACGATACC,0.95775783,0.9577578031583722,5,60000,496
ATGATCCG,0.9577166,0.9577165711458376,5,60000,496
GTGATATG,0.9574898,0.9574897950768977,5,60000,496
ATGATATA,0.9571909,0.9571908629860224,5,60000,496
GGGGTATA,0.9564074,0.9564074547478661,5,60000,496
GAGGTATC,0.9544386,0.9544386261493425,5,60000,496
TCGATACC,0.95415,0.9541500020616006,5,60000,496
CTGATACC,0.9533975,0.9533975178328454,5,60000,496
CCGATATC,0.95283055,0.9528305776604957,5,60000,496
AAAGTATC,0.9525935,0.952593493588422,5,60000,496
GATACATA,0.95255226,0.9525522615758876,5,60000,496
CCCATATC,0.9523461,0.9523461015132149,5,60000,496
GCGATACC,0.9493362,0.9493361645981941,5,60000,496
TATATATA,0.9487692,0.9487692244258442,5,60000,496
GGGATATA,0.94857335,0.9485733723663052,5,60000,496
GGCATATC,0.9485527,0.9485527563600379,5,60000,496
AGTGTATC,0.9470581,0.9470580959056611,5,60000,496
ATGATAGG,0.9467076,0.9467076237991177,5,60000,496
ATAGTATC,0.946151,0.9461509916299015,5,60000,496
ATGGTATC,0.9456356,0.9456355914732198,5,60000,496
GTGATATT,0.94530576,0.9453057353729436,5,60000,496
CTGATATA,0.94520265,0.9452026553416072,5,60000,496
GATATGTA,0.94469756,0.9446975631880592,5,60000,496
TACATATC,0.94469756,0.9446975631880592,5,60000,496
TGGGTATC,0.9444502,0.944450171112852,5,60000,496
ACGATATG,0.94313073,0.9431307467117469,5,60000,496
CCGATACC,0.9428421,0.9428421226240052,5,60000,496
ATCATATA,0.9412856,0.9412856141508267,5,60000,496
TCGATATA,0.94096607,0.940966066053684,5,60000,496
GTAGTATC,0.9406156,0.9406155939471406,5,60000,496
CTGATACA,0.9403888,0.9403888178782007,5,60000,496
GTGATCCC,0.9401311,0.9401311177998598,5,60000,496
GGGATCAC,0.9401311,0.9401311177998598,5,60000,496
TCGATATC,0.94004864,0.9400486537747907,5,60000,496
GTGATCCT,0.9393477,0.9393477095617037,5,60000,496
AGTATATC,0.9377706,0.937770585082258,5,60000,496
TATATCTC,0.9376984,0.9376984290603225,5,60000,496
GAGATATA,0.9376984,0.9376984290603225,5,60000,496
GGGAGATA,0.93744075,0.9374407289819816,5,60000,496
ACCGTATC,0.935977,0.9359769925370057,5,60000,496
GTGATAGC,0.93396693,0.9339669319259473,5,60000,496
TTGATATA,0.933668,0.933667999835072,5,60000,496
ATAATACC,0.9329258,0.9329258236094504,5,60000,496
TATATATG,0.9319775,0.9319774873211562,5,60000,496
TAGATATA,0.93192595,0.931925947305488,5,60000,496
ATTATATC,0.9310807,0.9310806910485301,5,60000,496
ACGGTATC,0.93062717,0.9306271389106502,5,60000,496
AGTATATA,0.9302767,0.9302766668041067,5,60000,496
GATATCAC,0.9942172,0.9942172102420319,6,72000,595
GTGATATC,0.9942172,0.9942172102420319,6,72000,595
GGTATCAC,0.993908,0.9939079701480229,6,72000,595
GATATCAA,0.99350595,0.9935059580258113,6,72000,595
GGTATCAA,0.99298024,0.992980249865996,6,72000,595
GATACCCC,0.99091864,0.9909186492392694,6,72000,595
GGTATCAT,0.989692,0.989691996866367,6,72000,595
CATATCAT,0.9850946,0.9850946274687667,6,72000,595
GATATCCC,0.9840638,0.9840638271554035,6,72000,595
CGTATCAA,0.9825898,0.982589782707294,6,72000,595
GATATCGT,0.9820228,0.9820228425349441,6,72000,595
GATACCCT,0.98124975,0.9812497422999216,6,72000,595
AGTATCAT,0.98043543,0.9804354100523647,6,72000,595
GATACCTA,0.97972417,0.979724157836144,6,72000,595
GATATCAT,0.9794561,0.9794561497546695,6,72000,595
AGTATCAA,0.9781986,0.9781985733723663,6,72000,595
GATATCGC,0.9771575,0.9771574650558693,6,72000,595
TGTATCAT,0.97611636,0.9761163567393725,6,72000,595
GATATCCT,0.9755082,0.9755081845544881,6,72000,595
CGTATCAC,0.97516805,0.9751680204510782,6,72000,595
GATATCAG,0.9750546,0.9750546324166083,6,72000,595
GTTGATAC,0.9746835,0.9746835443037974,6,72000,595
GATATCCG,0.9737352,0.9737352080155032,6,72000,595
TATCATAC,0.9734363,0.9734362759246279,6,72000,595
GATATCTT,0.9732095,0.9732094998556878,6,72000,595
TATATATC,0.9730446,0.9730445718055498,6,72000,595
GATATATA,0.9730446,0.9730445718055498,6,72000,595
GATATCTA,0.9729827,0.9729827237867481,6,72000,595
GATATATC,0.97251886,0.9725188636457345,6,72000,595
GCTATCAT,0.9723333,0.9723333195893292,6,72000,595
CATGATAC,0.97170454,0.9717045313981776,6,72000,595
TGTATCAC,0.97146744,0.9714674473261039,6,72000,595
GATACCTT,0.9706634,0.9706634230816805,6,72000,595
CATATCAA,0.970045,0.9700449428936627,6,72000,595
GATATGAT,0.97002435,0.9700243268873954,6,72000,595
AGTATCAC,0.969478,0.9694780027213128,6,72000,595
GATATCTG,0.968272,0.9682719663546778,6,72000,595
GATACACC,0.9676947,0.9676947181791943,6,72000,595
GATATACC,0.9673236,0.9673236300663836,6,72000,595
GGTATATC,0.9673236,0.9673236300663836,6,72000,595
AGTATCAG,0.9653548,0.9653548014678596,6,72000,595
GATACCCG,0.96530324,0.9653032614521916,6,72000,595
GATATCTC,0.96503526,0.9650352533707169,6,72000,595
TGTATCAA,0.9631695,0.9631695048035296,6,72000,595
GATATCCA,0.96232426,0.9623242485465716,6,72000,595
GGTATCTA,0.962149,0.9621490124932999,6,72000,595
TATATCAC,0.9619738,0.961973776440028,6,72000,595
CATATCAG,0.9595514,0.9595513957036242,6,72000,595
GGTATCGT,0.95775783,0.9577578031583722,6,72000,595
CATATCAC,0.9574898,0.9574897950768977,6,72000,595
TATATCAT,0.9571909,0.9571908629860224,6,72000,595
TATACCCC,0.9564074,0.9564074547478661,6,72000,595
TATCCCCC,0.9563147,0.9563146827196636,6,72000,595
GATACCTC,0.9544386,0.9544386261493425,6,72000,595
GGTATCGA,0.95415,0.9541500020616006,6,72000,595
GGTATCAG,0.9533975,0.9533975178328454,6,72000,595
GATCCCCC,0.95283055,0.9528305776604957,6,72000,595
GATATCGG,0.95283055,0.9528305776604957,6,72000,595
TATCACAC,0.9519956,0.9519956294066714,6,72000,595
GGGATCAT,0.9514184,0.9514183812311879,6,72000,595
GGTATCGC,0.9493362,0.9493361645981941,6,72000,595
TATATCCC,0.94857335,0.9485733723663052,6,72000,595
GATATGCC,0.9485527,0.9485527563600379,6,72000,595
GGCATATC,0.9485527,0.9485527563600379,6,72000,595
GATACACT,0.9470581,0.9470580959056611,6,72000,595
CCTATCAT,0.9467076,0.9467076237991177,6,72000,595
GATACTAT,0.946151,0.9461509916299015,6,72000,595
GATACCAT,0.9456356,0.9456355914732198,6,72000,595
AATATCAC,0.94530576,0.9453057353729436,6,72000,595
TATATCAG,0.94520265,0.9452026553416072,6,72000,595
GATATGTA,0.94469756,0.9446975631880592,6,72000,595
GATACCCA,0.9444502,0.944450171112852,6,72000,595
CATATCGT,0.94313073,0.9431307467117469,6,72000,595
GGTATCGG,0.9428421,0.9428421226240052,6,72000,595
TATATGAT,0.9412856,0.9412856141508267,6,72000,595
TATATCGA,0.94096607,0.940966066053684,6,72000,595
GATACTAC,0.9406156,0.9406155939471406,6,72000,595
CGGATCAC,0.94041973,0.9404197418876016,6,72000,595
TGTATCAG,0.9403888,0.9403888178782007,6,72000,595
GTGATCCC,0.9401311,0.9401311177998598,6,72000,595
GGGATCAC,0.9401311,0.9401311177998598,6,72000,595
GATATCGA,0.94004864,0.9400486537747907,6,72000,595
AGGATCAC,0.9393477,0.9393477095617037,6,72000,595
GATATACT,0.9377706,0.937770585082258,6,72000,595
TATATCTC,0.9376984,0.9376984290603225,6,72000,595
TATCTCCC,0.93744075,0.9374407289819816,6,72000,595
GATACTCC,0.93565744,0.9356574444398631,6,72000,595
GCTATCAC,0.93396693,0.9339669319259473,6,72000,595
TATATCAA,0.933668,0.933667999835072,6,72000,595
AGTATCGT,0.9333588,0.933358759741063,6,72000,595
GGTATTAT,0.9329258,0.9329258236094504,6,72000,595
TATATCTA,0.93192595,0.931925947305488,6,72000,595
GATATAAT,0.9310807,0.9310806910485301,6,72000,595
GATACCGT,0.93062717,0.9306271389106502,6,72000,595
TATATACT,0.9302767,0.9302766668041067,6,72000,595
GGTATATA,0.9296994,0.9296994186286234,6,72000,595
TATATACC,0.9296994,0.9296994186286234,6,72000,595
CCTATATC,0.92959636,0.929596338597287,6,72000,595
GATATAGG,0.92959636,0.929596338597287,6,72000,595
GTGATATC,0.9942172,0.9942172102420319,7,84000,694
GTGATACC,0.993908,0.9939079701480229,7,84000,694
TTGATATC,0.99350595,0.9935059580258113,7,84000,694
TTGATACC,0.99298024,0.992980249865996,7,84000,694
GGGGTATC,0.99091864,0.9909186492392694,7,84000,694
ATGATACC,0.989692,0.989691996866367,7,84000,694
GTATCATC,0.9861873,0.9861872758009319,7,84000,694
ATGATATG,0.9850946,0.9850946274687667,7,84000,694
ATGATACG,0.9847338,0.9847338473590896,7,84000,694
GGGATATC,0.9840638,0.9840638271554035,7,84000,694
GATATCCC,0.9840638,0.9840638271554035,7,84000,694
GTATCATA,0.98270315,0.982703170741764,7,84000,694
TTGATACG,0.9825898,0.982589782707294,7,84000,694
ACGATATC,0.9820228,0.9820228425349441,7,84000,694
AGGGTATC,0.98124975,0.9812497422999216,7,84000,694
ATGATACT,0.98043543,0.9804354100523647,7,84000,694
TAGGTATC,0.97972417,0.979724157836144,7,84000,694
ATGATATC,0.9794561,0.9794561497546695,7,84000,694
TTGATACT,0.9781986,0.9781985733723663,7,84000,694
GCGATATC,0.9771575,0.9771574650558693,7,84000,694
ATGATACA,0.97611636,0.9761163567393725,7,84000,694
AGGATATC,0.9755082,0.9755081845544881,7,84000,694
GTGATACG,0.97516805,0.9751680204510782,7,84000,694
CTGATATC,0.9750546,0.9750546324166083,7,84000,694
CGGATATC,0.9737352,0.9737352080155032,7,84000,694
AAGATATC,0.9732095,0.9732094998556878,7,84000,694
GATATATA,0.9730446,0.9730445718055498,7,84000,694
TATATATC,0.9730446,0.9730445718055498,7,84000,694
TAGATATC,0.9729827,0.9729827237867481,7,84000,694
GATATATC,0.97251886,0.9725188636457345,7,84000,694
ATGATAGC,0.9723333,0.9723333195893292,7,84000,694
GTGATACA,0.97146744,0.9714674473261039,7,84000,694
AAGGTATC,0.9706634,0.9706634230816805,7,84000,694
TTGATATG,0.970045,0.9700449428936627,7,84000,694
ATCATATC,0.97002435,0.9700243268873954,7,84000,694
GTGATACT,0.969478,0.9694780027213128,7,84000,694
CAGATATC,0.968272,0.9682719663546778,7,84000,694
GGTATATC,0.9673236,0.9673236300663836,7,84000,694
GATATACC,0.9673236,0.9673236300663836,7,84000,694
ATATCATC,0.967035,0.9670350059786418,7,84000,694
CTGATACT,0.9653548,0.9653548014678596,7,84000,694
CGGGTATC,0.96530324,0.9653032614521916,7,84000,694
GAGATATC,0.96503526,0.9650352533707169,7,84000,694
GATATCTC,0.96503526,0.9650352533707169,7,84000,694
TTGATACA,0.9631695,0.9631695048035296,7,84000,694
TGGATATC,0.96232426,0.9623242485465716,7,84000,694
TAGATACC,0.962149,0.9621490124932999,7,84000,694
GTGATATA,0.9619738,0.961973776440028,7,84000,694
ATGACACC,0.96127284,0.961272832226941,7,84000,694
AGAGTATC,0.95973694,0.9597369397600297,7,84000,694
CTGATATG,0.9595514,0.9595513957036242,7,84000,694
CAGGTATC,0.9586752,0.9586752154372655,7,84000,694
ATGATCCG,0.9577166,0.9577165711458376,7,84000,694
GTGATATG,0.9574898,0.9574897950768977,7,84000,694
ATGATATA,0.9571909,0.9571908629860224,7,84000,694
GGGGTATA,0.9564074,0.9564074547478661,7,84000,694
GAGGTATC,0.9544386,0.9544386261493425,7,84000,694
TCGATACC,0.95415,0.9541500020616006,7,84000,694
CTGATACC,0.9533975,0.9533975178328454,7,84000,694
GGGGGATC,0.95283055,0.9528305776604957,7,84000,694
CCGATATC,0.95283055,0.9528305776604957,7,84000,694
CCCATATC,0.9523461,0.9523461015132149,7,84000,694
GTGTGATA,0.9519956,0.9519956294066714,7,84000,694
ATGATCCC,0.9514184,0.9514183812311879,7,84000,694
GGGATCAT,0.9514184,0.9514183812311879,7,84000,694
GCGATACC,0.9493362,0.9493361645981941,7,84000,694
TATATATA,0.9487692,0.9487692244258442,7,84000,694
GGGATATA,0.94857335,0.9485733723663052,7,84000,694
GGCATATC,0.9485527,0.9485527563600379,7,84000,694
ATAGTATC,0.946151,0.9461509916299015,7,84000,694
ATGGTATC,0.9456356,0.9456355914732198,7,84000,694
GTGATATT,0.94530576,0.9453057353729436,7,84000,694
CTGATATA,0.94520265,0.9452026553416072,7,84000,694
TACATATC,0.94469756,0.9446975631880592,7,84000,694
TGGGTATC,0.9444502,0.944450171112852,7,84000,694
ACGATATG,0.94313073,0.9431307467117469,7,84000,694
CCGATACC,0.9428421,0.9428421226240052,7,84000,694
ATCATATA,0.9412856,0.9412856141508267,7,84000,694
TCGATATA,0.94096607,0.940966066053684,7,84000,694
GTAGTATC,0.9406156,0.9406155939471406,7,84000,694
GTGATCCG,0.94041973,0.9404197418876016,7,84000,694
CGGATCAC,0.94041973,0.9404197418876016,7,84000,694
CTGATACA,0.9403888,0.9403888178782007,7,84000,694
GTGATCCC,0.9401311,0.9401311177998598,7,84000,694
GGGATCAC,0.9401311,0.9401311177998598,7,84000,694
TCGATATC,0.94004864,0.9400486537747907,7,84000,694
GTGATCCT,0.9393477,0.9393477095617037,7,84000,694
ATGTGATA,0.9387086,0.9387086133674185,7,84000,694
AGTATATC,0.9377706,0.937770585082258,7,84000,694
GAGATATA,0.9376984,0.9376984290603225,7,84000,694
GGGAGATA,0.93744075,0.9374407289819816,7,84000,694
GGAGTATC,0.93565744,0.9356574444398631,7,84000,694
TCGATACT,0.9347503,0.9347503401641034,7,84000,694
GTGATAGC,0.93396693,0.9339669319259473,7,84000,694
TTGATATA,0.933668,0.933667999835072,7,84000,694
ACGATACT,0.9333588,0.933358759741063,7,84000,694
ATAATACC,0.9329258,0.9329258236094504,7,84000,694
CATATATA,0.9319775,0.9319774873211562,7,84000,694
TAGATATA,0.93192595,0.931925947305488,7,84000,694
GATATCAC,0.9942172,0.9942172102420319,8,96000,793
GTGATATC,0.9942172,0.9942172102420319,8,96000,793
GTGATACC,0.993908,0.9939079701480229,8,96000,793
TTGATATC,0.99350595,0.9935059580258113,8,96000,793
TTGATACC,0.99298024,0.992980249865996,8,96000,793
GGGGTATC,0.99091864,0.9909186492392694,8,96000,793
ATGATACC,0.989692,0.989691996866367,8,96000,793
ATGATATG,0.9850946,0.9850946274687667,8,96000,793
ATGATACG,0.9847338,0.9847338473590896,8,96000,793
GGGATATC,0.9840638,0.9840638271554035,8,96000,793
TTGATACG,0.9825898,0.982589782707294,8,96000,793
ACGATATC,0.9820228,0.9820228425349441,8,96000,793
AGGGTATC,0.98124975,0.9812497422999216,8,96000,793
ATGATACT,0.98043543,0.9804354100523647,8,96000,793
TAGGTATC,0.97972417,0.979724157836144,8,96000,793
ATGATATC,0.9794561,0.9794561497546695,8,96000,793
TTGATACT,0.9781986,0.9781985733723663,8,96000,793
GCGATATC,0.9771575,0.9771574650558693,8,96000,793
ATGATACA,0.97611636,0.9761163567393725,8,96000,793
AGGATATC,0.9755082,0.9755081845544881,8,96000,793
CGTATCAC,0.97516805,0.9751680204510782,8,96000,793
GTGATACG,0.97516805,0.9751680204510782,8,96000,793
CTGATATC,0.9750546,0.9750546324166083,8,96000,793
CGGATATC,0.9737352,0.9737352080155032,8,96000,793
AAGATATC,0.9732095,0.9732094998556878,8,96000,793
GATATATA,0.9730446,0.9730445718055498,8,96000,793
TATATATC,0.9730446,0.9730445718055498,8,96000,793
TAGATATC,0.9729827,0.9729827237867481,8,96000,793
GATATATC,0.97251886,0.9725188636457345,8,96000,793
ATGATAGC,0.9723333,0.9723333195893292,8,96000,793
GTGATACA,0.97146744,0.9714674473261039,8,96000,793
AAGGTATC,0.9706634,0.9706634230816805,8,96000,793
TTGATATG,0.970045,0.9700449428936627,8,96000,793
ATCATATC,0.97002435,0.9700243268873954,8,96000,793
GTGATACT,0.969478,0.9694780027213128,8,96000,793
CAGATATC,0.968272,0.9682719663546778,8,96000,793
GGTGTATC,0.9676947,0.9676947181791943,8,96000,793
GATATACC,0.9673236,0.9673236300663836,8,96000,793
GGTATATC,0.9673236,0.9673236300663836,8,96000,793
CTGATACT,0.9653548,0.9653548014678596,8,96000,793
CGGGTATC,0.96530324,0.9653032614521916,8,96000,793
GAGATATC,0.96503526,0.9650352533707169,8,96000,793
GATATCTC,0.96503526,0.9650352533707169,8,96000,793
GGGTGATA,0.9641694,0.9641693811074918,8,96000,793
TTGATACA,0.9631695,0.9631695048035296,8,96000,793
TGGATATC,0.96232426,0.9623242485465716,8,96000,793
GGTATCTA,0.962149,0.9621490124932999,8,96000,793
TAGATACC,0.962149,0.9621490124932999,8,96000,793
GTGATATA,0.9619738,0.961973776440028,8,96000,793
ATGACACC,0.96127284,0.961272832226941,8,96000,793
CTGATATG,0.9595514,0.9595513957036242,8,96000,793
CAGGTATC,0.9586752,0.9586752154372655,8,96000,793
ACGATACC,0.95775783,0.9577578031583722,8,96000,793
ATGATCCG,0.9577166,0.9577165711458376,8,96000,793
GTGATATG,0.9574898,0.9574897950768977,8,96000,793
ATGATATA,0.9571909,0.9571908629860224,8,96000,793
GGGGTATA,0.9564074,0.9564074547478661,8,96000,793
GGGGGATA,0.9563147,0.9563146827196636,8,96000,793
TTGACACC,0.9545623,0.9545623221869459,8,96000,793
GAGGTATC,0.9544386,0.9544386261493425,8,96000,793
TCGATACC,0.95415,0.9541500020616006,8,96000,793
CTGATACC,0.9533975,0.9533975178328454,8,96000,793
CCGATATC,0.95283055,0.9528305776604957,8,96000,793
GGGGGATC,0.95283055,0.9528305776604957,8,96000,793
CCCATATC,0.9523461,0.9523461015132149,8,96000,793
GTGTGATA,0.9519956,0.9519956294066714,8,96000,793
ATGATCCC,0.9514184,0.9514183812311879,8,96000,793
GCGATACC,0.9493362,0.9493361645981941,8,96000,793
GTATCACG,0.9489238,0.9489238444728487,8,96000,793
TATATATA,0.9487692,0.9487692244258442,8,96000,793
GGGATATA,0.94857335,0.9485733723663052,8,96000,793
GATATGCC,0.9485527,0.9485527563600379,8,96000,793
GGCATATC,0.9485527,0.9485527563600379,8,96000,793
GTATCGTC,0.9469138,0.9469137838617903,8,96000,793
ATAGTATC,0.946151,0.9461509916299015,8,96000,793
ATGGTATC,0.9456356,0.9456355914732198,8,96000,793
GTGATATT,0.94530576,0.9453057353729436,8,96000,793
CTGATATA,0.94520265,0.9452026553416072,8,96000,793
TACATATC,0.94469756,0.9446975631880592,8,96000,793
TGGGTATC,0.9444502,0.944450171112852,8,96000,793
ACGATATG,0.94313073,0.9431307467117469,8,96000,793
CCGATACC,0.9428421,0.9428421226240052,8,96000,793
ATCATATA,0.9412856,0.9412856141508267,8,96000,793
TCGATATA,0.94096607,0.940966066053684,8,96000,793
GTAGTATC,0.9406156,0.9406155939471406,8,96000,793
GTGATCCG,0.94041973,0.9404197418876016,8,96000,793
CTGATACA,0.9403888,0.9403888178782007,8,96000,793
GTGATCCC,0.9401311,0.9401311177998598,8,96000,793
GGGATCAC,0.9401311,0.9401311177998598,8,96000,793
TCGATATC,0.94004864,0.9400486537747907,8,96000,793
GTGATCCT,0.9393477,0.9393477095617037,8,96000,793
AGTATATC,0.9377706,0.937770585082258,8,96000,793
GAGATATA,0.9376984,0.9376984290603225,8,96000,793
GGGAGATA,0.93744075,0.9374407289819816,8,96000,793
GATACTCC,0.93565744,0.9356574444398631,8,96000,793
TCGATACT,0.9347503,0.9347503401641034,8,96000,793
GTGATAGC,0.93396693,0.9339669319259473,8,96000,793
TTGATATA,0.933668,0.933667999835072,8,96000,793
ATAATACC,0.9329258,0.9329258236094504,8,96000,793
GTGATATC,0.9942172,0.9942172102420319,9,108000,892
GTGATACC,0.993908,0.9939079701480229,9,108000,892
TTGATATC,0.99350595,0.9935059580258113,9,108000,892
TTGATACC,0.99298024,0.992980249865996,9,108000,892
GGGGTATC,0.99091864,0.9909186492392694,9,108000,892
ATGATACC,0.989692,0.989691996866367,9,108000,892
GTATCATC,0.9861873,0.9861872758009319,9,108000,892
ATGATATG,0.9850946,0.9850946274687667,9,108000,892
ATGATACG,0.9847338,0.9847338473590896,9,108000,892
GGGATATC,0.9840638,0.9840638271554035,9,108000,892
TTGATACG,0.9825898,0.982589782707294,9,108000,892
ACGATATC,0.9820228,0.9820228425349441,9,108000,892
AGGGTATC,0.98124975,0.9812497422999216,9,108000,892
ATGATACT,0.98043543,0.9804354100523647,9,108000,892
TAGGTATC,0.97972417,0.979724157836144,9,108000,892
ATGATATC,0.9794561,0.9794561497546695,9,108000,892
TTGATACT,0.9781986,0.9781985733723663,9,108000,892
GCGATATC,0.9771575,0.9771574650558693,9,108000,892
ATGATACA,0.97611636,0.9761163567393725,9,108000,892
AGGATATC,0.9755082,0.9755081845544881,9,108000,892
GTGATACG,0.97516805,0.9751680204510782,9,108000,892
CTGATATC,0.9750546,0.9750546324166083,9,108000,892
CGGATATC,0.9737352,0.9737352080155032,9,108000,892
AAGATATC,0.9732095,0.9732094998556878,9,108000,892
GATATCTT,0.9732095,0.9732094998556878,9,108000,892
GATATATA,0.9730446,0.9730445718055498,9,108000,892
TATATATC,0.9730446,0.9730445718055498,9,108000,892
GATATCTA,0.9729827,0.9729827237867481,9,108000,892
TAGATATC,0.9729827,0.9729827237867481,9,108000,892
GATATATC,0.97251886,0.9725188636457345,9,108000,892
ATGATAGC,0.9723333,0.9723333195893292,9,108000,892
GTGATACA,0.97146744,0.9714674473261039,9,108000,892
AAGGTATC,0.9706634,0.9706634230816805,9,108000,892
TTGATATG,0.970045,0.9700449428936627,9,108000,892
ATCATATC,0.97002435,0.9700243268873954,9,108000,892
GTGATACT,0.969478,0.9694780027213128,9,108000,892
CAGATATC,0.968272,0.9682719663546778,9,108000,892
GGTGTATC,0.9676947,0.9676947181791943,9,108000,892
GATATACC,0.9673236,0.9673236300663836,9,108000,892
GGTATATC,0.9673236,0.9673236300663836,9,108000,892
CTGATACT,0.9653548,0.9653548014678596,9,108000,892
CGGGTATC,0.96530324,0.9653032614521916,9,108000,892
GAGATATC,0.96503526,0.9650352533707169,9,108000,892
GATATCTC,0.96503526,0.9650352533707169,9,108000,892
GGGTGATA,0.9641694,0.9641693811074918,9,108000,892
TTGATACA,0.9631695,0.9631695048035296,9,108000,892
TGGATATC,0.96232426,0.9623242485465716,9,108000,892
TAGATACC,0.962149,0.9621490124932999,9,108000,892
GTGATATA,0.9619738,0.961973776440028,9,108000,892
ATGACACC,0.96127284,0.961272832226941,9,108000,892
CTGATATG,0.9595514,0.9595513957036242,9,108000,892
ACGATACC,0.95775783,0.9577578031583722,9,108000,892
GTGATATG,0.9574898,0.9574897950768977,9,108000,892
ATGATATA,0.9571909,0.9571908629860224,9,108000,892
GGGGTATA,0.9564074,0.9564074547478661,9,108000,892
GGGGGATA,0.9563147,0.9563146827196636,9,108000,892
TTGACACC,0.9545623,0.9545623221869459,9,108000,892
GAGGTATC,0.9544386,0.9544386261493425,9,108000,892
TCGATACC,0.95415,0.9541500020616006,9,108000,892
CTGATACC,0.9533975,0.9533975178328454,9,108000,892
CCGATATC,0.95283055,0.9528305776604957,9,108000,892
GGGGGATC,0.95283055,0.9528305776604957,9,108000,892
CCCATATC,0.9523461,0.9523461015132149,9,108000,892
GTGTGATA,0.9519956,0.9519956294066714,9,108000,892
GGGATCAT,0.9514184,0.9514183812311879,9,108000,892
ATGATCCC,0.9514184,0.9514183812311879,9,108000,892
GCGATACC,0.9493362,0.9493361645981941,9,108000,892
TATATATA,0.9487692,0.9487692244258442,9,108000,892
GGGATATA,0.94857335,0.9485733723663052,9,108000,892
GGCATATC,0.9485527,0.9485527563600379,9,108000,892
ATGATAGG,0.9467076,0.9467076237991177,9,108000,892
ATAGTATC,0.946151,0.9461509916299015,9,108000,892
ATGGTATC,0.9456356,0.9456355914732198,9,108000,892
GTGATATT,0.94530576,0.9453057353729436,9,108000,892
CTGATATA,0.94520265,0.9452026553416072,9,108000,892
TACATATC,0.94469756,0.9446975631880592,9,108000,892
TGGGTATC,0.9444502,0.944450171112852,9,108000,892
ACGATATG,0.94313073,0.9431307467117469,9,108000,892
CCGATACC,0.9428421,0.9428421226240052,9,108000,892
ATCATATA,0.9412856,0.9412856141508267,9,108000,892
TCGATATA,0.94096607,0.940966066053684,9,108000,892
GTAGTATC,0.9406156,0.9406155939471406,9,108000,892
CTGATACA,0.9403888,0.9403888178782007,9,108000,892
GTGATCCC,0.9401311,0.9401311177998598,9,108000,892
TCGATATC,0.94004864,0.9400486537747907,9,108000,892
AGGATCAC,0.9393477,0.9393477095617037,9,108000,892
AGTATATC,0.9377706,0.937770585082258,9,108000,892
GAGATATA,0.9376984,0.9376984290603225,9,108000,892
GGGAGATA,0.93744075,0.9374407289819816,9,108000,892
GGAGTATC,0.93565744,0.9356574444398631,9,108000,892
GTGATAGC,0.93396693,0.9339669319259473,9,108000,892
TTGATATA,0.933668,0.933667999835072,9,108000,892
ATAATACC,0.9329258,0.9329258236094504,9,108000,892
TATATATG,0.9319775,0.9319774873211562,9,108000,892
CATATATA,0.9319775,0.9319774873211562,9,108000,892
TAGATATA,0.93192595,0.931925947305488,9,108000,892
ATTATATC,0.9310807,0.9310806910485301,9,108000,892
ACGGTATC,0.93062717,0.9306271389106502,9,108000,892
ATACTATA,0.9304519,0.9304519028573784,9,108000,892
GTGATATC,0.9942172,0.9942172102420319,10,120000,991
GTGATACC,0.993908,0.9939079701480229,10,120000,991
TTGATATC,0.99350595,0.9935059580258113,10,120000,991
TTGATACC,0.99298024,0.992980249865996,10,120000,991
GGGGTATC,0.99091864,0.9909186492392694,10,120000,991
ATGATACC,0.989692,0.989691996866367,10,120000,991
GTATCACC,0.98835194,0.9883519564589948,10,120000,991
ATGATATG,0.9850946,0.9850946274687667,10,120000,991
ATGATACG,0.9847338,0.9847338473590896,10,120000,991
GGGATATC,0.9840638,0.9840638271554035,10,120000,991
TTGATACG,0.9825898,0.982589782707294,10,120000,991
ACGATATC,0.9820228,0.9820228425349441,10,120000,991
AGGGTATC,0.98124975,0.9812497422999216,10,120000,991
ATGATACT,0.98043543,0.9804354100523647,10,120000,991
TAGGTATC,0.97972417,0.979724157836144,10,120000,991
ATGATATC,0.9794561,0.9794561497546695,10,120000,991
TTGATACT,0.9781986,0.9781985733723663,10,120000,991
GCGATATC,0.9771575,0.9771574650558693,10,120000,991
ATGATACA,0.97611636,0.9761163567393725,10,120000,991
AGGATATC,0.9755082,0.9755081845544881,10,120000,991
GTGATACG,0.97516805,0.9751680204510782,10,120000,991
CTGATATC,0.9750546,0.9750546324166083,10,120000,991
CGGATATC,0.9737352,0.9737352080155032,10,120000,991
GTATGATA,0.9734363,0.9734362759246279,10,120000,991
AAGATATC,0.9732095,0.9732094998556878,10,120000,991
TATATATC,0.9730446,0.9730445718055498,10,120000,991
GATATATA,0.9730446,0.9730445718055498,10,120000,991
TAGATATC,0.9729827,0.9729827237867481,10,120000,991
GATATATC,0.97251886,0.9725188636457345,10,120000,991
ATGATAGC,0.9723333,0.9723333195893292,10,120000,991
GTGATACA,0.97146744,0.9714674473261039,10,120000,991
AAGGTATC,0.9706634,0.9706634230816805,10,120000,991
TTGATATG,0.970045,0.9700449428936627,10,120000,991
ATCATATC,0.97002435,0.9700243268873954,10,120000,991
GTGATACT,0.969478,0.9694780027213128,10,120000,991
CAGATATC,0.968272,0.9682719663546778,10,120000,991
GGTGTATC,0.9676947,0.9676947181791943,10,120000,991
GATATACC,0.9673236,0.9673236300663836,10,120000,991
GGTATATC,0.9673236,0.9673236300663836,10,120000,991
CTGATACT,0.9653548,0.9653548014678596,10,120000,991
CGGGTATC,0.96530324,0.9653032614521916,10,120000,991
GATATCTC,0.96503526,0.9650352533707169,10,120000,991
GAGATATC,0.96503526,0.9650352533707169,10,120000,991
GGGTGATA,0.9641694,0.9641693811074918,10,120000,991
TTGATACA,0.9631695,0.9631695048035296,10,120000,991
TGGATATC,0.96232426,0.9623242485465716,10,120000,991
TAGATACC,0.962149,0.9621490124932999,10,120000,991
GTGATATA,0.9619738,0.961973776440028,10,120000,991
ATGACACC,0.96127284,0.961272832226941,10,120000,991
CTGATATG,0.9595514,0.9595513957036242,10,120000,991
CAGGTATC,0.9586752,0.9586752154372655,10,120000,991
GTGATATG,0.9574898,0.9574897950768977,10,120000,991
ATGATATA,0.9571909,0.9571908629860224,10,120000,991
GGGGTATA,0.9564074,0.9564074547478661,10,120000,991
TTGACACC,0.9545623,0.9545623221869459,10,120000,991
GAGGTATC,0.9544386,0.9544386261493425,10,120000,991
TCGATACC,0.95415,0.9541500020616006,10,120000,991
CTGATACC,0.9533975,0.9533975178328454,10,120000,991
CCGATATC,0.95283055,0.9528305776604957,10,120000,991
GGGGGATC,0.95283055,0.9528305776604957,10,120000,991
GTGTGATA,0.9519956,0.9519956294066714,10,120000,991
ATGATCCC,0.9514184,0.9514183812311879,10,120000,991
GCGATACC,0.9493362,0.9493361645981941,10,120000,991
TATATATA,0.9487692,0.9487692244258442,10,120000,991
GGGATATA,0.94857335,0.9485733723663052,10,120000,991
GGCATATC,0.9485527,0.9485527563600379,10,120000,991
GAGTGATA,0.9481817,0.9481816682472273,10,120000,991
AGTGTATC,0.9470581,0.9470580959056611,10,120000,991
ATGATAGG,0.9467076,0.9467076237991177,10,120000,991
ATAGTATC,0.946151,0.9461509916299015,10,120000,991
ATGGTATC,0.9456356,0.9456355914732198,10,120000,991
GTGATATT,0.94530576,0.9453057353729436,10,120000,991
CTGATATA,0.94520265,0.9452026553416072,10,120000,991
TACATATC,0.94469756,0.9446975631880592,10,120000,991
TGGGTATC,0.9444502,0.944450171112852,10,120000,991
ACGATATG,0.94313073,0.9431307467117469,10,120000,991
CCGATACC,0.9428421,0.9428421226240052,10,120000,991
ATCATATA,0.9412856,0.9412856141508267,10,120000,991
CCCGTATC,0.94110006,0.9411000700944213,10,120000,991
TCGATATA,0.94096607,0.940966066053684,10,120000,991
GTAGTATC,0.9406156,0.9406155939471406,10,120000,991
GTGATCCG,0.94041973,0.9404197418876016,10,120000,991
CGGATCAC,0.94041973,0.9404197418876016,10,120000,991
CTGATACA,0.9403888,0.9403888178782007,10,120000,991
GTGATCCC,0.9401311,0.9401311177998598,10,120000,991
TCGATATC,0.94004864,0.9400486537747907,10,120000,991
ATGTGATA,0.9387086,0.9387086133674185,10,120000,991
AGTATATC,0.9377706,0.937770585082258,10,120000,991
GAGATATA,0.9376984,0.9376984290603225,10,120000,991
GGGAGATA,0.93744075,0.9374407289819816,10,120000,991
GGAGTATC,0.93565744,0.9356574444398631,10,120000,991
GTGATAGC,0.93396693,0.9339669319259473,10,120000,991
TTGATATA,0.933668,0.933667999835072,10,120000,991
ATAATACC,0.9329258,0.9329258236094504,10,120000,991
CATATATA,0.9319775,0.9319774873211562,10,120000,991
TAGATATA,0.93192595,0.931925947305488,10,120000,991
ATTATATC,0.9310807,0.9310806910485301,10,120000,991
ACGGTATC,0.93062717,0.9306271389106502,10,120000,991
AGTATATA,0.9302767,0.9302766668041067,10,120000,991
