{"run_id": "12:20:23-01/16/2025", "exp_name": "DirichletPPO", "model_name": "LandscapeAsModel=TF_Binding", "landscape_name": "TF_Binding", "rounds": 10, "sequences_batch_size": 100, "model_queries_per_batch": 500}
sequence,model_score,true_score,round,model_cost,measurement_cost
GCTCGAGC,,0.5502102832639261,0,0,1
GATATATA,0.9730446,0.9730445718055498,1,12000,100
TATATATC,0.9730446,0.9730445718055498,1,12000,100
GATATATC,0.97251886,0.9725188636457345,1,12000,100
TATCAAAT,0.9692615,0.9692615346555065,1,12000,100
GGTATATC,0.9673236,0.9673236300663836,1,12000,100
GATATACC,0.9673236,0.9673236300663836,1,12000,100
TATCGTAT,0.9657156,0.9657155815775369,1,12000,100
TATTGATA,0.9604276,0.9604275759699831,1,12000,100
TATCAATA,0.9604276,0.9604275759699831,1,12000,100
ACGATACC,0.95775783,0.9577578031583722,1,12000,100
GATCCCCC,0.95283055,0.9528305776604957,1,12000,100
TATGTATC,0.95255226,0.9525522615758876,1,12000,100
TATCACTC,0.9481817,0.9481816682472273,1,12000,100
TATCATGT,0.9466664,0.9466663917865831,1,12000,100
TATCATCC,0.94549125,0.9454912794293491,1,12000,100
GGATGATA,0.94549125,0.9454912794293491,1,12000,100
TATCATTC,0.94123405,0.9412340741351586,1,12000,100
GATATACT,0.9377706,0.937770585082258,1,12000,100
GATCGATA,0.9319775,0.9319774873211562,1,12000,100
TATCGATC,0.9319775,0.9319774873211562,1,12000,100
TATCAACA,0.9309467,0.9309466870077928,1,12000,100
TATATACC,0.9296994,0.9296994186286234,1,12000,100
CCTATATC,0.92959636,0.929596338597287,1,12000,100
GATATGTC,0.9292562,0.9292561744938771,1,12000,100
GATGTATC,0.92898816,0.9289881664124026,1,12000,100
GATACATC,0.92898816,0.9289881664124026,1,12000,100
GATACTTC,0.9264318,0.9264317816352615,1,12000,100
CATATATC,0.9251948,0.9251948212592257,1,12000,100
GATATATG,0.9251948,0.9251948212592257,1,12000,100
GCTGATAC,0.92508143,0.9250814332247558,1,12000,100
GATATAGA,0.9246073,0.9246072650806086,1,12000,100
TCTATATC,0.9246073,0.9246072650806086,1,12000,100
TATCTATA,0.9239476,0.923947552880056,1,12000,100
TATAGATA,0.9239476,0.923947552880056,1,12000,100
GATAGATA,0.9238135,0.9238135488393188,1,12000,100
TATCTATC,0.9238135,0.9238135488393188,1,12000,100
TATCATGC,0.92330843,0.9233084566857709,1,12000,100
ACTATATC,0.92187566,0.921875644250196,1,12000,100
GCTATATC,0.9194223,0.9194223395043912,1,12000,100
GATATAGC,0.9194223,0.9194223395043912,1,12000,100
TATCGATT,0.9179174,0.9179173710468809,1,12000,100
AATCGATA,0.9179174,0.9179173710468809,1,12000,100
TATCAAAA,0.9173092,0.9173091988619964,1,12000,100
GATCTGAT,0.91481465,0.9148146621036574,1,12000,100
CATTGATA,0.91283554,0.9128355255019998,1,12000,100
TATCAATG,0.91283554,0.9128355255019998,1,12000,100
TGTATATC,0.91143364,0.9114336370758257,1,12000,100
GATATACA,0.91143364,0.9114336370758257,1,12000,100
TATTGATC,0.91079456,0.9107945408815404,1,12000,100
GATCATTA,0.91079456,0.9107945408815404,1,12000,100
GATCAATA,0.91079456,0.9107945408815404,1,12000,100
GATTGATA,0.9094751,0.9094751164804354,1,12000,100
TATCAATC,0.9094751,0.9094751164804354,1,12000,100
GATCACTT,0.9092793,0.9092792644208963,1,12000,100
AATATATC,0.90914524,0.9091452603801592,1,12000,100
GATATATT,0.90914524,0.9091452603801592,1,12000,100
TATCAAGC,0.9089082,0.9089081763080856,1,12000,100
TATCAAAC,0.9073001,0.9073001278192389,1,12000,100
TATCGTTA,0.9072692,0.907269203809838,1,12000,100
TAACGATA,0.9072692,0.907269203809838,1,12000,100
GAACGATA,0.9060941,0.9060940914526039,1,12000,100
TATCGTTC,0.9060941,0.9060940914526039,1,12000,100
TATCACGC,0.9045994,0.904599430998227,1,12000,100
TATCTCTC,0.9031048,0.9031047705438503,1,12000,100
TATCGATA,0.90300167,0.903001690512514,1,12000,100
TATCAACT,0.9025997,0.9025996783903023,1,12000,100
TATCTATG,0.90194,0.9019399661897497,1,12000,100
CATAGATA,0.90194,0.9019399661897497,1,12000,100
GCCGTATC,0.90131116,0.9013111779985981,1,12000,100
GATCCAAT,0.9010535,0.9010534779202574,1,12000,100
GATCCGGG,0.9000948,0.9000948336288294,1,12000,100
GGTTGATA,0.89998144,0.8999814455943594,1,12000,100
TATCAACC,0.89998144,0.8999814455943594,1,12000,100
AATTGATA,0.8980538,0.8980538490083702,1,12000,100
TATCAATT,0.8980538,0.8980538490083702,1,12000,100
ACTTGATA,0.8977652,0.8977652249206285,1,12000,100
TATCAAGT,0.8977652,0.8977652249206285,1,12000,100
CAGTGATC,0.8977343,0.8977343009112275,1,12000,100
TATCACGA,0.89741474,0.8974147528140849,1,12000,100
TACTGATC,0.89521915,0.8952191481466212,1,12000,100
GATCAGTA,0.89521915,0.8952191481466212,1,12000,100
TATCGCTG,0.89073515,0.8907351667834907,1,12000,100
GATACATG,0.89008576,0.8900857625860719,1,12000,100
GATCATCC,0.8900548,0.890054838576671,1,12000,100
TATCGAAG,0.887014,0.8870139776522492,1,12000,100
GCTGTATC,0.8837876,0.8837875726714222,1,12000,100
GATACAGC,0.8837876,0.8837875726714222,1,12000,100
GATCATCG,0.883736,0.8837360326557538,1,12000,100
CGATGATC,0.883736,0.8837360326557538,1,12000,100
GATCGTAT,0.8832825,0.8832824805178741,1,12000,100
TATCGAAA,0.88258153,0.882581536304787,1,12000,100
TATCTATT,0.88158166,0.8815816600008246,1,12000,100
AATAGATA,0.88158166,0.8815816600008246,1,12000,100
GATCATCA,0.88024163,0.8802416195934523,1,12000,100
TATCCATA,0.87975717,0.8797571434461716,1,12000,100
TATGGATA,0.87975717,0.8797571434461716,1,12000,100
GCTATATA,0.878881,0.8788809631798128,1,12000,100
TATATAGC,0.878881,0.8788809631798128,1,12000,100
ACATGATC,0.87876755,0.8787675751453429,1,12000,100
GTGATATC,0.9942172,0.9942172102420319,2,24000,199
GATATCAC,0.9942172,0.9942172102420319,2,24000,199
GATATCAA,0.99350595,0.9935059580258113,2,24000,199
GGTATCAA,0.99298024,0.992980249865996,2,24000,199
GATACCCC,0.99091864,0.9909186492392694,2,24000,199
GGGATATC,0.9840638,0.9840638271554035,2,24000,199
GATATCCC,0.9840638,0.9840638271554035,2,24000,199
GATATCGT,0.9820228,0.9820228425349441,2,24000,199
GATACCTA,0.97972417,0.979724157836144,2,24000,199
GCGATATC,0.9771575,0.9771574650558693,2,24000,199
GATATCGC,0.9771575,0.9771574650558693,2,24000,199
ATGATACA,0.97611636,0.9761163567393725,2,24000,199
GATATCCT,0.9755082,0.9755081845544881,2,24000,199
GTGATACG,0.97516805,0.9751680204510782,2,24000,199
GATATCAG,0.9750546,0.9750546324166083,2,24000,199
GATATCCG,0.9737352,0.9737352080155032,2,24000,199
GTATGATA,0.9734363,0.9734362759246279,2,24000,199
GATATCTT,0.9732095,0.9732094998556878,2,24000,199
AAGATATC,0.9732095,0.9732094998556878,2,24000,199
TATATATC,0.9730446,0.9730445718055498,2,24000,199
GATATATA,0.9730446,0.9730445718055498,2,24000,199
GATATCTA,0.9729827,0.9729827237867481,2,24000,199
TAGATATC,0.9729827,0.9729827237867481,2,24000,199
GATATATC,0.97251886,0.9725188636457345,2,24000,199
GTGATACA,0.97146744,0.9714674473261039,2,24000,199
CATATCAA,0.970045,0.9700449428936627,2,24000,199
ATCATATC,0.97002435,0.9700243268873954,2,24000,199
GATATGAT,0.97002435,0.9700243268873954,2,24000,199
GATATCTG,0.968272,0.9682719663546778,2,24000,199
GGTGTATC,0.9676947,0.9676947181791943,2,24000,199
GATATACC,0.9673236,0.9673236300663836,2,24000,199
GGTATATC,0.9673236,0.9673236300663836,2,24000,199
GATATCTC,0.96503526,0.9650352533707169,2,24000,199
GAGATATC,0.96503526,0.9650352533707169,2,24000,199
GGGTGATA,0.9641694,0.9641693811074918,2,24000,199
GATATCCA,0.96232426,0.9623242485465716,2,24000,199
GGTATCTA,0.962149,0.9621490124932999,2,24000,199
TAGATACC,0.962149,0.9621490124932999,2,24000,199
TATATCAC,0.9619738,0.961973776440028,2,24000,199
GTGATATA,0.9619738,0.961973776440028,2,24000,199
GATACCTG,0.9586752,0.9586752154372655,2,24000,199
GGTATCGT,0.95775783,0.9577578031583722,2,24000,199
GTGATATG,0.9574898,0.9574897950768977,2,24000,199
ATGATATA,0.9571909,0.9571908629860224,2,24000,199
GATATCGG,0.95283055,0.9528305776604957,2,24000,199
TATGTATC,0.95255226,0.9525522615758876,2,24000,199
GATACATA,0.95255226,0.9525522615758876,2,24000,199
GATATGGG,0.9523461,0.9523461015132149,2,24000,199
GGTATCGC,0.9493362,0.9493361645981941,2,24000,199
TATATATA,0.9487692,0.9487692244258442,2,24000,199
TATATCCC,0.94857335,0.9485733723663052,2,24000,199
GGGATATA,0.94857335,0.9485733723663052,2,24000,199
GATATGCC,0.9485527,0.9485527563600379,2,24000,199
GGCATATC,0.9485527,0.9485527563600379,2,24000,199
GAGTGATA,0.9481817,0.9481816682472273,2,24000,199
GTGATATT,0.94530576,0.9453057353729436,2,24000,199
CTGATATA,0.94520265,0.9452026553416072,2,24000,199
TACATATC,0.94469756,0.9446975631880592,2,24000,199
GATATGTA,0.94469756,0.9446975631880592,2,24000,199
GATACCCA,0.9444502,0.944450171112852,2,24000,199
ATCATATA,0.9412856,0.9412856141508267,2,24000,199
GATACGGG,0.94110006,0.9411000700944213,2,24000,199
TATATCGA,0.94096607,0.940966066053684,2,24000,199
TCGATATA,0.94096607,0.940966066053684,2,24000,199
GATATCGA,0.94004864,0.9400486537747907,2,24000,199
TCGATATC,0.94004864,0.9400486537747907,2,24000,199
GATATACT,0.9377706,0.937770585082258,2,24000,199
AGTATATC,0.9377706,0.937770585082258,2,24000,199
TATATCTC,0.9376984,0.9376984290603225,2,24000,199
GAGATATA,0.9376984,0.9376984290603225,2,24000,199
GGGAGATA,0.93744075,0.9374407289819816,2,24000,199
GCTATCAC,0.93396693,0.9339669319259473,2,24000,199
TATATCAA,0.933668,0.933667999835072,2,24000,199
CATATATA,0.9319775,0.9319774873211562,2,24000,199
TATATATG,0.9319775,0.9319774873211562,2,24000,199
GATCGATA,0.9319775,0.9319774873211562,2,24000,199
TATATCTA,0.93192595,0.931925947305488,2,24000,199
TAGATATA,0.93192595,0.931925947305488,2,24000,199
ATTATATC,0.9310807,0.9310806910485301,2,24000,199
GATATAAT,0.9310807,0.9310806910485301,2,24000,199
TATATACT,0.9302767,0.9302766668041067,2,24000,199
GGTATATA,0.9296994,0.9296994186286234,2,24000,199
TATATACC,0.9296994,0.9296994186286234,2,24000,199
GATATAGG,0.92959636,0.929596338597287,2,24000,199
GATATGTC,0.9292562,0.9292561744938771,2,24000,199
GACATATC,0.9292562,0.9292561744938771,2,24000,199
GATGTATC,0.92898816,0.9289881664124026,2,24000,199
GATACATC,0.92898816,0.9289881664124026,2,24000,199
GCGATATA,0.92818415,0.9281841421679792,2,24000,199
GGTATCTT,0.92685443,0.9268544097637406,2,24000,199
GAAGTATC,0.9264318,0.9264317816352615,2,24000,199
GCTATCAA,0.92576176,0.9257617614315755,2,24000,199
GATACGTA,0.92548347,0.9254834453469675,2,24000,199
CATATATC,0.9251948,0.9251948212592257,2,24000,199
GATATATG,0.9251948,0.9251948212592257,2,24000,199
GGATTATA,0.9247,0.9247000371088113,2,24000,199
GATATAGA,0.9246073,0.9246072650806086,2,24000,199
TCTATATC,0.9246073,0.9246072650806086,2,24000,199
GATATGTG,0.9244011,0.9244011050179359,2,24000,199
GTGATATC,0.9942172,0.9942172102420319,3,36000,298
GTGATACC,0.993908,0.9939079701480229,3,36000,298
TTGATATC,0.99350595,0.9935059580258113,3,36000,298
TTGATACC,0.99298024,0.992980249865996,3,36000,298
GGGGTATC,0.99091864,0.9909186492392694,3,36000,298
ATGATACC,0.989692,0.989691996866367,3,36000,298
ATGATATG,0.9850946,0.9850946274687667,3,36000,298
ATGATACG,0.9847338,0.9847338473590896,3,36000,298
GGGATATC,0.9840638,0.9840638271554035,3,36000,298
TTGATACG,0.9825898,0.982589782707294,3,36000,298
ACGATATC,0.9820228,0.9820228425349441,3,36000,298
AGGGTATC,0.98124975,0.9812497422999216,3,36000,298
ATGATACT,0.98043543,0.9804354100523647,3,36000,298
TAGGTATC,0.97972417,0.979724157836144,3,36000,298
ATGATATC,0.9794561,0.9794561497546695,3,36000,298
TTGATACT,0.9781986,0.9781985733723663,3,36000,298
GCGATATC,0.9771575,0.9771574650558693,3,36000,298
ATGATACA,0.97611636,0.9761163567393725,3,36000,298
AGGATATC,0.9755082,0.9755081845544881,3,36000,298
GTGATACG,0.97516805,0.9751680204510782,3,36000,298
CTGATATC,0.9750546,0.9750546324166083,3,36000,298
CGGATATC,0.9737352,0.9737352080155032,3,36000,298
AAGATATC,0.9732095,0.9732094998556878,3,36000,298
GATATATA,0.9730446,0.9730445718055498,3,36000,298
TATATATC,0.9730446,0.9730445718055498,3,36000,298
TAGATATC,0.9729827,0.9729827237867481,3,36000,298
GATATATC,0.97251886,0.9725188636457345,3,36000,298
ATGATAGC,0.9723333,0.9723333195893292,3,36000,298
GTGATACA,0.97146744,0.9714674473261039,3,36000,298
AAGGTATC,0.9706634,0.9706634230816805,3,36000,298
TTGATATG,0.970045,0.9700449428936627,3,36000,298
ATCATATC,0.97002435,0.9700243268873954,3,36000,298
GTGATACT,0.969478,0.9694780027213128,3,36000,298
CAGATATC,0.968272,0.9682719663546778,3,36000,298
GATATACC,0.9673236,0.9673236300663836,3,36000,298
GGTATATC,0.9673236,0.9673236300663836,3,36000,298
CTGATACT,0.9653548,0.9653548014678596,3,36000,298
CGGGTATC,0.96530324,0.9653032614521916,3,36000,298
GAGATATC,0.96503526,0.9650352533707169,3,36000,298
GGGTGATA,0.9641694,0.9641693811074918,3,36000,298
TTGATACA,0.9631695,0.9631695048035296,3,36000,298
TGGATATC,0.96232426,0.9623242485465716,3,36000,298
TAGATACC,0.962149,0.9621490124932999,3,36000,298
GTGATATA,0.9619738,0.961973776440028,3,36000,298
ATGACACC,0.96127284,0.961272832226941,3,36000,298
AGAGTATC,0.95973694,0.9597369397600297,3,36000,298
CTGATATG,0.9595514,0.9595513957036242,3,36000,298
CAGGTATC,0.9586752,0.9586752154372655,3,36000,298
ACGATACC,0.95775783,0.9577578031583722,3,36000,298
GTGATATG,0.9574898,0.9574897950768977,3,36000,298
ATGATATA,0.9571909,0.9571908629860224,3,36000,298
GGGGTATA,0.9564074,0.9564074547478661,3,36000,298
TTGACACC,0.9545623,0.9545623221869459,3,36000,298
GAGGTATC,0.9544386,0.9544386261493425,3,36000,298
TCGATACC,0.95415,0.9541500020616006,3,36000,298
CTGATACC,0.9533975,0.9533975178328454,3,36000,298
CCGATATC,0.95283055,0.9528305776604957,3,36000,298
GTGTGATA,0.9519956,0.9519956294066714,3,36000,298
ATGATCCC,0.9514184,0.9514183812311879,3,36000,298
GCGATACC,0.9493362,0.9493361645981941,3,36000,298
TATATATA,0.9487692,0.9487692244258442,3,36000,298
GGGATATA,0.94857335,0.9485733723663052,3,36000,298
GGCATATC,0.9485527,0.9485527563600379,3,36000,298
ATGATAGG,0.9467076,0.9467076237991177,3,36000,298
ATAGTATC,0.946151,0.9461509916299015,3,36000,298
ATGGTATC,0.9456356,0.9456355914732198,3,36000,298
GTGATATT,0.94530576,0.9453057353729436,3,36000,298
CTGATATA,0.94520265,0.9452026553416072,3,36000,298
TACATATC,0.94469756,0.9446975631880592,3,36000,298
TGGGTATC,0.9444502,0.944450171112852,3,36000,298
ACGATATG,0.94313073,0.9431307467117469,3,36000,298
CCGATACC,0.9428421,0.9428421226240052,3,36000,298
ATCATATA,0.9412856,0.9412856141508267,3,36000,298
TCGATATA,0.94096607,0.940966066053684,3,36000,298
GTAGTATC,0.9406156,0.9406155939471406,3,36000,298
CGGATCAC,0.94041973,0.9404197418876016,3,36000,298
CTGATACA,0.9403888,0.9403888178782007,3,36000,298
GTGATCCC,0.9401311,0.9401311177998598,3,36000,298
TCGATATC,0.94004864,0.9400486537747907,3,36000,298
GTGATCCT,0.9393477,0.9393477095617037,3,36000,298
AGTATATC,0.9377706,0.937770585082258,3,36000,298
GAGATATA,0.9376984,0.9376984290603225,3,36000,298
GGGAGATA,0.93744075,0.9374407289819816,3,36000,298
GTGATAGC,0.93396693,0.9339669319259473,3,36000,298
TTGATATA,0.933668,0.933667999835072,3,36000,298
ATAATACC,0.9329258,0.9329258236094504,3,36000,298
CATATATA,0.9319775,0.9319774873211562,3,36000,298
TATATATG,0.9319775,0.9319774873211562,3,36000,298
TAGATATA,0.93192595,0.931925947305488,3,36000,298
ATTATATC,0.9310807,0.9310806910485301,3,36000,298
GGTATATA,0.9296994,0.9296994186286234,3,36000,298
CCTATATC,0.92959636,0.929596338597287,3,36000,298
ATCGTATC,0.9294726,0.9294726425596833,3,36000,298
GATACATC,0.92898816,0.9289881664124026,3,36000,298
CTGATACG,0.92832845,0.9283284542118501,3,36000,298
GCGATATA,0.92818415,0.9281841421679792,3,36000,298
AAGATACC,0.92685443,0.9268544097637406,3,36000,298
GAAGTATC,0.9264318,0.9264317816352615,3,36000,298
TTGATAGC,0.92576176,0.9257617614315755,3,36000,298
GATATCAC,0.9942172,0.9942172102420319,4,48000,397
GGTATCAC,0.993908,0.9939079701480229,4,48000,397
GATATCAA,0.99350595,0.9935059580258113,4,48000,397
GGTATCAA,0.99298024,0.992980249865996,4,48000,397
GATACCCC,0.99091864,0.9909186492392694,4,48000,397
GGTATCAT,0.989692,0.989691996866367,4,48000,397
CATATCAT,0.9850946,0.9850946274687667,4,48000,397
CGTATCAT,0.9847338,0.9847338473590896,4,48000,397
GATATCCC,0.9840638,0.9840638271554035,4,48000,397
CGTATCAA,0.9825898,0.982589782707294,4,48000,397
GATATCGT,0.9820228,0.9820228425349441,4,48000,397
GATACCCT,0.98124975,0.9812497422999216,4,48000,397
AGTATCAT,0.98043543,0.9804354100523647,4,48000,397
GATACCTA,0.97972417,0.979724157836144,4,48000,397
GATATCAT,0.9794561,0.9794561497546695,4,48000,397
AGTATCAA,0.9781986,0.9781985733723663,4,48000,397
GATATCGC,0.9771575,0.9771574650558693,4,48000,397
TGTATCAT,0.97611636,0.9761163567393725,4,48000,397
GATATCCT,0.9755082,0.9755081845544881,4,48000,397
CGTATCAC,0.97516805,0.9751680204510782,4,48000,397
GATATCAG,0.9750546,0.9750546324166083,4,48000,397
GATATCCG,0.9737352,0.9737352080155032,4,48000,397
GATATCTT,0.9732095,0.9732094998556878,4,48000,397
AAGATATC,0.9732095,0.9732094998556878,4,48000,397
GATATATA,0.9730446,0.9730445718055498,4,48000,397
TATATATC,0.9730446,0.9730445718055498,4,48000,397
GATATCTA,0.9729827,0.9729827237867481,4,48000,397
GATATATC,0.97251886,0.9725188636457345,4,48000,397
GCTATCAT,0.9723333,0.9723333195893292,4,48000,397
TGTATCAC,0.97146744,0.9714674473261039,4,48000,397
GATACCTT,0.9706634,0.9706634230816805,4,48000,397
CATATCAA,0.970045,0.9700449428936627,4,48000,397
GATATGAT,0.97002435,0.9700243268873954,4,48000,397
AGTATCAC,0.969478,0.9694780027213128,4,48000,397
GATATCTG,0.968272,0.9682719663546778,4,48000,397
GATACACC,0.9676947,0.9676947181791943,4,48000,397
GATATACC,0.9673236,0.9673236300663836,4,48000,397
AGTATCAG,0.9653548,0.9653548014678596,4,48000,397
GATATCTC,0.96503526,0.9650352533707169,4,48000,397
TGTATCAA,0.9631695,0.9631695048035296,4,48000,397
GATATCCA,0.96232426,0.9623242485465716,4,48000,397
GGTATCTA,0.962149,0.9621490124932999,4,48000,397
TATATCAC,0.9619738,0.961973776440028,4,48000,397
GGTGTCAT,0.96127284,0.961272832226941,4,48000,397
GATACTCT,0.95973694,0.9597369397600297,4,48000,397
CATATCAG,0.9595514,0.9595513957036242,4,48000,397
GATACCTG,0.9586752,0.9586752154372655,4,48000,397
GGTATCGT,0.95775783,0.9577578031583722,4,48000,397
CATATCAC,0.9574898,0.9574897950768977,4,48000,397
TATATCAT,0.9571909,0.9571908629860224,4,48000,397
TATACCCC,0.9564074,0.9564074547478661,4,48000,397
GGTGTCAA,0.9545623,0.9545623221869459,4,48000,397
GATACCTC,0.9544386,0.9544386261493425,4,48000,397
GGTATCGA,0.95415,0.9541500020616006,4,48000,397
GGTATCAG,0.9533975,0.9533975178328454,4,48000,397
GATATCGG,0.95283055,0.9528305776604957,4,48000,397
GATATGGG,0.9523461,0.9523461015132149,4,48000,397
GGTATCGC,0.9493362,0.9493361645981941,4,48000,397
TATATATA,0.9487692,0.9487692244258442,4,48000,397
TATATCCC,0.94857335,0.9485733723663052,4,48000,397
GATATGCC,0.9485527,0.9485527563600379,4,48000,397
TATCACTC,0.9481817,0.9481816682472273,4,48000,397
CCTATCAT,0.9467076,0.9467076237991177,4,48000,397
GATACTAT,0.946151,0.9461509916299015,4,48000,397
GATACCAT,0.9456356,0.9456355914732198,4,48000,397
AATATCAC,0.94530576,0.9453057353729436,4,48000,397
TATATCAG,0.94520265,0.9452026553416072,4,48000,397
GATATGTA,0.94469756,0.9446975631880592,4,48000,397
TACATATC,0.94469756,0.9446975631880592,4,48000,397
GATACCCA,0.9444502,0.944450171112852,4,48000,397
CATATCGT,0.94313073,0.9431307467117469,4,48000,397
GGTATCGG,0.9428421,0.9428421226240052,4,48000,397
TATATGAT,0.9412856,0.9412856141508267,4,48000,397
TATATCGA,0.94096607,0.940966066053684,4,48000,397
GATACTAC,0.9406156,0.9406155939471406,4,48000,397
CGGATCAC,0.94041973,0.9404197418876016,4,48000,397
TGTATCAG,0.9403888,0.9403888178782007,4,48000,397
GGGATCAC,0.9401311,0.9401311177998598,4,48000,397
GTGATCCC,0.9401311,0.9401311177998598,4,48000,397
GATATCGA,0.94004864,0.9400486537747907,4,48000,397
AGGATCAC,0.9393477,0.9393477095617037,4,48000,397
GATATACT,0.9377706,0.937770585082258,4,48000,397
TATATCTC,0.9376984,0.9376984290603225,4,48000,397
TATCTCCC,0.93744075,0.9374407289819816,4,48000,397
GATACTCC,0.93565744,0.9356574444398631,4,48000,397
GCTATCAC,0.93396693,0.9339669319259473,4,48000,397
TATATCAA,0.933668,0.933667999835072,4,48000,397
GGTATTAT,0.9329258,0.9329258236094504,4,48000,397
TATATCTA,0.93192595,0.931925947305488,4,48000,397
GATATAAT,0.9310807,0.9310806910485301,4,48000,397
GATACCGT,0.93062717,0.9306271389106502,4,48000,397
TATATACT,0.9302767,0.9302766668041067,4,48000,397
GATCATAT,0.930122,0.9301220467571023,4,48000,397
CGGATCAA,0.9298025,0.9298024986599597,4,48000,397
TATATACC,0.9296994,0.9296994186286234,4,48000,397
GATATAGG,0.92959636,0.929596338597287,4,48000,397
GATACGAT,0.9294726,0.9294726425596833,4,48000,397
GATATGTC,0.9292562,0.9292561744938771,4,48000,397
GATACATC,0.92898816,0.9289881664124026,4,48000,397
GTGATATC,0.9942172,0.9942172102420319,5,60000,496
GTGATACC,0.993908,0.9939079701480229,5,60000,496
TTGATATC,0.99350595,0.9935059580258113,5,60000,496
TTGATACC,0.99298024,0.992980249865996,5,60000,496
GGGGTATC,0.99091864,0.9909186492392694,5,60000,496
ATGATACC,0.989692,0.989691996866367,5,60000,496
ATGATATG,0.9850946,0.9850946274687667,5,60000,496
ATGATACG,0.9847338,0.9847338473590896,5,60000,496
GGGATATC,0.9840638,0.9840638271554035,5,60000,496
ACGATATC,0.9820228,0.9820228425349441,5,60000,496
AGGGTATC,0.98124975,0.9812497422999216,5,60000,496
ATGATACT,0.98043543,0.9804354100523647,5,60000,496
TAGGTATC,0.97972417,0.979724157836144,5,60000,496
ATGATATC,0.9794561,0.9794561497546695,5,60000,496
TTGATACT,0.9781986,0.9781985733723663,5,60000,496
GCGATATC,0.9771575,0.9771574650558693,5,60000,496
ATGATACA,0.97611636,0.9761163567393725,5,60000,496
AGGATATC,0.9755082,0.9755081845544881,5,60000,496
GTGATACG,0.97516805,0.9751680204510782,5,60000,496
CTGATATC,0.9750546,0.9750546324166083,5,60000,496
CGGATATC,0.9737352,0.9737352080155032,5,60000,496
AAGATATC,0.9732095,0.9732094998556878,5,60000,496
GATATATA,0.9730446,0.9730445718055498,5,60000,496
TATATATC,0.9730446,0.9730445718055498,5,60000,496
TAGATATC,0.9729827,0.9729827237867481,5,60000,496
GATATATC,0.97251886,0.9725188636457345,5,60000,496
ATGATAGC,0.9723333,0.9723333195893292,5,60000,496
GTGATACA,0.97146744,0.9714674473261039,5,60000,496
AAGGTATC,0.9706634,0.9706634230816805,5,60000,496
TTGATATG,0.970045,0.9700449428936627,5,60000,496
ATCATATC,0.97002435,0.9700243268873954,5,60000,496
GTGATACT,0.969478,0.9694780027213128,5,60000,496
CAGATATC,0.968272,0.9682719663546778,5,60000,496
GGTATATC,0.9673236,0.9673236300663836,5,60000,496
GATATACC,0.9673236,0.9673236300663836,5,60000,496
CTGATACT,0.9653548,0.9653548014678596,5,60000,496
CGGGTATC,0.96530324,0.9653032614521916,5,60000,496
GATATCTC,0.96503526,0.9650352533707169,5,60000,496
GAGATATC,0.96503526,0.9650352533707169,5,60000,496
TTGATACA,0.9631695,0.9631695048035296,5,60000,496
TGGATATC,0.96232426,0.9623242485465716,5,60000,496
TAGATACC,0.962149,0.9621490124932999,5,60000,496
GTGATATA,0.9619738,0.961973776440028,5,60000,496
AGAGTATC,0.95973694,0.9597369397600297,5,60000,496
CTGATATG,0.9595514,0.9595513957036242,5,60000,496
CAGGTATC,0.9586752,0.9586752154372655,5,60000,496
ACGATACC,0.95775783,0.9577578031583722,5,60000,496
GTGATATG,0.9574898,0.9574897950768977,5,60000,496
ATGATATA,0.9571909,0.9571908629860224,5,60000,496
GGGGTATA,0.9564074,0.9564074547478661,5,60000,496
GAGGTATC,0.9544386,0.9544386261493425,5,60000,496
TCGATACC,0.95415,0.9541500020616006,5,60000,496
CTGATACC,0.9533975,0.9533975178328454,5,60000,496
CCGATATC,0.95283055,0.9528305776604957,5,60000,496
TATGTATC,0.95255226,0.9525522615758876,5,60000,496
CCCATATC,0.9523461,0.9523461015132149,5,60000,496
ATGATCCC,0.9514184,0.9514183812311879,5,60000,496
GCGATACC,0.9493362,0.9493361645981941,5,60000,496
TATATATA,0.9487692,0.9487692244258442,5,60000,496
GGGATATA,0.94857335,0.9485733723663052,5,60000,496
GGCATATC,0.9485527,0.9485527563600379,5,60000,496
ATGATAGG,0.9467076,0.9467076237991177,5,60000,496
ATAGTATC,0.946151,0.9461509916299015,5,60000,496
ATGGTATC,0.9456356,0.9456355914732198,5,60000,496
GTGATATT,0.94530576,0.9453057353729436,5,60000,496
CTGATATA,0.94520265,0.9452026553416072,5,60000,496
GATATGTA,0.94469756,0.9446975631880592,5,60000,496
TACATATC,0.94469756,0.9446975631880592,5,60000,496
TGGGTATC,0.9444502,0.944450171112852,5,60000,496
ACGATATG,0.94313073,0.9431307467117469,5,60000,496
CCGATACC,0.9428421,0.9428421226240052,5,60000,496
ATCATATA,0.9412856,0.9412856141508267,5,60000,496
TCGATATA,0.94096607,0.940966066053684,5,60000,496
GTAGTATC,0.9406156,0.9406155939471406,5,60000,496
GTGATCCG,0.94041973,0.9404197418876016,5,60000,496
GTGATCCC,0.9401311,0.9401311177998598,5,60000,496
TCGATATC,0.94004864,0.9400486537747907,5,60000,496
AGTATATC,0.9377706,0.937770585082258,5,60000,496
GAGATATA,0.9376984,0.9376984290603225,5,60000,496
GGGAGATA,0.93744075,0.9374407289819816,5,60000,496
GTGATAGC,0.93396693,0.9339669319259473,5,60000,496
TTGATATA,0.933668,0.933667999835072,5,60000,496
ATAATACC,0.9329258,0.9329258236094504,5,60000,496
TATATATG,0.9319775,0.9319774873211562,5,60000,496
TAGATATA,0.93192595,0.931925947305488,5,60000,496
ATTATATC,0.9310807,0.9310806910485301,5,60000,496
ACGGTATC,0.93062717,0.9306271389106502,5,60000,496
AGTATATA,0.9302767,0.9302766668041067,5,60000,496
GGTATATA,0.9296994,0.9296994186286234,5,60000,496
CCTATATC,0.92959636,0.929596338597287,5,60000,496
ATCGTATC,0.9294726,0.9294726425596833,5,60000,496
GATATGTC,0.9292562,0.9292561744938771,5,60000,496
GACATATC,0.9292562,0.9292561744938771,5,60000,496
GATGTATC,0.92898816,0.9289881664124026,5,60000,496
CTGATACG,0.92832845,0.9283284542118501,5,60000,496
GCGATATA,0.92818415,0.9281841421679792,5,60000,496
AAGATACC,0.92685443,0.9268544097637406,5,60000,496
TTGATAGC,0.92576176,0.9257617614315755,5,60000,496
TACGTATC,0.92548347,0.9254834453469675,5,60000,496
GTGATATC,0.9942172,0.9942172102420319,6,72000,595
GTGATACC,0.993908,0.9939079701480229,6,72000,595
TTGATATC,0.99350595,0.9935059580258113,6,72000,595
TTGATACC,0.99298024,0.992980249865996,6,72000,595
GGGGTATC,0.99091864,0.9909186492392694,6,72000,595
ATGATACC,0.989692,0.989691996866367,6,72000,595
ATGATATG,0.9850946,0.9850946274687667,6,72000,595
ATGATACG,0.9847338,0.9847338473590896,6,72000,595
GGGATATC,0.9840638,0.9840638271554035,6,72000,595
TTGATACG,0.9825898,0.982589782707294,6,72000,595
ACGATATC,0.9820228,0.9820228425349441,6,72000,595
AGGGTATC,0.98124975,0.9812497422999216,6,72000,595
ATGATACT,0.98043543,0.9804354100523647,6,72000,595
TAGGTATC,0.97972417,0.979724157836144,6,72000,595
ATGATATC,0.9794561,0.9794561497546695,6,72000,595
TTGATACT,0.9781986,0.9781985733723663,6,72000,595
GCGATATC,0.9771575,0.9771574650558693,6,72000,595
ATGATACA,0.97611636,0.9761163567393725,6,72000,595
AGGATATC,0.9755082,0.9755081845544881,6,72000,595
GTGATACG,0.97516805,0.9751680204510782,6,72000,595
CTGATATC,0.9750546,0.9750546324166083,6,72000,595
CGGATATC,0.9737352,0.9737352080155032,6,72000,595
AAGATATC,0.9732095,0.9732094998556878,6,72000,595
TATATATC,0.9730446,0.9730445718055498,6,72000,595
GATATATA,0.9730446,0.9730445718055498,6,72000,595
TAGATATC,0.9729827,0.9729827237867481,6,72000,595
GATATATC,0.97251886,0.9725188636457345,6,72000,595
ATGATAGC,0.9723333,0.9723333195893292,6,72000,595
GTGATACA,0.97146744,0.9714674473261039,6,72000,595
TGTATCAC,0.97146744,0.9714674473261039,6,72000,595
AAGGTATC,0.9706634,0.9706634230816805,6,72000,595
TTGATATG,0.970045,0.9700449428936627,6,72000,595
ATCATATC,0.97002435,0.9700243268873954,6,72000,595
GTGATACT,0.969478,0.9694780027213128,6,72000,595
CAGATATC,0.968272,0.9682719663546778,6,72000,595
GGTATATC,0.9673236,0.9673236300663836,6,72000,595
GATATACC,0.9673236,0.9673236300663836,6,72000,595
CTGATACT,0.9653548,0.9653548014678596,6,72000,595
GAGATATC,0.96503526,0.9650352533707169,6,72000,595
GATATCTC,0.96503526,0.9650352533707169,6,72000,595
TTGATACA,0.9631695,0.9631695048035296,6,72000,595
TGGATATC,0.96232426,0.9623242485465716,6,72000,595
TAGATACC,0.962149,0.9621490124932999,6,72000,595
GTGATATA,0.9619738,0.961973776440028,6,72000,595
ATGACACC,0.96127284,0.961272832226941,6,72000,595
CTGATATG,0.9595514,0.9595513957036242,6,72000,595
ACGATACC,0.95775783,0.9577578031583722,6,72000,595
GTGATATG,0.9574898,0.9574897950768977,6,72000,595
ATGATATA,0.9571909,0.9571908629860224,6,72000,595
GGGGTATA,0.9564074,0.9564074547478661,6,72000,595
TTGACACC,0.9545623,0.9545623221869459,6,72000,595
GAGGTATC,0.9544386,0.9544386261493425,6,72000,595
TCGATACC,0.95415,0.9541500020616006,6,72000,595
CTGATACC,0.9533975,0.9533975178328454,6,72000,595
GGGGGATC,0.95283055,0.9528305776604957,6,72000,595
CCGATATC,0.95283055,0.9528305776604957,6,72000,595
CCCATATC,0.9523461,0.9523461015132149,6,72000,595
GTGTGATA,0.9519956,0.9519956294066714,6,72000,595
ATGATCCC,0.9514184,0.9514183812311879,6,72000,595
GCGATACC,0.9493362,0.9493361645981941,6,72000,595
GGGATATA,0.94857335,0.9485733723663052,6,72000,595
GGCATATC,0.9485527,0.9485527563600379,6,72000,595
GAGTGATA,0.9481817,0.9481816682472273,6,72000,595
ATGATAGG,0.9467076,0.9467076237991177,6,72000,595
ATAGTATC,0.946151,0.9461509916299015,6,72000,595
ATGGTATC,0.9456356,0.9456355914732198,6,72000,595
GTGATATT,0.94530576,0.9453057353729436,6,72000,595
CTGATATA,0.94520265,0.9452026553416072,6,72000,595
TACATATC,0.94469756,0.9446975631880592,6,72000,595
TGGGTATC,0.9444502,0.944450171112852,6,72000,595
ACGATATG,0.94313073,0.9431307467117469,6,72000,595
CCGATACC,0.9428421,0.9428421226240052,6,72000,595
ATCATATA,0.9412856,0.9412856141508267,6,72000,595
TCGATATA,0.94096607,0.940966066053684,6,72000,595
GATACTAC,0.9406156,0.9406155939471406,6,72000,595
GTAGTATC,0.9406156,0.9406155939471406,6,72000,595
GTGATCCG,0.94041973,0.9404197418876016,6,72000,595
CTGATACA,0.9403888,0.9403888178782007,6,72000,595
GGGATCAC,0.9401311,0.9401311177998598,6,72000,595
GTGATCCC,0.9401311,0.9401311177998598,6,72000,595
TCGATATC,0.94004864,0.9400486537747907,6,72000,595
GTGATCCT,0.9393477,0.9393477095617037,6,72000,595
ATGTGATA,0.9387086,0.9387086133674185,6,72000,595
AGTATATC,0.9377706,0.937770585082258,6,72000,595
GAGATATA,0.9376984,0.9376984290603225,6,72000,595
GGAGTATC,0.93565744,0.9356574444398631,6,72000,595
GTGATAGC,0.93396693,0.9339669319259473,6,72000,595
TTGATATA,0.933668,0.933667999835072,6,72000,595
ATAATACC,0.9329258,0.9329258236094504,6,72000,595
TATATATG,0.9319775,0.9319774873211562,6,72000,595
CATATATA,0.9319775,0.9319774873211562,6,72000,595
TAGATATA,0.93192595,0.931925947305488,6,72000,595
ATTATATC,0.9310807,0.9310806910485301,6,72000,595
ACGGTATC,0.93062717,0.9306271389106502,6,72000,595
AGTATATA,0.9302767,0.9302766668041067,6,72000,595
GGTATATA,0.9296994,0.9296994186286234,6,72000,595
CCTATATC,0.92959636,0.929596338597287,6,72000,595
GACATATC,0.9292562,0.9292561744938771,6,72000,595
GATGTATC,0.92898816,0.9289881664124026,6,72000,595
GATATCAC,0.9942172,0.9942172102420319,7,84000,694
GGTATCAC,0.993908,0.9939079701480229,7,84000,694
GATATCAA,0.99350595,0.9935059580258113,7,84000,694
GGTATCAA,0.99298024,0.992980249865996,7,84000,694
GATACCCC,0.99091864,0.9909186492392694,7,84000,694
GGTATCAT,0.989692,0.989691996866367,7,84000,694
GATGATAC,0.9861873,0.9861872758009319,7,84000,694
CATATCAT,0.9850946,0.9850946274687667,7,84000,694
CGTATCAT,0.9847338,0.9847338473590896,7,84000,694
GATATCCC,0.9840638,0.9840638271554035,7,84000,694
TATGATAC,0.98270315,0.982703170741764,7,84000,694
CGTATCAA,0.9825898,0.982589782707294,7,84000,694
GATATCGT,0.9820228,0.9820228425349441,7,84000,694
GATACCCT,0.98124975,0.9812497422999216,7,84000,694
AGTATCAT,0.98043543,0.9804354100523647,7,84000,694
GATACCTA,0.97972417,0.979724157836144,7,84000,694
GATATCAT,0.9794561,0.9794561497546695,7,84000,694
AGTATCAA,0.9781986,0.9781985733723663,7,84000,694
GATATCGC,0.9771575,0.9771574650558693,7,84000,694
TGTATCAT,0.97611636,0.9761163567393725,7,84000,694
GATATCCT,0.9755082,0.9755081845544881,7,84000,694
CGTATCAC,0.97516805,0.9751680204510782,7,84000,694
GATATCAG,0.9750546,0.9750546324166083,7,84000,694
GATATCCG,0.9737352,0.9737352080155032,7,84000,694
GATATCTT,0.9732095,0.9732094998556878,7,84000,694
GATATATA,0.9730446,0.9730445718055498,7,84000,694
TATATATC,0.9730446,0.9730445718055498,7,84000,694
GATATCTA,0.9729827,0.9729827237867481,7,84000,694
GATATATC,0.97251886,0.9725188636457345,7,84000,694
GCTATCAT,0.9723333,0.9723333195893292,7,84000,694
TGTATCAC,0.97146744,0.9714674473261039,7,84000,694
GATACCTT,0.9706634,0.9706634230816805,7,84000,694
CATATCAA,0.970045,0.9700449428936627,7,84000,694
GATATGAT,0.97002435,0.9700243268873954,7,84000,694
AGTATCAC,0.969478,0.9694780027213128,7,84000,694
GATATCTG,0.968272,0.9682719663546778,7,84000,694
GGTATATC,0.9673236,0.9673236300663836,7,84000,694
GATATACC,0.9673236,0.9673236300663836,7,84000,694
GATGATAT,0.967035,0.9670350059786418,7,84000,694
AGTATCAG,0.9653548,0.9653548014678596,7,84000,694
GATACCCG,0.96530324,0.9653032614521916,7,84000,694
GATATCTC,0.96503526,0.9650352533707169,7,84000,694
TATCACCC,0.9641694,0.9641693811074918,7,84000,694
TGTATCAA,0.9631695,0.9631695048035296,7,84000,694
GATATCCA,0.96232426,0.9623242485465716,7,84000,694
GGTATCTA,0.962149,0.9621490124932999,7,84000,694
TATATCAC,0.9619738,0.961973776440028,7,84000,694
GGTGTCAT,0.96127284,0.961272832226941,7,84000,694
CATATCAG,0.9595514,0.9595513957036242,7,84000,694
GATACCTG,0.9586752,0.9586752154372655,7,84000,694
GGTATCGT,0.95775783,0.9577578031583722,7,84000,694
CGGATCAT,0.9577166,0.9577165711458376,7,84000,694
CATATCAC,0.9574898,0.9574897950768977,7,84000,694
TATATCAT,0.9571909,0.9571908629860224,7,84000,694
TATACCCC,0.9564074,0.9564074547478661,7,84000,694
GGTGTCAA,0.9545623,0.9545623221869459,7,84000,694
GATACCTC,0.9544386,0.9544386261493425,7,84000,694
GGTATCGA,0.95415,0.9541500020616006,7,84000,694
GGTATCAG,0.9533975,0.9533975178328454,7,84000,694
GATATCGG,0.95283055,0.9528305776604957,7,84000,694
GATCCCCC,0.95283055,0.9528305776604957,7,84000,694
TATCACAC,0.9519956,0.9519956294066714,7,84000,694
GGGATCAT,0.9514184,0.9514183812311879,7,84000,694
GGTATCGC,0.9493362,0.9493361645981941,7,84000,694
TATATATA,0.9487692,0.9487692244258442,7,84000,694
TATATCCC,0.94857335,0.9485733723663052,7,84000,694
GATATGCC,0.9485527,0.9485527563600379,7,84000,694
CCTATCAT,0.9467076,0.9467076237991177,7,84000,694
GATACTAT,0.946151,0.9461509916299015,7,84000,694
GATACCAT,0.9456356,0.9456355914732198,7,84000,694
AATATCAC,0.94530576,0.9453057353729436,7,84000,694
TATATCAG,0.94520265,0.9452026553416072,7,84000,694
GATATGTA,0.94469756,0.9446975631880592,7,84000,694
CATATCGT,0.94313073,0.9431307467117469,7,84000,694
GGTATCGG,0.9428421,0.9428421226240052,7,84000,694
TATATGAT,0.9412856,0.9412856141508267,7,84000,694
TATATCGA,0.94096607,0.940966066053684,7,84000,694
GATACTAC,0.9406156,0.9406155939471406,7,84000,694
CGGATCAC,0.94041973,0.9404197418876016,7,84000,694
TGTATCAG,0.9403888,0.9403888178782007,7,84000,694
GTGATCCC,0.9401311,0.9401311177998598,7,84000,694
GGGATCAC,0.9401311,0.9401311177998598,7,84000,694
GATATCGA,0.94004864,0.9400486537747907,7,84000,694
AGGATCAC,0.9393477,0.9393477095617037,7,84000,694
GATATACT,0.9377706,0.937770585082258,7,84000,694
TATATCTC,0.9376984,0.9376984290603225,7,84000,694
TATCTCCC,0.93744075,0.9374407289819816,7,84000,694
GCTATCAC,0.93396693,0.9339669319259473,7,84000,694
TATATCAA,0.933668,0.933667999835072,7,84000,694
GGTATTAT,0.9329258,0.9329258236094504,7,84000,694
TATATATG,0.9319775,0.9319774873211562,7,84000,694
TATATCTA,0.93192595,0.931925947305488,7,84000,694
TAGATATA,0.93192595,0.931925947305488,7,84000,694
GATATAAT,0.9310807,0.9310806910485301,7,84000,694
GATACCGT,0.93062717,0.9306271389106502,7,84000,694
TATAGTAT,0.9304519,0.9304519028573784,7,84000,694
GATCATAT,0.930122,0.9301220467571023,7,84000,694
TATATACC,0.9296994,0.9296994186286234,7,84000,694
GATATAGG,0.92959636,0.929596338597287,7,84000,694
GTGATATC,0.9942172,0.9942172102420319,8,96000,793
GTGATACC,0.993908,0.9939079701480229,8,96000,793
TTGATATC,0.99350595,0.9935059580258113,8,96000,793
TTGATACC,0.99298024,0.992980249865996,8,96000,793
GGGGTATC,0.99091864,0.9909186492392694,8,96000,793
ATGATACC,0.989692,0.989691996866367,8,96000,793
ATGATATG,0.9850946,0.9850946274687667,8,96000,793
ATGATACG,0.9847338,0.9847338473590896,8,96000,793
GATATCCC,0.9840638,0.9840638271554035,8,96000,793
GGGATATC,0.9840638,0.9840638271554035,8,96000,793
GTATCATA,0.98270315,0.982703170741764,8,96000,793
TTGATACG,0.9825898,0.982589782707294,8,96000,793
ACGATATC,0.9820228,0.9820228425349441,8,96000,793
AGGGTATC,0.98124975,0.9812497422999216,8,96000,793
ATGATACT,0.98043543,0.9804354100523647,8,96000,793
TAGGTATC,0.97972417,0.979724157836144,8,96000,793
ATGATATC,0.9794561,0.9794561497546695,8,96000,793
GCGATATC,0.9771575,0.9771574650558693,8,96000,793
ATGATACA,0.97611636,0.9761163567393725,8,96000,793
AGGATATC,0.9755082,0.9755081845544881,8,96000,793
GTGATACG,0.97516805,0.9751680204510782,8,96000,793
CTGATATC,0.9750546,0.9750546324166083,8,96000,793
CGGATATC,0.9737352,0.9737352080155032,8,96000,793
AAGATATC,0.9732095,0.9732094998556878,8,96000,793
TATATATC,0.9730446,0.9730445718055498,8,96000,793
GATATATA,0.9730446,0.9730445718055498,8,96000,793
TAGATATC,0.9729827,0.9729827237867481,8,96000,793
GATATATC,0.97251886,0.9725188636457345,8,96000,793
ATGATAGC,0.9723333,0.9723333195893292,8,96000,793
GTGATACA,0.97146744,0.9714674473261039,8,96000,793
AAGGTATC,0.9706634,0.9706634230816805,8,96000,793
TTGATATG,0.970045,0.9700449428936627,8,96000,793
ATCATATC,0.97002435,0.9700243268873954,8,96000,793
GTGATACT,0.969478,0.9694780027213128,8,96000,793
CAGATATC,0.968272,0.9682719663546778,8,96000,793
GGTGTATC,0.9676947,0.9676947181791943,8,96000,793
GGTATATC,0.9673236,0.9673236300663836,8,96000,793
GATATACC,0.9673236,0.9673236300663836,8,96000,793
CGGGTATC,0.96530324,0.9653032614521916,8,96000,793
GATATCTC,0.96503526,0.9650352533707169,8,96000,793
GAGATATC,0.96503526,0.9650352533707169,8,96000,793
TTGATACA,0.9631695,0.9631695048035296,8,96000,793
TGGATATC,0.96232426,0.9623242485465716,8,96000,793
TAGATACC,0.962149,0.9621490124932999,8,96000,793
GTGATATA,0.9619738,0.961973776440028,8,96000,793
CTGATATG,0.9595514,0.9595513957036242,8,96000,793
CAGGTATC,0.9586752,0.9586752154372655,8,96000,793
ACGATACC,0.95775783,0.9577578031583722,8,96000,793
GTGATATG,0.9574898,0.9574897950768977,8,96000,793
ATGATATA,0.9571909,0.9571908629860224,8,96000,793
GGGGTATA,0.9564074,0.9564074547478661,8,96000,793
GAGGTATC,0.9544386,0.9544386261493425,8,96000,793
TCGATACC,0.95415,0.9541500020616006,8,96000,793
CTGATACC,0.9533975,0.9533975178328454,8,96000,793
CCGATATC,0.95283055,0.9528305776604957,8,96000,793
GGGGGATC,0.95283055,0.9528305776604957,8,96000,793
CCCATATC,0.9523461,0.9523461015132149,8,96000,793
ATGATCCC,0.9514184,0.9514183812311879,8,96000,793
GCGATACC,0.9493362,0.9493361645981941,8,96000,793
TATATATA,0.9487692,0.9487692244258442,8,96000,793
GGGATATA,0.94857335,0.9485733723663052,8,96000,793
GGCATATC,0.9485527,0.9485527563600379,8,96000,793
ATAGTATC,0.946151,0.9461509916299015,8,96000,793
ATGGTATC,0.9456356,0.9456355914732198,8,96000,793
GTGATATT,0.94530576,0.9453057353729436,8,96000,793
CTGATATA,0.94520265,0.9452026553416072,8,96000,793
TACATATC,0.94469756,0.9446975631880592,8,96000,793
TGGGTATC,0.9444502,0.944450171112852,8,96000,793
ACGATATG,0.94313073,0.9431307467117469,8,96000,793
CCGATACC,0.9428421,0.9428421226240052,8,96000,793
ATCATATA,0.9412856,0.9412856141508267,8,96000,793
TCGATATA,0.94096607,0.940966066053684,8,96000,793
GTAGTATC,0.9406156,0.9406155939471406,8,96000,793
CTGATACA,0.9403888,0.9403888178782007,8,96000,793
GGGATCAC,0.9401311,0.9401311177998598,8,96000,793
GTGATCCC,0.9401311,0.9401311177998598,8,96000,793
TCGATATC,0.94004864,0.9400486537747907,8,96000,793
ATGTGATA,0.9387086,0.9387086133674185,8,96000,793
AGTATATC,0.9377706,0.937770585082258,8,96000,793
TATATCTC,0.9376984,0.9376984290603225,8,96000,793
GAGATATA,0.9376984,0.9376984290603225,8,96000,793
GGGAGATA,0.93744075,0.9374407289819816,8,96000,793
ACCGTATC,0.935977,0.9359769925370057,8,96000,793
GTATCGTA,0.9355441,0.9355440564053932,8,96000,793
GTGATAGC,0.93396693,0.9339669319259473,8,96000,793
TTGATATA,0.933668,0.933667999835072,8,96000,793
ATAATACC,0.9329258,0.9329258236094504,8,96000,793
TAGATATA,0.93192595,0.931925947305488,8,96000,793
ATTATATC,0.9310807,0.9310806910485301,8,96000,793
ACGGTATC,0.93062717,0.9306271389106502,8,96000,793
AGTATATA,0.9302767,0.9302766668041067,8,96000,793
GGTATATA,0.9296994,0.9296994186286234,8,96000,793
CCTATATC,0.92959636,0.929596338597287,8,96000,793
ATCGTATC,0.9294726,0.9294726425596833,8,96000,793
GACATATC,0.9292562,0.9292561744938771,8,96000,793
GATGTATC,0.92898816,0.9289881664124026,8,96000,793
CTGATACG,0.92832845,0.9283284542118501,8,96000,793
GCGATATA,0.92818415,0.9281841421679792,8,96000,793
AAGATACC,0.92685443,0.9268544097637406,8,96000,793
GTGATATC,0.9942172,0.9942172102420319,9,108000,892
GTGATACC,0.993908,0.9939079701480229,9,108000,892
TTGATATC,0.99350595,0.9935059580258113,9,108000,892
TTGATACC,0.99298024,0.992980249865996,9,108000,892
GGGGTATC,0.99091864,0.9909186492392694,9,108000,892
ATGATACC,0.989692,0.989691996866367,9,108000,892
ATGATATG,0.9850946,0.9850946274687667,9,108000,892
ATGATACG,0.9847338,0.9847338473590896,9,108000,892
GGGATATC,0.9840638,0.9840638271554035,9,108000,892
TTGATACG,0.9825898,0.982589782707294,9,108000,892
ACGATATC,0.9820228,0.9820228425349441,9,108000,892
AGGGTATC,0.98124975,0.9812497422999216,9,108000,892
ATGATACT,0.98043543,0.9804354100523647,9,108000,892
TAGGTATC,0.97972417,0.979724157836144,9,108000,892
ATGATATC,0.9794561,0.9794561497546695,9,108000,892
TTGATACT,0.9781986,0.9781985733723663,9,108000,892
GCGATATC,0.9771575,0.9771574650558693,9,108000,892
ATGATACA,0.97611636,0.9761163567393725,9,108000,892
AGGATATC,0.9755082,0.9755081845544881,9,108000,892
GTGATACG,0.97516805,0.9751680204510782,9,108000,892
CTGATATC,0.9750546,0.9750546324166083,9,108000,892
CGGATATC,0.9737352,0.9737352080155032,9,108000,892
AAGATATC,0.9732095,0.9732094998556878,9,108000,892
GATATCTT,0.9732095,0.9732094998556878,9,108000,892
GATATATA,0.9730446,0.9730445718055498,9,108000,892
TATATATC,0.9730446,0.9730445718055498,9,108000,892
TAGATATC,0.9729827,0.9729827237867481,9,108000,892
GATATCTA,0.9729827,0.9729827237867481,9,108000,892
GATATATC,0.97251886,0.9725188636457345,9,108000,892
ATGATAGC,0.9723333,0.9723333195893292,9,108000,892
GTGATACA,0.97146744,0.9714674473261039,9,108000,892
AAGGTATC,0.9706634,0.9706634230816805,9,108000,892
TTGATATG,0.970045,0.9700449428936627,9,108000,892
ATCATATC,0.97002435,0.9700243268873954,9,108000,892
GTGATACT,0.969478,0.9694780027213128,9,108000,892
CAGATATC,0.968272,0.9682719663546778,9,108000,892
GGTGTATC,0.9676947,0.9676947181791943,9,108000,892
GGTATATC,0.9673236,0.9673236300663836,9,108000,892
GATATACC,0.9673236,0.9673236300663836,9,108000,892
CTGATACT,0.9653548,0.9653548014678596,9,108000,892
CGGGTATC,0.96530324,0.9653032614521916,9,108000,892
GATATCTC,0.96503526,0.9650352533707169,9,108000,892
GAGATATC,0.96503526,0.9650352533707169,9,108000,892
TTGATACA,0.9631695,0.9631695048035296,9,108000,892
TGGATATC,0.96232426,0.9623242485465716,9,108000,892
TAGATACC,0.962149,0.9621490124932999,9,108000,892
GTGATATA,0.9619738,0.961973776440028,9,108000,892
CTGATATG,0.9595514,0.9595513957036242,9,108000,892
CAGGTATC,0.9586752,0.9586752154372655,9,108000,892
ACGATACC,0.95775783,0.9577578031583722,9,108000,892
GTGATATG,0.9574898,0.9574897950768977,9,108000,892
ATGATATA,0.9571909,0.9571908629860224,9,108000,892
TTGACACC,0.9545623,0.9545623221869459,9,108000,892
GAGGTATC,0.9544386,0.9544386261493425,9,108000,892
TCGATACC,0.95415,0.9541500020616006,9,108000,892
CTGATACC,0.9533975,0.9533975178328454,9,108000,892
CCGATATC,0.95283055,0.9528305776604957,9,108000,892
AAAGTATC,0.9525935,0.952593493588422,9,108000,892
GATACATA,0.95255226,0.9525522615758876,9,108000,892
CCCATATC,0.9523461,0.9523461015132149,9,108000,892
GTGTGATA,0.9519956,0.9519956294066714,9,108000,892
GGGATCAT,0.9514184,0.9514183812311879,9,108000,892
ATGATCCC,0.9514184,0.9514183812311879,9,108000,892
GCGATACC,0.9493362,0.9493361645981941,9,108000,892
TATATATA,0.9487692,0.9487692244258442,9,108000,892
GGGATATA,0.94857335,0.9485733723663052,9,108000,892
GGCATATC,0.9485527,0.9485527563600379,9,108000,892
AGTGTATC,0.9470581,0.9470580959056611,9,108000,892
ATGGTATC,0.9456356,0.9456355914732198,9,108000,892
GTGATATT,0.94530576,0.9453057353729436,9,108000,892
CTGATATA,0.94520265,0.9452026553416072,9,108000,892
TACATATC,0.94469756,0.9446975631880592,9,108000,892
TGGGTATC,0.9444502,0.944450171112852,9,108000,892
ACGATATG,0.94313073,0.9431307467117469,9,108000,892
ATCATATA,0.9412856,0.9412856141508267,9,108000,892
TCGATATA,0.94096607,0.940966066053684,9,108000,892
GTAGTATC,0.9406156,0.9406155939471406,9,108000,892
CTGATACA,0.9403888,0.9403888178782007,9,108000,892
GTGATCCC,0.9401311,0.9401311177998598,9,108000,892
TCGATATC,0.94004864,0.9400486537747907,9,108000,892
AGTATATC,0.9377706,0.937770585082258,9,108000,892
TATATCTC,0.9376984,0.9376984290603225,9,108000,892
GAGATATA,0.9376984,0.9376984290603225,9,108000,892
GGGAGATA,0.93744075,0.9374407289819816,9,108000,892
GGAGTATC,0.93565744,0.9356574444398631,9,108000,892
GTGATAGC,0.93396693,0.9339669319259473,9,108000,892
TTGATATA,0.933668,0.933667999835072,9,108000,892
ATAATACC,0.9329258,0.9329258236094504,9,108000,892
CATATATA,0.9319775,0.9319774873211562,9,108000,892
TAGATATA,0.93192595,0.931925947305488,9,108000,892
ATTATATC,0.9310807,0.9310806910485301,9,108000,892
ACGGTATC,0.93062717,0.9306271389106502,9,108000,892
ATACTATA,0.9304519,0.9304519028573784,9,108000,892
AGTATATA,0.9302767,0.9302766668041067,9,108000,892
GGTATATA,0.9296994,0.9296994186286234,9,108000,892
CCTATATC,0.92959636,0.929596338597287,9,108000,892
ATCGTATC,0.9294726,0.9294726425596833,9,108000,892
GACATATC,0.9292562,0.9292561744938771,9,108000,892
GATACATC,0.92898816,0.9289881664124026,9,108000,892
GTGATATC,0.9942172,0.9942172102420319,10,120000,991
GTGATACC,0.993908,0.9939079701480229,10,120000,991
TTGATATC,0.99350595,0.9935059580258113,10,120000,991
TTGATACC,0.99298024,0.992980249865996,10,120000,991
GGGGTATC,0.99091864,0.9909186492392694,10,120000,991
ATGATACC,0.989692,0.989691996866367,10,120000,991
ATGATATG,0.9850946,0.9850946274687667,10,120000,991
ATGATACG,0.9847338,0.9847338473590896,10,120000,991
GGGATATC,0.9840638,0.9840638271554035,10,120000,991
TTGATACG,0.9825898,0.982589782707294,10,120000,991
ACGATATC,0.9820228,0.9820228425349441,10,120000,991
AGGGTATC,0.98124975,0.9812497422999216,10,120000,991
ATGATACT,0.98043543,0.9804354100523647,10,120000,991
TAGGTATC,0.97972417,0.979724157836144,10,120000,991
ATGATATC,0.9794561,0.9794561497546695,10,120000,991
GCGATATC,0.9771575,0.9771574650558693,10,120000,991
ATGATACA,0.97611636,0.9761163567393725,10,120000,991
AGGATATC,0.9755082,0.9755081845544881,10,120000,991
GTGATACG,0.97516805,0.9751680204510782,10,120000,991
CTGATATC,0.9750546,0.9750546324166083,10,120000,991
CGGATATC,0.9737352,0.9737352080155032,10,120000,991
AAGATATC,0.9732095,0.9732094998556878,10,120000,991
GATATATA,0.9730446,0.9730445718055498,10,120000,991
TAGATATC,0.9729827,0.9729827237867481,10,120000,991
GATATATC,0.97251886,0.9725188636457345,10,120000,991
ATGATAGC,0.9723333,0.9723333195893292,10,120000,991
GTGATACA,0.97146744,0.9714674473261039,10,120000,991
AAGGTATC,0.9706634,0.9706634230816805,10,120000,991
TTGATATG,0.970045,0.9700449428936627,10,120000,991
ATCATATC,0.97002435,0.9700243268873954,10,120000,991
GTGATACT,0.969478,0.9694780027213128,10,120000,991
CAGATATC,0.968272,0.9682719663546778,10,120000,991
GGTGTATC,0.9676947,0.9676947181791943,10,120000,991
GGTATATC,0.9673236,0.9673236300663836,10,120000,991
CTGATACT,0.9653548,0.9653548014678596,10,120000,991
CGGGTATC,0.96530324,0.9653032614521916,10,120000,991
GAGATATC,0.96503526,0.9650352533707169,10,120000,991
TTGATACA,0.9631695,0.9631695048035296,10,120000,991
TGGATATC,0.96232426,0.9623242485465716,10,120000,991
TAGATACC,0.962149,0.9621490124932999,10,120000,991
GTGATATA,0.9619738,0.961973776440028,10,120000,991
ATGACACC,0.96127284,0.961272832226941,10,120000,991
CTGATATG,0.9595514,0.9595513957036242,10,120000,991
CAGGTATC,0.9586752,0.9586752154372655,10,120000,991
ACGATACC,0.95775783,0.9577578031583722,10,120000,991
GTGATATG,0.9574898,0.9574897950768977,10,120000,991
ATGATATA,0.9571909,0.9571908629860224,10,120000,991
GGGGTATA,0.9564074,0.9564074547478661,10,120000,991
GAGGTATC,0.9544386,0.9544386261493425,10,120000,991
TCGATACC,0.95415,0.9541500020616006,10,120000,991
CTGATACC,0.9533975,0.9533975178328454,10,120000,991
CCGATATC,0.95283055,0.9528305776604957,10,120000,991
GGGGGATC,0.95283055,0.9528305776604957,10,120000,991
CCCATATC,0.9523461,0.9523461015132149,10,120000,991
GCGATACC,0.9493362,0.9493361645981941,10,120000,991
TATATATA,0.9487692,0.9487692244258442,10,120000,991
GGGATATA,0.94857335,0.9485733723663052,10,120000,991
GGCATATC,0.9485527,0.9485527563600379,10,120000,991
ATAGTATC,0.946151,0.9461509916299015,10,120000,991
ATGGTATC,0.9456356,0.9456355914732198,10,120000,991
GTGATATT,0.94530576,0.9453057353729436,10,120000,991
CTGATATA,0.94520265,0.9452026553416072,10,120000,991
TACATATC,0.94469756,0.9446975631880592,10,120000,991
GATATGTA,0.94469756,0.9446975631880592,10,120000,991
TGGGTATC,0.9444502,0.944450171112852,10,120000,991
ACGATATG,0.94313073,0.9431307467117469,10,120000,991
CCGATACC,0.9428421,0.9428421226240052,10,120000,991
ATCATATA,0.9412856,0.9412856141508267,10,120000,991
TCGATATA,0.94096607,0.940966066053684,10,120000,991
GTAGTATC,0.9406156,0.9406155939471406,10,120000,991
CTGATACA,0.9403888,0.9403888178782007,10,120000,991
TCGATATC,0.94004864,0.9400486537747907,10,120000,991
GTGATCCT,0.9393477,0.9393477095617037,10,120000,991
TTGATCCT,0.93816227,0.9381622892013359,10,120000,991
AGTATATC,0.9377706,0.937770585082258,10,120000,991
GAGATATA,0.9376984,0.9376984290603225,10,120000,991
GGGAGATA,0.93744075,0.9374407289819816,10,120000,991
GGAGTATC,0.93565744,0.9356574444398631,10,120000,991
GTGATAGC,0.93396693,0.9339669319259473,10,120000,991
TTGATATA,0.933668,0.933667999835072,10,120000,991
CATATATA,0.9319775,0.9319774873211562,10,120000,991
TAGATATA,0.93192595,0.931925947305488,10,120000,991
ATTATATC,0.9310807,0.9310806910485301,10,120000,991
ACGGTATC,0.93062717,0.9306271389106502,10,120000,991
TATATACC,0.9296994,0.9296994186286234,10,120000,991
GGTATATA,0.9296994,0.9296994186286234,10,120000,991
GATATAGG,0.92959636,0.929596338597287,10,120000,991
CCTATATC,0.92959636,0.929596338597287,10,120000,991
ATCGTATC,0.9294726,0.9294726425596833,10,120000,991
GACATATC,0.9292562,0.9292561744938771,10,120000,991
GATGTATC,0.92898816,0.9289881664124026,10,120000,991
CTGATACG,0.92832845,0.9283284542118501,10,120000,991
GCGATATA,0.92818415,0.9281841421679792,10,120000,991
AAGATACC,0.92685443,0.9268544097637406,10,120000,991
GAAGTATC,0.9264318,0.9264317816352615,10,120000,991
TTGATAGC,0.92576176,0.9257617614315755,10,120000,991
CATATATC,0.9251948,0.9251948212592257,10,120000,991
GATATATG,0.9251948,0.9251948212592257,10,120000,991
GCGATACT,0.9248959,0.9248958891683503,10,120000,991
